-- phpMyAdmin SQL Dump
-- version 4.5.1
-- http://www.phpmyadmin.net
--
-- Host: 127.0.0.1
-- Generation Time: May 11, 2016 at 10:39 AM
-- Server version: 10.1.13-MariaDB
-- PHP Version: 5.6.20

SET SQL_MODE = "NO_AUTO_VALUE_ON_ZERO";
SET time_zone = "+00:00";


/*!40101 SET @OLD_CHARACTER_SET_CLIENT=@@CHARACTER_SET_CLIENT */;
/*!40101 SET @OLD_CHARACTER_SET_RESULTS=@@CHARACTER_SET_RESULTS */;
/*!40101 SET @OLD_COLLATION_CONNECTION=@@COLLATION_CONNECTION */;
/*!40101 SET NAMES utf8mb4 */;

--
-- Database: `bites_up_db`
--

-- --------------------------------------------------------

--
-- Table structure for table `about_us`
--

CREATE TABLE `about_us` (
  `id` int(11) NOT NULL,
  `description` text CHARACTER SET latin1 NOT NULL
) ENGINE=InnoDB DEFAULT CHARSET=utf8;

--
-- Dumping data for table `about_us`
--

INSERT INTO `about_us` (`id`, `description`) VALUES
(1, 'It is a long established fact that a reader will be distracted by the readable content of a page when looking at its layout. The point of using Lorem Ipsum is that it has a more-or-less normal distribution of letters, as opposed to using ''Content here, content here'', making it look like readable English. Many desktop publishing packages and web page editors now use Lorem Ipsum as their default model text, and a search for ''lorem ipsum'' will uncover many web sites still in their infancy. Various versions have evolved over the years, sometimes by accident, sometimes on purpose (injected humour and the like).');

-- --------------------------------------------------------

--
-- Table structure for table `admin_flag_reports`
--

CREATE TABLE `admin_flag_reports` (
  `id` int(11) NOT NULL,
  `flag_id` int(11) NOT NULL,
  `comment` text CHARACTER SET latin1 NOT NULL,
  `flag_status` int(1) NOT NULL COMMENT '0=unflag,1=flag',
  `datetime` datetime NOT NULL
) ENGINE=InnoDB DEFAULT CHARSET=utf8;

-- --------------------------------------------------------

--
-- Table structure for table `cities`
--

CREATE TABLE `cities` (
  `city_id` int(11) NOT NULL,
  `city_name` varchar(255) NOT NULL,
  `country_id` int(11) NOT NULL
) ENGINE=InnoDB DEFAULT CHARSET=latin1;

--
-- Dumping data for table `cities`
--

INSERT INTO `cities` (`city_id`, `city_name`, `country_id`) VALUES
(1, 'Abdullah Al-Salem', 116),
(2, 'Adailiya', 116),
(3, 'Bnaid Al-Qar', 116),
(4, 'Daiya', 116),
(5, 'Dasma', 116),
(6, 'Dasman', 116),
(7, 'Jaber Al Ahmed', 116),
(8, 'Kuwait City', 116);

-- --------------------------------------------------------

--
-- Table structure for table `cuisine_type`
--

CREATE TABLE `cuisine_type` (
  `id` int(11) NOT NULL,
  `name` varchar(255) CHARACTER SET latin1 NOT NULL
) ENGINE=InnoDB DEFAULT CHARSET=utf8;

--
-- Dumping data for table `cuisine_type`
--

INSERT INTO `cuisine_type` (`id`, `name`) VALUES
(1, 'Fast Food'),
(2, 'Chineese');

-- --------------------------------------------------------

--
-- Table structure for table `faqs`
--

CREATE TABLE `faqs` (
  `id` int(11) NOT NULL,
  `question` text CHARACTER SET latin1 NOT NULL,
  `answer` text CHARACTER SET latin1 NOT NULL
) ENGINE=InnoDB DEFAULT CHARSET=utf8;

--
-- Dumping data for table `faqs`
--

INSERT INTO `faqs` (`id`, `question`, `answer`) VALUES
(1, 'Lorem ipsum dolor sit amet, consectetur adipiscing elit. Donec vel viverra tellus, at porttitor turpis. Vivamus ultricies orci quam, vitae pharetra lectus scelerisque nec. ', 'Vivamus ut turpis risus. Vestibulum gravida dictum sem a rutrum. Fusce tincidunt rhoncus nulla vel rutrum. Nunc vel luctus dui. Phasellus egestas interdum lacinia. Class aptent taciti sociosqu ad litora torquent per conubia nostra, per inceptos himenaeos. Nam ut commodo nulla, eu vulputate tellus. '),
(2, 'Morbi vehicula mauris vel bibendum molestie. Ut varius purus in odio elementum ', 'Sed placerat porta pretium. Sed in mauris at quam egestas vehicula. Cum sociis natoque penatibus et magnis dis parturient montes, nascetur ridiculus mus. Aliquam ac eleifend sapien. Quisque tempus dictum urna, in finibus erat luctus sed.'),
(3, 'Donec condimentum neque est, quis finibus velit laoreet vel. ', 'Cum sociis natoque penatibus et magnis dis parturient montes, nascetur ridiculus mus. Integer molestie viverra neque sit amet posuere. Nullam eget ultricies mi. Proin pulvinar quam porttitor consequat pulvinar. Etiam non neque et quam euismod cursus. Praesent eu sem interdum, pharetra metus sed, sollicitudin sem. Curabitur tincidunt dolor quis dolor iaculis, ut maximus ante fermentum '),
(4, 'Suspendisse et enim semper, porta nunc ut, ullamcorper magna. Duis ut metus eu neque sollicitudin cursus non quis leo. Cras quis dignissim magna ', 'Vivamus ut turpis risus. Vestibulum gravida dictum sem a rutrum. Fusce tincidunt rhoncus nulla vel rutrum. Nunc vel luctus dui. Phasellus egestas interdum lacinia. ');

-- --------------------------------------------------------

--
-- Table structure for table `feedback`
--

CREATE TABLE `feedback` (
  `id` int(11) NOT NULL,
  `user_id` int(11) UNSIGNED NOT NULL,
  `subject` varchar(255) CHARACTER SET latin1 NOT NULL,
  `detail` text CHARACTER SET latin1 NOT NULL,
  `datetime_added` datetime NOT NULL
) ENGINE=InnoDB DEFAULT CHARSET=utf8;

-- --------------------------------------------------------

--
-- Table structure for table `feeds`
--

CREATE TABLE `feeds` (
  `id` int(11) NOT NULL,
  `item` varchar(20) CHARACTER SET latin1 NOT NULL COMMENT 'G:google, B:bitesup',
  `title` varchar(100) CHARACTER SET latin1 NOT NULL COMMENT 'item name',
  `desc` text CHARACTER SET latin1 NOT NULL,
  `latitude` float(10,6) DEFAULT NULL,
  `longitude` float(10,6) DEFAULT NULL,
  `location` varchar(255) CHARACTER SET latin1 DEFAULT NULL,
  `datetime` datetime NOT NULL,
  `branch_id` int(20) NOT NULL,
  `feed_location_id` int(11) DEFAULT NULL,
  `share_counter` int(11) DEFAULT NULL,
  `restaurant_id` int(11) NOT NULL,
  `user_id` int(11) UNSIGNED NOT NULL,
  `flag_status` int(1) NOT NULL DEFAULT '0' COMMENT '0=unflag,1=flagged'
) ENGINE=InnoDB DEFAULT CHARSET=utf8;

--
-- Dumping data for table `feeds`
--

INSERT INTO `feeds` (`id`, `item`, `title`, `desc`, `latitude`, `longitude`, `location`, `datetime`, `branch_id`, `feed_location_id`, `share_counter`, `restaurant_id`, `user_id`, `flag_status`) VALUES
(33, '', 'Pizza', 'hello #pizza', NULL, NULL, 'null - null', '2016-01-24 06:21:18', 0, 0, 0, 3, 21, 0),
(34, '', 'karahi', 'yummy', NULL, NULL, 'null - null', '2016-01-28 03:31:53', 0, 0, 0, 4, 21, 1),
(39, 'b', 'Pizza', '#eating pizza', 0.000000, 0.000000, NULL, '2016-04-07 07:57:30', 0, NULL, NULL, 2, 21, 0),
(40, 'B', 'Chikken Tikka', 'yumm #tikka', 31.471292, 74.390114, NULL, '2016-04-07 08:12:00', 0, NULL, NULL, 2, 21, 0);

-- --------------------------------------------------------

--
-- Table structure for table `feed_comments`
--

CREATE TABLE `feed_comments` (
  `id` int(11) NOT NULL,
  `user_id` int(11) UNSIGNED NOT NULL,
  `feed_id` int(11) NOT NULL,
  `comment` text CHARACTER SET latin1 NOT NULL,
  `date` datetime NOT NULL,
  `flag_status` int(1) NOT NULL DEFAULT '0' COMMENT '0=unflag,1=flagged'
) ENGINE=InnoDB DEFAULT CHARSET=utf8;

--
-- Dumping data for table `feed_comments`
--

INSERT INTO `feed_comments` (`id`, `user_id`, `feed_id`, `comment`, `date`, `flag_status`) VALUES
(1, 21, 33, 'This is a test feed comment blabla blalallallalalala', '2016-01-27 13:46:15', 0),
(3, 21, 33, 'this is my first comment', '2016-01-27 03:43:15', 0),
(6, 21, 33, 'hello this is my comment', '2016-01-27 08:22:03', 0),
(8, 25, 33, 'hmm.. yummy pizza. ', '2016-01-27 08:48:19', 1),
(12, 21, 33, 'hello yumm pizza', '2016-01-27 09:40:07', 0),
(15, 21, 34, 'hello', '2016-01-28 10:31:41', 0);

-- --------------------------------------------------------

--
-- Table structure for table `feed_comments_details`
--

CREATE TABLE `feed_comments_details` (
  `id` int(11) NOT NULL,
  `comment_id` int(11) NOT NULL,
  `user_id` int(11) UNSIGNED NOT NULL,
  `like` int(1) NOT NULL
) ENGINE=InnoDB DEFAULT CHARSET=utf8;

--
-- Dumping data for table `feed_comments_details`
--

INSERT INTO `feed_comments_details` (`id`, `comment_id`, `user_id`, `like`) VALUES
(1, 1, 21, 1),
(3, 6, 21, 1),
(5, 15, 21, 1);

-- --------------------------------------------------------

--
-- Table structure for table `feed_details`
--

CREATE TABLE `feed_details` (
  `id` int(11) NOT NULL,
  `feed_id` int(11) NOT NULL,
  `user_id` int(11) UNSIGNED NOT NULL,
  `like` int(11) NOT NULL,
  `tried` int(11) NOT NULL,
  `wish` int(11) NOT NULL,
  `like_date` timestamp NULL DEFAULT NULL,
  `tried_date` timestamp NULL DEFAULT NULL
) ENGINE=InnoDB DEFAULT CHARSET=utf8;

--
-- Dumping data for table `feed_details`
--

INSERT INTO `feed_details` (`id`, `feed_id`, `user_id`, `like`, `tried`, `wish`, `like_date`, `tried_date`) VALUES
(1, 33, 1, 1, 2, 3, '2016-04-22 00:02:37', '2016-04-22 00:02:46'),
(2, 33, 25, 0, 1, 0, '2016-04-20 00:02:39', '2016-04-14 00:02:47'),
(9, 34, 1, 0, 2, 3, '2016-04-16 00:02:40', '2016-04-21 00:02:49'),
(12, 40, 1, 1, 2, 3, NULL, NULL);

-- --------------------------------------------------------

--
-- Table structure for table `feed_images`
--

CREATE TABLE `feed_images` (
  `id` int(11) NOT NULL,
  `feed_id` int(11) NOT NULL,
  `image_url` varchar(255) CHARACTER SET latin1 NOT NULL,
  `image_desc` varchar(255) CHARACTER SET latin1 NOT NULL
) ENGINE=InnoDB DEFAULT CHARSET=utf8;

--
-- Dumping data for table `feed_images`
--

INSERT INTO `feed_images` (`id`, `feed_id`, `image_url`, `image_desc`) VALUES
(27, 33, 'http://dev.noriyah.com/HungryBuddies/api/uploads/feed_images/rmduCZJ4.jpeg', ''),
(28, 34, 'http://dev.noriyah.com/HungryBuddies/api/uploads/feed_images/x6dwciHL.jpeg', ''),
(31, 39, 'http://www.bitesup.com/bitesup_api/uploads/feed_images/RoaKkpw6.jpeg', ''),
(32, 40, 'http://www.bitesup.com/bitesup_api/uploads/feed_images/xCCmqXBt.jpeg', ''),
(33, 40, 'http://www.bitesup.com/bitesup_api/uploads/feed_images/sJw78FLa.jpeg', '');

-- --------------------------------------------------------

--
-- Table structure for table `feed_tags`
--

CREATE TABLE `feed_tags` (
  `id` int(11) NOT NULL,
  `feed_id` int(11) NOT NULL,
  `tag` varchar(100) CHARACTER SET latin1 NOT NULL,
  `restaurant_id` int(11) UNSIGNED NOT NULL
) ENGINE=InnoDB DEFAULT CHARSET=utf8;

--
-- Dumping data for table `feed_tags`
--

INSERT INTO `feed_tags` (`id`, `feed_id`, `tag`, `restaurant_id`) VALUES
(24, 33, '#pizza', 3),
(28, 39, '#eating', 3),
(29, 40, '#tikka', 3);

-- --------------------------------------------------------

--
-- Table structure for table `flag_reports`
--

CREATE TABLE `flag_reports` (
  `id` int(11) NOT NULL,
  `flag_type_id` int(11) NOT NULL,
  `type` int(1) NOT NULL COMMENT '1= feed_id, 2=feed_comment_id, 3=restaurant_comment_id',
  `content_id` int(11) NOT NULL,
  `user_id` int(11) UNSIGNED NOT NULL,
  `seen` int(1) NOT NULL DEFAULT '0' COMMENT '0=unseen,1=seen',
  `flag_status` int(1) NOT NULL DEFAULT '0' COMMENT '0=unflag,1=flagged'
) ENGINE=InnoDB DEFAULT CHARSET=utf8;

--
-- Dumping data for table `flag_reports`
--

INSERT INTO `flag_reports` (`id`, `flag_type_id`, `type`, `content_id`, `user_id`, `seen`, `flag_status`) VALUES
(1, 3, 1, 34, 21, 1, 1),
(2, 2, 2, 8, 21, 1, 1),
(3, 4, 3, 7, 21, 1, 1),
(4, 2, 1, 36, 21, 0, 0),
(5, 2, 3, 9, 21, 0, 0),
(6, 3, 3, 12, 21, 0, 0),
(7, 2, 1, 41, 21, 0, 0);

-- --------------------------------------------------------

--
-- Table structure for table `flag_type`
--

CREATE TABLE `flag_type` (
  `id` int(11) NOT NULL,
  `name` varchar(255) CHARACTER SET latin1 NOT NULL
) ENGINE=InnoDB DEFAULT CHARSET=utf8;

--
-- Dumping data for table `flag_type`
--

INSERT INTO `flag_type` (`id`, `name`) VALUES
(1, 'Inappropriate'),
(2, 'Annoying'),
(3, 'Spam'),
(4, 'Not Interesting');

-- --------------------------------------------------------

--
-- Table structure for table `groups`
--

CREATE TABLE `groups` (
  `id` mediumint(8) UNSIGNED NOT NULL,
  `name` varchar(20) NOT NULL,
  `description` varchar(100) NOT NULL
) ENGINE=InnoDB DEFAULT CHARSET=utf8;

--
-- Dumping data for table `groups`
--

INSERT INTO `groups` (`id`, `name`, `description`) VALUES
(1, 'admin', 'Administrator'),
(2, 'members', 'General User'),
(3, 'restaurant_admin', 'Restaurant Admin User');

-- --------------------------------------------------------

--
-- Table structure for table `hb_countries`
--

CREATE TABLE `hb_countries` (
  `country_id` int(11) NOT NULL,
  `country_code` varchar(50) CHARACTER SET latin1 NOT NULL,
  `country_name` varchar(100) CHARACTER SET latin1 NOT NULL
) ENGINE=InnoDB DEFAULT CHARSET=utf8;

--
-- Dumping data for table `hb_countries`
--

INSERT INTO `hb_countries` (`country_id`, `country_code`, `country_name`) VALUES
(1, 'pk', 'Pakistan'),
(2, 'ca', 'Canada'),
(3, 'af', 'Afghanistan'),
(4, 'al', 'Albania'),
(5, 'dz', 'Algeria'),
(6, 'cn', 'China'),
(7, 'ad', 'Andorra'),
(8, 'ao', 'Angola'),
(9, 'ai', 'Anguilla'),
(10, 'aq', 'Antarctica'),
(11, 'ag', 'Antigua and/or Barbuda'),
(12, 'ar', 'Argentina'),
(13, 'am', 'Armenia'),
(14, 'aw', 'Aruba'),
(15, 'au', 'Australia'),
(16, 'at', 'Austria'),
(17, 'az', 'Azerbaijan'),
(18, 'bs', 'Bahamas'),
(19, 'bh', 'Bahrain'),
(20, 'bd', 'Bangladesh'),
(21, 'bb', 'Barbados'),
(22, 'by', 'Belarus'),
(23, 'be', 'Belgium'),
(24, 'bz', 'Belize'),
(25, 'bj', 'Benin'),
(26, 'bm', 'Bermuda'),
(27, 'bt', 'Bhutan'),
(28, 'bo', 'Bolivia'),
(29, 'ba', 'Bosnia and Herzegovina'),
(30, 'bw', 'Botswana'),
(31, 'bv', 'Bouvet Island'),
(32, 'br', 'Brazil'),
(33, 'io', 'British lndian Ocean Territory'),
(34, 'bn', 'Brunei Darussalam'),
(35, 'bg', 'Bulgaria'),
(36, 'bf', 'Burkina Faso'),
(37, 'bi', 'Burundi'),
(38, 'kh', 'Cambodia'),
(39, 'cm', 'Cameroon'),
(40, 'cv', 'Cape Verde'),
(41, 'ky', 'Cayman Islands'),
(42, 'cf', 'Central African Republic'),
(43, 'td', 'Chad'),
(44, 'cl', 'Chile'),
(45, 'us', 'United States'),
(46, 'cx', 'Christmas Island'),
(47, 'cc', 'Cocos (Keeling) Islands'),
(48, 'co', 'Colombia'),
(49, 'km', 'Comoros'),
(50, 'cg', 'Congo'),
(51, 'ck', 'Cook Islands'),
(52, 'cr', 'Costa Rica'),
(53, 'hr', 'Croatia (Hrvatska)'),
(54, 'cu', 'Cuba'),
(55, 'cy', 'Cyprus'),
(56, 'cz', 'Czech Republic'),
(57, 'dk', 'Denmark'),
(58, 'dj', 'Djibouti'),
(59, 'dm', 'Dominica'),
(60, 'do', 'Dominican Republic'),
(61, 'tp', 'East Timor'),
(62, 'ec', 'Ecuador'),
(63, 'eg', 'Egypt'),
(64, 'sv', 'El Salvador'),
(65, 'gq', 'Equatorial Guinea'),
(66, 'er', 'Eritrea'),
(67, 'ee', 'Estonia'),
(68, 'et', 'Ethiopia'),
(69, 'fk', 'Falkland Islands (Malvinas)'),
(70, 'fo', 'Faroe Islands'),
(71, 'fj', 'Fiji'),
(72, 'fi', 'Finland'),
(73, 'fr', 'France'),
(74, 'fx', 'France, Metropolitan'),
(75, 'gf', 'French Guiana'),
(76, 'pf', 'French Polynesia'),
(77, 'tf', 'French Southern Territories'),
(78, 'ga', 'Gabon'),
(79, 'gm', 'Gambia'),
(80, 'ge', 'Georgia'),
(81, 'de', 'Germany'),
(82, 'gh', 'Ghana'),
(83, 'gi', 'Gibraltar'),
(84, 'gr', 'Greece'),
(85, 'gl', 'Greenland'),
(86, 'gd', 'Grenada'),
(87, 'gp', 'Guadeloupe'),
(88, 'gu', 'Guam'),
(89, 'gt', 'Guatemala'),
(90, 'gn', 'Guinea'),
(91, 'gw', 'Guinea-Bissau'),
(92, 'gy', 'Guyana'),
(93, 'ht', 'Haiti'),
(94, 'hm', 'Heard and Mc Donald Islands'),
(95, 'hn', 'Honduras'),
(96, 'hk', 'Hong Kong'),
(97, 'hu', 'Hungary'),
(98, 'is', 'Iceland'),
(99, 'in', 'India'),
(100, 'id', 'Indonesia'),
(101, 'ir', 'Iran (Islamic Republic of)'),
(102, 'iq', 'Iraq'),
(103, 'ie', 'Ireland'),
(104, 'il', 'Israel'),
(105, 'it', 'Italy'),
(106, 'ci', 'Ivory Coast'),
(107, 'jm', 'Jamaica'),
(108, 'jp', 'Japan'),
(109, 'jo', 'Jordan'),
(110, 'kz', 'Kazakhstan'),
(111, 'ke', 'Kenya'),
(112, 'ki', 'Kiribati'),
(113, 'kp', 'Korea, Democratic People''s Republic of'),
(114, 'kr', 'Korea, Republic of'),
(115, 'xk', 'Kosovo'),
(116, 'kw', 'Kuwait'),
(117, 'kg', 'Kyrgyzstan'),
(118, 'la', 'Lao People''s Democratic Republic'),
(119, 'lv', 'Latvia'),
(120, 'lb', 'Lebanon'),
(121, 'ls', 'Lesotho'),
(122, 'lr', 'Liberia'),
(123, 'ly', 'Libyan Arab Jamahiriya'),
(124, 'li', 'Liechtenstein'),
(125, 'lt', 'Lithuania'),
(126, 'lu', 'Luxembourg'),
(127, 'mo', 'Macau'),
(128, 'mk', 'Macedonia'),
(129, 'mg', 'Madagascar'),
(130, 'mw', 'Malawi'),
(131, 'my', 'Malaysia'),
(132, 'mv', 'Maldives'),
(133, 'ml', 'Mali'),
(134, 'mt', 'Malta'),
(135, 'mh', 'Marshall Islands'),
(136, 'mq', 'Martinique'),
(137, 'mr', 'Mauritania'),
(138, 'mu', 'Mauritius'),
(139, 'ty', 'Mayotte'),
(140, 'mx', 'Mexico'),
(141, 'fm', 'Micronesia, Federated States of'),
(142, 'md', 'Moldova, Republic of'),
(143, 'mc', 'Monaco'),
(144, 'mn', 'Mongolia'),
(145, 'me', 'Montenegro'),
(146, 'ms', 'Montserrat'),
(147, 'ma', 'Morocco'),
(148, 'mz', 'Mozambique'),
(149, 'mm', 'Myanmar'),
(150, 'na', 'Namibia'),
(151, 'nr', 'Nauru'),
(152, 'np', 'Nepal'),
(153, 'nl', 'Netherlands'),
(154, 'an', 'Netherlands Antilles'),
(155, 'nc', 'New Caledonia'),
(156, 'nz', 'New Zealand'),
(157, 'ni', 'Nicaragua'),
(158, 'ne', 'Niger'),
(159, 'ng', 'Nigeria'),
(160, 'nu', 'Niue'),
(161, 'nf', 'Norfork Island'),
(162, 'mp', 'Northern Mariana Islands'),
(163, 'no', 'Norway'),
(164, 'om', 'Oman'),
(165, 'ds', 'American Samoa'),
(166, 'pw', 'Palau'),
(167, 'pa', 'Panama'),
(168, 'pg', 'Papua New Guinea'),
(169, 'py', 'Paraguay'),
(170, 'pe', 'Peru'),
(171, 'ph', 'Philippines'),
(172, 'pn', 'Pitcairn'),
(173, 'pl', 'Poland'),
(174, 'pt', 'Portugal'),
(175, 'pr', 'Puerto Rico'),
(176, 'qa', 'Qatar'),
(177, 're', 'Reunion'),
(178, 'ro', 'Romania'),
(179, 'ru', 'Russian Federation'),
(180, 'rw', 'Rwanda'),
(181, 'kn', 'Saint Kitts and Nevis'),
(182, 'lc', 'Saint Lucia'),
(183, 'vc', 'Saint Vincent and the Grenadines'),
(184, 'ws', 'Samoa'),
(185, 'sm', 'San Marino'),
(186, 'st', 'Sao Tome and Principe'),
(187, 'sa', 'Saudi Arabia'),
(188, 'sn', 'Senegal'),
(189, 'rs', 'Serbia'),
(190, 'sc', 'Seychelles'),
(191, 'sl', 'Sierra Leone'),
(192, 'sg', 'Singapore'),
(193, 'sk', 'Slovakia'),
(194, 'si', 'Slovenia'),
(195, 'sb', 'Solomon Islands'),
(196, 'so', 'Somalia'),
(197, 'za', 'South Africa'),
(198, 'gs', 'South Georgia South Sandwich Islands'),
(199, 'es', 'Spain'),
(200, 'lk', 'Sri Lanka'),
(201, 'sh', 'St. Helena'),
(202, 'pm', 'St. Pierre and Miquelon'),
(203, 'sd', 'Sudan'),
(204, 'sr', 'Suriname'),
(205, 'sj', 'Svalbarn and Jan Mayen Islands'),
(206, 'sz', 'Swaziland'),
(207, 'se', 'Sweden'),
(208, 'ch', 'Switzerland'),
(209, 'sy', 'Syrian Arab Republic'),
(210, 'tw', 'Taiwan'),
(211, 'tj', 'Tajikistan'),
(212, 'tz', 'Tanzania, United Republic of'),
(213, 'th', 'Thailand'),
(214, 'tg', 'Togo'),
(215, 'tk', 'Tokelau'),
(216, 'to', 'Tonga'),
(217, 'tt', 'Trinidad and Tobago'),
(218, 'tn', 'Tunisia'),
(219, 'tr', 'Turkey'),
(220, 'tm', 'Turkmenistan'),
(221, 'tc', 'Turks and Caicos Islands'),
(222, 'tv', 'Tuvalu'),
(223, 'ug', 'Uganda'),
(224, 'ua', 'Ukraine'),
(225, 'ae', 'United Arab Emirates'),
(226, 'gb', 'United Kingdom'),
(227, 'um', 'United States minor outlying islands'),
(228, 'uy', 'Uruguay'),
(229, 'uz', 'Uzbekistan'),
(230, 'vu', 'Vanuatu'),
(231, 'va', 'Vatican City State'),
(232, 've', 'Venezuela'),
(233, 'vn', 'Vietnam'),
(234, 'vg', 'Virgin Islands (British)'),
(235, 'vi', 'Virgin Islands (U.S.)'),
(236, 'wf', 'Wallis and Futuna Islands'),
(237, 'eh', 'Western Sahara'),
(238, 'ye', 'Yemen'),
(239, 'yu', 'Yugoslavia'),
(240, 'zr', 'Zaire'),
(241, 'zm', 'Zambia'),
(242, 'zw', 'Zimbabwe');

-- --------------------------------------------------------

--
-- Table structure for table `login_attempts`
--

CREATE TABLE `login_attempts` (
  `id` int(11) UNSIGNED NOT NULL,
  `ip_address` varchar(15) NOT NULL,
  `login` varchar(100) NOT NULL,
  `time` int(11) UNSIGNED DEFAULT NULL
) ENGINE=InnoDB DEFAULT CHARSET=utf8;

-- --------------------------------------------------------

--
-- Table structure for table `menu_access_rights`
--

CREATE TABLE `menu_access_rights` (
  `menu_id` int(50) NOT NULL,
  `menu_name` varchar(30) DEFAULT NULL
) ENGINE=InnoDB DEFAULT CHARSET=latin1;

--
-- Dumping data for table `menu_access_rights`
--

INSERT INTO `menu_access_rights` (`menu_id`, `menu_name`) VALUES
(1, 'dashboard_access'),
(2, 'restaurant_setting_access'),
(3, 'menu_access'),
(4, 'deactivate_access'),
(5, 'restaurant_access'),
(6, 'userManagent_access'),
(7, 'flag_Managemnet_access'),
(8, 'system_access'),
(9, 'promotional_banners');

-- --------------------------------------------------------

--
-- Table structure for table `mytable`
--

CREATE TABLE `mytable` (
  `id` mediumint(8) UNSIGNED NOT NULL,
  `user_id` mediumint(9) DEFAULT NULL,
  `feed_id` mediumint(9) DEFAULT NULL,
  `date_added` varchar(255) DEFAULT NULL
) ENGINE=InnoDB DEFAULT CHARSET=latin1;

--
-- Dumping data for table `mytable`
--

INSERT INTO `mytable` (`id`, `user_id`, `feed_id`, `date_added`) VALUES
(1, 23, 27, '2016-04-09 08:24:02'),
(2, 27, 19, '2015-08-01 07:40:46'),
(3, 21, 7, '2016-02-25 03:22:49'),
(4, 25, 32, '2015-06-25 13:35:26'),
(5, 26, 4, '2016-02-27 08:19:15'),
(6, 21, 29, '2015-12-01 21:47:22'),
(7, 27, 6, '2015-09-07 12:16:46'),
(8, 24, 6, '2016-04-04 22:04:37'),
(9, 30, 17, '2016-02-03 03:01:09'),
(10, 28, 14, '2015-10-31 02:35:13'),
(11, 29, 33, '2015-05-05 21:28:44'),
(12, 25, 22, '2015-04-22 00:18:09'),
(13, 28, 24, '2015-12-27 21:28:14'),
(14, 27, 5, '2015-08-25 03:33:47'),
(15, 24, 37, '2015-04-28 15:50:36'),
(16, 22, 24, '2015-09-08 00:09:16'),
(17, 25, 21, '2015-11-10 20:16:28'),
(18, 30, 40, '2015-06-07 12:01:33'),
(19, 21, 23, '2015-11-13 08:05:35'),
(20, 28, 23, '2015-06-14 11:03:35'),
(21, 27, 28, '2015-05-29 02:08:35'),
(22, 21, 29, '2015-04-22 11:09:47'),
(23, 29, 17, '2016-02-15 07:19:49'),
(24, 29, 2, '2015-09-12 03:51:12'),
(25, 21, 6, '2015-05-20 21:06:48'),
(26, 26, 7, '2016-03-17 10:00:59'),
(27, 24, 14, '2015-06-24 06:53:30'),
(28, 26, 24, '2015-12-09 23:51:21'),
(29, 27, 35, '2015-06-28 00:13:41'),
(30, 23, 32, '2015-07-09 12:49:30'),
(31, 25, 8, '2015-07-17 15:37:21'),
(32, 25, 9, '2016-03-09 11:02:34'),
(33, 28, 24, '2015-12-04 11:32:54'),
(34, 23, 17, '2016-03-09 07:46:29'),
(35, 21, 39, '2015-06-06 20:20:15'),
(36, 23, 40, '2016-04-13 03:46:01'),
(37, 28, 28, '2016-01-03 17:59:34'),
(38, 21, 28, '2016-03-20 00:41:31'),
(39, 29, 37, '2016-04-07 11:00:31'),
(40, 22, 22, '2016-04-01 09:50:55'),
(41, 30, 35, '2016-04-06 23:08:43'),
(42, 27, 25, '2015-07-11 22:27:11'),
(43, 27, 29, '2015-07-14 17:50:10'),
(44, 23, 18, '2015-12-15 15:13:09'),
(45, 30, 28, '2016-02-04 05:40:49'),
(46, 22, 32, '2016-04-11 06:20:00'),
(47, 30, 11, '2015-08-10 04:17:59'),
(48, 22, 29, '2015-05-26 13:21:09'),
(49, 21, 33, '2015-07-02 08:46:49'),
(50, 28, 17, '2016-01-29 19:18:47'),
(51, 24, 13, '2015-10-10 01:40:07'),
(52, 24, 34, '2015-07-29 05:06:55'),
(53, 27, 15, '2015-12-10 12:41:49'),
(54, 23, 11, '2015-10-25 05:39:24'),
(55, 22, 15, '2015-06-24 06:00:23'),
(56, 23, 32, '2015-06-12 17:14:44'),
(57, 30, 1, '2015-12-19 03:24:29'),
(58, 22, 34, '2015-05-25 01:07:38'),
(59, 28, 24, '2015-09-15 12:16:36'),
(60, 24, 6, '2015-10-02 07:40:18'),
(61, 30, 31, '2015-12-13 21:35:33'),
(62, 21, 3, '2015-08-15 12:48:19'),
(63, 25, 17, '2016-01-05 10:44:10'),
(64, 29, 2, '2015-09-07 23:16:12'),
(65, 22, 1, '2015-06-29 14:08:51'),
(66, 28, 20, '2016-02-14 15:22:23'),
(67, 21, 13, '2015-09-02 07:43:59'),
(68, 28, 36, '2015-08-22 13:05:57'),
(69, 23, 7, '2015-09-24 09:33:56'),
(70, 24, 14, '2015-07-25 07:24:35'),
(71, 29, 20, '2016-01-22 10:43:38'),
(72, 21, 12, '2015-10-11 09:08:56'),
(73, 21, 37, '2015-04-23 04:16:50'),
(74, 28, 4, '2015-05-25 20:03:20'),
(75, 24, 24, '2015-05-27 04:36:50'),
(76, 27, 30, '2015-11-17 13:55:13'),
(77, 28, 5, '2015-08-19 00:28:40'),
(78, 23, 36, '2015-05-02 03:52:03'),
(79, 30, 12, '2015-12-04 21:34:55'),
(80, 22, 2, '2015-06-23 00:22:25'),
(81, 26, 13, '2015-07-02 03:55:41'),
(82, 21, 38, '2015-08-15 12:33:17'),
(83, 22, 4, '2015-11-14 16:06:03'),
(84, 27, 12, '2016-01-31 18:05:04'),
(85, 30, 22, '2015-04-21 10:22:26'),
(86, 30, 4, '2015-12-05 02:45:35'),
(87, 23, 18, '2015-04-21 02:20:14'),
(88, 24, 1, '2016-01-18 08:45:42'),
(89, 22, 37, '2016-04-06 22:08:47'),
(90, 23, 38, '2015-09-24 19:48:27'),
(91, 21, 10, '2015-05-22 16:24:47'),
(92, 26, 8, '2016-03-30 14:33:38'),
(93, 25, 28, '2016-01-02 06:38:40'),
(94, 27, 18, '2015-12-10 23:05:34'),
(95, 22, 36, '2015-06-13 22:25:54'),
(96, 23, 25, '2016-02-08 07:50:50'),
(97, 26, 23, '2015-12-02 01:00:05'),
(98, 23, 6, '2015-12-31 16:17:37'),
(99, 26, 2, '2016-03-16 13:03:14'),
(100, 27, 10, '2015-06-01 06:08:47'),
(101, 28, 32, '2016-04-01 18:22:25'),
(102, 21, 21, '2015-05-23 12:08:00'),
(103, 24, 7, '2015-12-04 01:38:17'),
(104, 21, 8, '2015-10-12 16:59:22'),
(105, 23, 16, '2015-09-28 09:54:16'),
(106, 29, 39, '2016-03-25 22:27:19'),
(107, 24, 23, '2015-12-30 18:28:48'),
(108, 30, 2, '2015-12-29 11:46:54'),
(109, 26, 10, '2015-12-15 23:53:27'),
(110, 22, 39, '2015-07-23 07:45:44'),
(111, 27, 6, '2016-01-04 02:45:13'),
(112, 26, 28, '2015-06-18 22:47:33'),
(113, 23, 1, '2015-06-27 23:02:03'),
(114, 29, 13, '2015-11-24 21:27:02'),
(115, 23, 2, '2015-06-30 20:49:30'),
(116, 21, 33, '2015-10-05 07:51:14'),
(117, 26, 16, '2015-07-18 17:34:17'),
(118, 24, 4, '2016-02-20 10:06:12'),
(119, 22, 11, '2015-10-19 17:18:22'),
(120, 28, 10, '2016-01-09 09:21:00'),
(121, 23, 13, '2015-08-25 05:50:11'),
(122, 24, 29, '2015-05-03 21:03:16'),
(123, 23, 7, '2015-09-27 02:28:52'),
(124, 29, 34, '2015-06-24 13:26:09'),
(125, 21, 22, '2015-08-21 15:49:40'),
(126, 24, 27, '2015-09-19 06:26:06'),
(127, 24, 24, '2016-02-13 11:06:01'),
(128, 28, 8, '2015-12-03 15:16:29'),
(129, 25, 25, '2016-04-12 21:14:46'),
(130, 27, 32, '2016-02-05 16:58:58'),
(131, 24, 11, '2016-03-21 20:45:52'),
(132, 25, 5, '2015-08-13 21:16:50'),
(133, 28, 12, '2015-12-30 23:03:30'),
(134, 29, 33, '2016-02-04 02:33:25'),
(135, 30, 27, '2015-11-13 17:54:56'),
(136, 26, 35, '2015-09-20 13:55:12'),
(137, 29, 24, '2015-09-16 06:38:50'),
(138, 28, 24, '2015-11-05 09:44:29'),
(139, 26, 22, '2016-02-20 05:49:58'),
(140, 23, 33, '2015-08-26 10:13:25'),
(141, 22, 39, '2015-12-02 18:22:41'),
(142, 29, 27, '2015-08-29 17:24:19'),
(143, 27, 28, '2016-02-26 22:56:01'),
(144, 24, 13, '2015-07-17 04:13:11'),
(145, 22, 8, '2015-09-10 19:28:45'),
(146, 26, 33, '2015-12-08 21:17:21'),
(147, 30, 12, '2015-04-28 21:38:23'),
(148, 27, 6, '2016-01-29 12:04:56'),
(149, 29, 4, '2015-06-25 01:42:14'),
(150, 30, 9, '2015-09-19 09:31:44'),
(151, 28, 1, '2015-12-16 18:19:31'),
(152, 25, 31, '2015-06-19 15:01:03'),
(153, 27, 36, '2015-09-26 11:06:17'),
(154, 23, 5, '2015-12-05 13:47:20'),
(155, 24, 15, '2015-12-12 09:33:47'),
(156, 27, 23, '2016-02-13 08:33:19'),
(157, 22, 13, '2015-09-10 11:30:19'),
(158, 22, 28, '2016-01-21 14:11:32'),
(159, 23, 29, '2015-06-19 00:03:59'),
(160, 22, 17, '2015-09-08 20:58:32'),
(161, 24, 11, '2015-08-11 07:14:48'),
(162, 23, 5, '2015-09-21 00:17:11'),
(163, 24, 18, '2015-10-07 04:41:12'),
(164, 22, 34, '2015-05-05 23:31:12'),
(165, 22, 36, '2016-04-17 21:33:27'),
(166, 27, 11, '2016-02-02 04:41:59'),
(167, 26, 20, '2016-02-26 22:24:07'),
(168, 30, 7, '2015-12-17 03:36:59'),
(169, 29, 29, '2015-11-05 07:18:13'),
(170, 29, 2, '2015-05-06 06:16:47'),
(171, 21, 4, '2015-11-09 15:19:10'),
(172, 27, 1, '2015-06-17 19:13:02'),
(173, 21, 21, '2015-09-16 07:28:04'),
(174, 27, 25, '2015-06-02 06:30:05'),
(175, 23, 35, '2015-12-28 03:42:07'),
(176, 27, 16, '2015-07-14 05:22:29'),
(177, 24, 16, '2015-12-09 07:46:16'),
(178, 27, 35, '2015-10-02 20:23:36'),
(179, 21, 18, '2015-06-19 14:41:09'),
(180, 21, 18, '2016-03-14 07:26:01'),
(181, 29, 35, '2015-05-30 12:10:19'),
(182, 24, 34, '2016-01-23 06:42:23'),
(183, 22, 27, '2015-05-01 03:57:40'),
(184, 28, 16, '2015-08-27 15:47:17'),
(185, 27, 8, '2016-02-18 03:32:09'),
(186, 22, 27, '2016-02-06 17:40:46'),
(187, 25, 40, '2016-03-29 19:59:05'),
(188, 27, 33, '2015-12-23 02:31:08'),
(189, 28, 31, '2015-12-09 19:58:34'),
(190, 24, 8, '2016-04-14 16:24:27'),
(191, 24, 32, '2015-11-08 16:39:16'),
(192, 27, 23, '2016-01-29 06:11:34'),
(193, 21, 10, '2015-12-04 02:56:21'),
(194, 22, 11, '2016-02-22 14:06:48'),
(195, 26, 22, '2015-09-04 19:07:28'),
(196, 22, 7, '2015-06-16 17:53:21'),
(197, 26, 24, '2015-05-26 17:35:26'),
(198, 29, 12, '2016-01-18 17:34:16'),
(199, 21, 6, '2015-09-21 19:14:58'),
(200, 30, 6, '2015-06-20 23:16:00'),
(201, 24, 14, '2016-02-20 10:00:00'),
(202, 21, 18, '2015-05-07 04:57:07'),
(203, 30, 31, '2015-05-14 07:30:52'),
(204, 27, 6, '2016-03-29 03:00:55'),
(205, 22, 20, '2016-02-19 09:46:40'),
(206, 23, 15, '2015-05-23 10:06:00'),
(207, 22, 17, '2016-02-25 10:40:26'),
(208, 28, 37, '2015-11-25 07:41:08'),
(209, 25, 9, '2016-02-07 01:36:12'),
(210, 24, 5, '2015-05-07 15:21:31'),
(211, 23, 13, '2015-09-11 02:03:00'),
(212, 22, 28, '2015-05-04 19:08:14'),
(213, 21, 35, '2015-08-08 04:24:27'),
(214, 28, 7, '2015-07-08 07:04:23'),
(215, 21, 10, '2015-12-01 21:15:25'),
(216, 26, 2, '2015-06-26 19:11:18'),
(217, 29, 28, '2015-06-24 19:40:24'),
(218, 23, 6, '2015-12-18 23:55:19'),
(219, 24, 26, '2015-09-20 18:27:08'),
(220, 23, 21, '2015-05-06 07:22:57'),
(221, 27, 27, '2015-11-05 00:36:19'),
(222, 21, 18, '2016-01-27 18:13:31'),
(223, 25, 32, '2015-07-31 21:22:14'),
(224, 27, 40, '2016-02-20 21:50:17'),
(225, 21, 15, '2015-08-08 16:41:20'),
(226, 28, 12, '2015-10-10 00:33:11'),
(227, 26, 8, '2016-03-21 04:36:04'),
(228, 27, 11, '2015-04-23 11:35:21'),
(229, 28, 15, '2015-12-11 00:52:05'),
(230, 26, 26, '2015-10-01 12:16:47'),
(231, 22, 12, '2015-08-14 21:54:03'),
(232, 26, 20, '2015-09-30 11:29:22'),
(233, 28, 4, '2016-01-12 03:35:44'),
(234, 28, 36, '2016-02-27 22:38:26'),
(235, 25, 24, '2015-10-02 12:02:08'),
(236, 25, 7, '2015-09-02 10:47:07'),
(237, 24, 11, '2016-01-28 21:26:12'),
(238, 29, 32, '2015-11-08 03:35:36'),
(239, 22, 7, '2015-05-20 19:56:57'),
(240, 26, 24, '2016-03-22 20:42:58'),
(241, 28, 23, '2016-03-05 13:01:50'),
(242, 23, 31, '2016-04-10 19:27:29'),
(243, 21, 31, '2016-04-14 08:36:08'),
(244, 23, 20, '2016-01-16 00:20:33'),
(245, 29, 36, '2016-04-16 06:12:28'),
(246, 21, 37, '2015-09-23 14:01:57'),
(247, 25, 13, '2015-09-07 11:42:41'),
(248, 22, 11, '2016-01-08 18:30:20'),
(249, 23, 2, '2016-04-09 09:18:07'),
(250, 27, 6, '2015-09-14 15:04:27'),
(251, 30, 24, '2015-12-27 09:33:36'),
(252, 24, 26, '2015-04-24 01:32:36'),
(253, 26, 12, '2015-08-31 04:57:20'),
(254, 22, 17, '2015-04-24 03:09:53'),
(255, 25, 39, '2015-08-16 01:27:49'),
(256, 30, 11, '2015-06-22 03:02:45'),
(257, 24, 19, '2015-08-21 08:25:09'),
(258, 21, 26, '2016-03-17 07:30:33'),
(259, 28, 29, '2015-10-08 07:36:26'),
(260, 26, 32, '2015-07-02 17:48:13'),
(261, 21, 8, '2016-01-08 21:37:39'),
(262, 29, 13, '2015-12-12 18:33:40'),
(263, 26, 31, '2015-11-02 17:25:27'),
(264, 28, 1, '2015-06-30 05:05:45'),
(265, 22, 24, '2015-10-24 02:33:16'),
(266, 29, 23, '2015-05-26 03:19:00'),
(267, 30, 17, '2016-01-09 05:54:47'),
(268, 25, 30, '2016-03-29 22:27:50'),
(269, 26, 9, '2015-10-05 19:20:29'),
(270, 23, 38, '2015-08-05 07:48:33'),
(271, 21, 2, '2015-09-05 10:18:56'),
(272, 23, 4, '2015-07-01 00:35:51'),
(273, 30, 31, '2016-03-25 02:13:49'),
(274, 22, 30, '2015-10-09 16:07:09'),
(275, 21, 7, '2015-12-12 21:12:05'),
(276, 22, 36, '2015-09-22 22:33:35'),
(277, 22, 40, '2015-09-13 17:46:20'),
(278, 25, 8, '2015-08-07 19:08:14'),
(279, 25, 3, '2015-08-12 07:06:57'),
(280, 28, 33, '2016-01-01 12:48:56'),
(281, 28, 11, '2015-11-25 09:35:05'),
(282, 28, 35, '2015-05-29 05:32:43'),
(283, 26, 40, '2015-06-04 16:25:43'),
(284, 29, 14, '2015-06-16 08:15:48'),
(285, 24, 35, '2015-07-03 01:23:53'),
(286, 23, 33, '2015-11-17 09:46:04'),
(287, 22, 22, '2015-11-24 18:41:51'),
(288, 24, 4, '2015-10-13 09:41:52'),
(289, 29, 34, '2015-05-14 13:46:06'),
(290, 28, 3, '2015-08-22 07:50:04'),
(291, 27, 23, '2015-08-24 06:34:06'),
(292, 27, 34, '2015-12-17 15:06:42'),
(293, 30, 3, '2015-06-06 10:34:27'),
(294, 24, 3, '2015-09-25 01:44:26'),
(295, 21, 35, '2016-01-13 03:16:44'),
(296, 22, 26, '2015-08-29 11:00:05'),
(297, 30, 5, '2015-05-20 04:45:13'),
(298, 22, 16, '2016-01-10 01:01:21'),
(299, 30, 33, '2015-09-05 03:44:01'),
(300, 25, 23, '2015-05-25 19:58:27'),
(301, 22, 33, '2015-06-20 18:49:46'),
(302, 29, 17, '2015-09-18 16:31:34'),
(303, 27, 26, '2015-05-27 22:56:55'),
(304, 26, 33, '2015-09-04 08:07:07'),
(305, 23, 36, '2016-01-15 08:40:42'),
(306, 29, 1, '2016-01-25 02:52:02'),
(307, 24, 6, '2015-04-26 23:40:26'),
(308, 25, 14, '2015-12-05 06:25:34'),
(309, 23, 37, '2015-06-29 23:53:20'),
(310, 28, 17, '2015-07-05 00:33:06'),
(311, 26, 3, '2016-04-09 06:08:00'),
(312, 27, 26, '2016-04-06 10:21:17'),
(313, 28, 7, '2015-04-30 10:24:23'),
(314, 21, 12, '2015-04-26 03:43:06'),
(315, 26, 6, '2016-04-16 05:12:28'),
(316, 24, 13, '2015-05-16 06:26:32'),
(317, 23, 18, '2015-08-13 10:01:43'),
(318, 21, 35, '2015-10-15 14:49:17'),
(319, 21, 36, '2015-07-31 19:21:27'),
(320, 21, 36, '2015-08-07 08:32:38'),
(321, 21, 29, '2016-02-14 00:04:20'),
(322, 30, 24, '2016-02-23 18:17:47'),
(323, 27, 40, '2015-09-14 00:02:02'),
(324, 27, 1, '2015-09-07 17:53:49'),
(325, 23, 36, '2015-07-09 07:42:37'),
(326, 27, 35, '2015-09-14 16:31:31'),
(327, 25, 15, '2016-04-17 13:54:15'),
(328, 22, 4, '2015-06-27 17:42:53'),
(329, 24, 27, '2015-11-09 20:05:56'),
(330, 26, 29, '2015-12-27 09:39:27'),
(331, 25, 23, '2015-10-28 22:59:05'),
(332, 22, 12, '2015-05-13 18:24:29'),
(333, 24, 24, '2015-09-02 23:26:15'),
(334, 22, 12, '2016-03-10 00:35:23'),
(335, 29, 11, '2015-09-08 04:43:58'),
(336, 28, 30, '2015-11-14 04:24:19'),
(337, 21, 23, '2016-01-10 18:29:46'),
(338, 21, 26, '2015-05-30 16:10:32'),
(339, 21, 30, '2015-12-10 01:12:05'),
(340, 28, 40, '2015-11-02 01:12:58'),
(341, 25, 24, '2016-01-02 16:35:31'),
(342, 29, 3, '2015-05-23 07:55:01'),
(343, 21, 10, '2016-02-16 22:17:05'),
(344, 23, 20, '2015-05-23 05:56:02'),
(345, 27, 7, '2015-10-24 17:32:05'),
(346, 24, 26, '2016-01-19 14:13:14'),
(347, 30, 9, '2015-04-28 03:35:35'),
(348, 30, 38, '2016-04-04 19:12:36'),
(349, 28, 36, '2015-06-01 16:36:14'),
(350, 29, 38, '2016-04-12 09:41:33'),
(351, 26, 30, '2015-08-05 09:46:18'),
(352, 27, 37, '2015-06-29 21:12:48'),
(353, 29, 31, '2015-10-18 11:56:16'),
(354, 22, 15, '2015-08-25 11:19:41'),
(355, 28, 25, '2015-12-14 20:33:05'),
(356, 23, 36, '2016-03-26 02:26:45'),
(357, 26, 2, '2015-05-28 06:43:05'),
(358, 22, 34, '2015-07-14 06:54:02'),
(359, 25, 19, '2016-01-07 23:23:45'),
(360, 30, 28, '2016-03-16 03:54:51'),
(361, 24, 24, '2016-01-20 00:05:35'),
(362, 24, 14, '2015-05-21 05:50:59'),
(363, 23, 26, '2015-08-14 05:49:46'),
(364, 28, 26, '2015-06-14 13:06:00'),
(365, 21, 18, '2015-10-02 11:56:27'),
(366, 23, 12, '2016-04-08 10:09:38'),
(367, 26, 18, '2016-03-04 08:59:33'),
(368, 28, 1, '2015-08-03 22:47:04'),
(369, 22, 3, '2015-07-03 05:39:23'),
(370, 23, 3, '2015-09-12 09:40:39'),
(371, 29, 37, '2015-06-13 23:40:25'),
(372, 27, 12, '2015-11-29 05:27:14'),
(373, 29, 13, '2015-07-09 07:14:28'),
(374, 22, 17, '2015-09-08 06:25:24'),
(375, 27, 18, '2015-09-05 12:29:45'),
(376, 29, 38, '2015-09-13 07:30:53'),
(377, 30, 38, '2016-03-10 23:30:54'),
(378, 29, 10, '2015-06-02 13:56:37'),
(379, 23, 19, '2015-08-07 00:27:08'),
(380, 22, 10, '2016-01-13 00:15:33'),
(381, 24, 23, '2015-10-25 02:49:57'),
(382, 21, 25, '2016-04-06 14:21:54'),
(383, 30, 13, '2016-03-10 04:35:32'),
(384, 24, 32, '2015-10-11 14:25:17'),
(385, 23, 13, '2015-08-25 02:11:10'),
(386, 24, 17, '2015-05-19 15:41:57'),
(387, 24, 20, '2015-10-21 19:05:42'),
(388, 23, 8, '2016-01-22 08:35:43'),
(389, 30, 27, '2016-02-23 20:15:48'),
(390, 27, 7, '2015-05-27 02:09:19'),
(391, 22, 19, '2016-03-02 04:55:12'),
(392, 26, 35, '2016-04-12 06:46:30'),
(393, 28, 3, '2016-02-11 11:17:01'),
(394, 22, 11, '2015-06-04 19:44:58'),
(395, 27, 7, '2015-10-23 06:55:04'),
(396, 28, 37, '2016-01-05 01:55:56'),
(397, 23, 25, '2016-01-02 21:13:56'),
(398, 30, 14, '2016-04-11 11:53:24'),
(399, 21, 30, '2015-07-26 19:31:37'),
(400, 24, 16, '2015-06-10 11:48:49'),
(401, 25, 40, '2015-08-03 08:56:39'),
(402, 22, 8, '2016-02-13 03:28:21'),
(403, 22, 9, '2016-01-27 16:11:16'),
(404, 23, 5, '2015-06-13 00:40:32'),
(405, 27, 39, '2015-09-03 11:47:12'),
(406, 29, 32, '2016-04-05 00:09:14'),
(407, 24, 27, '2016-01-07 21:24:34'),
(408, 26, 40, '2015-05-14 17:02:06'),
(409, 25, 8, '2015-08-29 10:04:50'),
(410, 30, 29, '2015-12-04 17:19:05'),
(411, 24, 34, '2016-04-12 22:50:05'),
(412, 22, 21, '2016-02-11 00:00:17'),
(413, 26, 20, '2015-11-20 14:50:45'),
(414, 28, 37, '2015-08-19 18:46:51'),
(415, 30, 17, '2015-11-15 09:11:11'),
(416, 27, 16, '2016-04-02 14:58:33'),
(417, 30, 22, '2015-12-04 20:20:09'),
(418, 29, 34, '2015-08-25 20:59:18'),
(419, 26, 15, '2015-08-07 14:29:20'),
(420, 29, 25, '2015-08-04 16:24:34'),
(421, 26, 2, '2015-10-11 19:10:12'),
(422, 26, 23, '2015-12-08 19:44:26'),
(423, 25, 35, '2015-10-18 07:55:31'),
(424, 25, 10, '2015-07-16 06:09:03'),
(425, 30, 3, '2015-09-18 20:26:12'),
(426, 24, 11, '2015-09-18 08:33:05'),
(427, 28, 23, '2015-05-02 18:15:18'),
(428, 28, 15, '2015-10-19 13:21:43'),
(429, 30, 7, '2015-08-10 10:27:21'),
(430, 21, 29, '2015-08-31 09:27:50'),
(431, 29, 35, '2015-10-23 00:29:01'),
(432, 28, 4, '2015-07-05 23:48:00'),
(433, 24, 3, '2015-07-05 04:14:52'),
(434, 24, 24, '2015-09-12 09:25:21'),
(435, 27, 25, '2015-09-12 13:12:56'),
(436, 26, 4, '2015-06-23 17:24:48'),
(437, 30, 13, '2015-11-06 13:27:02'),
(438, 28, 1, '2015-12-10 18:00:42'),
(439, 21, 35, '2016-04-01 12:58:09'),
(440, 29, 35, '2016-04-08 11:50:41'),
(441, 21, 34, '2016-03-23 15:44:50'),
(442, 28, 23, '2015-06-17 16:11:23'),
(443, 22, 8, '2015-05-23 09:30:50'),
(444, 27, 40, '2016-03-15 15:54:56'),
(445, 27, 4, '2016-02-04 18:04:15'),
(446, 27, 17, '2015-07-30 13:57:51'),
(447, 26, 11, '2015-12-27 18:10:11'),
(448, 22, 27, '2015-08-25 03:21:15'),
(449, 26, 33, '2016-04-06 16:17:17'),
(450, 23, 16, '2015-11-02 20:16:15'),
(451, 27, 18, '2015-12-11 11:20:38'),
(452, 22, 14, '2015-07-10 02:41:15'),
(453, 21, 25, '2015-11-21 13:39:26'),
(454, 25, 31, '2015-12-30 07:23:29'),
(455, 28, 33, '2015-08-28 00:35:53'),
(456, 27, 20, '2015-04-29 00:05:31'),
(457, 24, 32, '2015-09-24 04:36:20'),
(458, 26, 22, '2016-03-07 19:58:59'),
(459, 27, 36, '2016-03-25 20:06:31'),
(460, 21, 14, '2015-06-02 10:44:33'),
(461, 28, 28, '2016-03-20 22:50:42'),
(462, 25, 32, '2015-06-28 13:55:15'),
(463, 28, 38, '2015-08-11 18:08:46'),
(464, 29, 12, '2015-06-21 04:58:15'),
(465, 29, 18, '2016-01-17 04:22:37'),
(466, 29, 4, '2015-09-20 07:20:58'),
(467, 22, 18, '2015-10-12 06:40:51'),
(468, 26, 32, '2015-09-20 00:27:57'),
(469, 25, 30, '2015-11-16 15:11:11'),
(470, 26, 21, '2015-06-23 08:26:53'),
(471, 25, 17, '2015-07-03 05:46:59'),
(472, 25, 4, '2016-01-01 01:29:59'),
(473, 27, 31, '2016-03-17 18:10:23'),
(474, 22, 14, '2015-09-30 05:05:31'),
(475, 28, 24, '2015-10-12 14:43:53'),
(476, 22, 19, '2016-01-22 08:20:31'),
(477, 24, 31, '2015-06-28 09:09:26'),
(478, 24, 39, '2015-08-04 00:29:38'),
(479, 30, 28, '2015-09-08 19:54:13'),
(480, 24, 30, '2015-12-19 12:47:24'),
(481, 29, 7, '2015-05-04 15:19:56'),
(482, 28, 16, '2016-01-03 17:42:59'),
(483, 30, 5, '2016-04-09 14:11:17'),
(484, 29, 23, '2015-12-28 09:33:07'),
(485, 22, 21, '2016-03-30 22:21:13'),
(486, 29, 36, '2015-09-21 00:39:05'),
(487, 23, 1, '2016-03-24 23:48:09'),
(488, 24, 36, '2015-09-29 07:47:42'),
(489, 29, 28, '2016-01-28 01:28:35'),
(490, 25, 40, '2016-03-25 04:29:26'),
(491, 23, 4, '2015-10-11 04:13:15'),
(492, 29, 26, '2015-05-13 16:29:52'),
(493, 23, 13, '2015-09-28 01:00:09'),
(494, 30, 4, '2015-11-25 00:35:27'),
(495, 27, 28, '2016-04-13 13:59:47'),
(496, 26, 7, '2015-07-24 10:52:47'),
(497, 22, 30, '2015-10-07 13:01:09'),
(498, 22, 37, '2015-09-01 20:13:40'),
(499, 23, 32, '2015-10-19 14:50:05'),
(500, 21, 21, '2015-10-05 10:00:03'),
(501, 30, 33, '2015-05-13 08:53:44'),
(502, 22, 31, '2015-10-02 03:14:52'),
(503, 22, 5, '2015-09-20 23:47:48'),
(504, 23, 33, '2015-10-03 20:57:24'),
(505, 22, 11, '2015-06-18 22:06:41'),
(506, 25, 38, '2015-06-24 22:40:20'),
(507, 25, 27, '2015-09-06 04:34:49'),
(508, 21, 21, '2015-11-06 03:21:08'),
(509, 25, 24, '2015-10-06 11:04:40'),
(510, 30, 13, '2015-07-19 08:08:33'),
(511, 28, 25, '2015-12-12 18:08:19'),
(512, 23, 21, '2015-04-21 07:20:21'),
(513, 23, 1, '2015-08-20 22:14:16'),
(514, 28, 19, '2016-01-31 17:40:56'),
(515, 22, 19, '2015-06-12 00:30:09'),
(516, 26, 19, '2015-09-24 11:45:48'),
(517, 22, 6, '2015-07-23 00:07:21'),
(518, 25, 9, '2015-08-24 19:32:25'),
(519, 21, 8, '2016-02-17 21:33:06'),
(520, 21, 40, '2016-03-07 19:49:31'),
(521, 28, 35, '2016-02-23 17:33:33'),
(522, 21, 40, '2015-07-18 11:35:19'),
(523, 22, 23, '2015-06-22 16:32:45'),
(524, 29, 22, '2015-04-21 11:59:39'),
(525, 26, 28, '2015-09-13 14:31:46'),
(526, 30, 24, '2015-09-11 05:24:10'),
(527, 29, 11, '2016-04-16 06:26:22'),
(528, 25, 3, '2015-12-28 12:35:45'),
(529, 26, 12, '2015-09-08 08:12:34'),
(530, 27, 40, '2016-02-11 02:53:55'),
(531, 24, 19, '2015-12-24 01:13:30'),
(532, 24, 38, '2015-05-11 04:17:58'),
(533, 28, 18, '2016-02-10 12:52:43'),
(534, 25, 7, '2015-12-18 05:45:37'),
(535, 24, 11, '2015-11-01 10:42:12'),
(536, 23, 33, '2016-02-27 18:01:23'),
(537, 28, 21, '2016-03-09 16:28:57'),
(538, 28, 12, '2015-04-21 00:34:48'),
(539, 21, 33, '2015-12-09 16:14:42'),
(540, 30, 8, '2015-08-03 00:07:28'),
(541, 29, 3, '2016-03-10 13:08:10'),
(542, 21, 35, '2015-11-08 19:26:57'),
(543, 21, 8, '2016-04-02 03:58:02'),
(544, 22, 30, '2016-04-15 16:39:09'),
(545, 28, 34, '2016-03-16 00:06:44'),
(546, 26, 10, '2015-07-21 05:59:14'),
(547, 22, 27, '2015-05-14 14:54:11'),
(548, 22, 2, '2015-11-23 14:51:34'),
(549, 23, 39, '2015-10-06 09:38:55'),
(550, 24, 7, '2015-05-11 23:55:04'),
(551, 26, 12, '2015-04-29 09:48:58'),
(552, 24, 9, '2015-08-17 13:42:12'),
(553, 28, 18, '2015-05-21 04:26:42'),
(554, 30, 7, '2015-09-12 20:07:34'),
(555, 24, 14, '2015-06-13 09:21:02'),
(556, 28, 29, '2015-07-20 15:49:18'),
(557, 23, 10, '2015-11-19 05:22:28'),
(558, 30, 1, '2015-06-13 07:56:24'),
(559, 25, 38, '2015-09-18 14:21:35'),
(560, 29, 14, '2015-09-27 15:36:40'),
(561, 24, 13, '2015-04-26 11:44:53'),
(562, 30, 10, '2015-09-14 08:55:53'),
(563, 27, 21, '2015-05-15 01:42:50'),
(564, 21, 26, '2015-08-20 01:49:01'),
(565, 29, 7, '2015-09-19 21:00:21'),
(566, 21, 25, '2015-08-01 16:57:41'),
(567, 26, 5, '2015-06-23 20:27:05'),
(568, 30, 31, '2015-07-15 05:04:18'),
(569, 25, 19, '2015-07-17 22:50:02'),
(570, 21, 33, '2015-07-04 07:07:33'),
(571, 28, 19, '2016-01-08 00:31:37'),
(572, 22, 18, '2015-06-13 10:07:11'),
(573, 27, 35, '2016-03-31 23:09:42'),
(574, 29, 25, '2016-04-02 05:18:11'),
(575, 24, 29, '2015-04-25 01:54:06'),
(576, 26, 1, '2015-08-28 06:29:45'),
(577, 25, 7, '2016-01-26 00:24:42'),
(578, 23, 19, '2015-09-24 08:28:33'),
(579, 24, 15, '2015-05-13 18:49:33'),
(580, 23, 40, '2015-12-05 13:00:33'),
(581, 29, 28, '2015-05-02 06:25:47'),
(582, 29, 3, '2016-03-05 23:58:59'),
(583, 26, 33, '2015-06-02 18:47:36'),
(584, 27, 12, '2015-07-21 05:53:11'),
(585, 25, 18, '2015-06-27 16:38:00'),
(586, 22, 10, '2016-03-14 07:08:07'),
(587, 24, 40, '2015-11-17 11:28:59'),
(588, 23, 32, '2015-04-30 08:56:42'),
(589, 28, 39, '2015-06-05 12:42:00'),
(590, 22, 14, '2015-06-04 21:59:17'),
(591, 26, 40, '2015-08-13 17:13:46'),
(592, 29, 1, '2015-10-30 09:34:58'),
(593, 28, 19, '2016-02-24 22:05:34'),
(594, 27, 5, '2015-05-30 14:24:37'),
(595, 22, 35, '2016-04-08 18:21:45'),
(596, 28, 3, '2015-07-03 21:19:46'),
(597, 25, 19, '2015-10-28 03:42:48'),
(598, 28, 3, '2016-03-27 00:37:03'),
(599, 21, 1, '2015-04-24 01:29:16'),
(600, 30, 3, '2015-10-22 18:19:39'),
(601, 21, 10, '2015-12-21 23:27:57'),
(602, 26, 24, '2016-02-25 05:39:53'),
(603, 25, 15, '2015-08-26 17:41:08'),
(604, 22, 19, '2016-04-09 16:09:16'),
(605, 22, 1, '2015-08-11 11:03:51'),
(606, 27, 14, '2016-01-03 10:15:01'),
(607, 23, 35, '2015-04-26 03:26:53'),
(608, 28, 32, '2015-05-17 08:36:22'),
(609, 28, 29, '2016-04-13 08:24:47'),
(610, 23, 24, '2016-03-01 21:35:07'),
(611, 25, 31, '2015-08-31 21:24:21'),
(612, 21, 3, '2015-08-13 19:55:31'),
(613, 28, 35, '2015-09-27 06:30:26'),
(614, 30, 31, '2016-01-19 12:00:28'),
(615, 26, 20, '2015-07-11 23:35:47'),
(616, 29, 12, '2016-04-04 08:14:50'),
(617, 30, 14, '2015-06-19 12:14:25'),
(618, 27, 29, '2015-05-16 05:11:01'),
(619, 23, 2, '2015-09-07 19:29:59'),
(620, 21, 12, '2015-08-06 05:10:35'),
(621, 25, 13, '2016-04-20 10:39:53'),
(622, 30, 29, '2015-06-08 13:04:14'),
(623, 23, 17, '2016-04-02 04:53:43'),
(624, 27, 35, '2015-06-10 19:25:54'),
(625, 25, 3, '2015-10-14 20:19:11'),
(626, 30, 27, '2015-12-21 09:37:30'),
(627, 29, 21, '2015-04-27 17:14:24'),
(628, 22, 39, '2015-07-08 07:04:05'),
(629, 27, 9, '2015-06-05 11:29:35'),
(630, 27, 17, '2015-11-02 16:36:07'),
(631, 25, 33, '2015-05-17 07:12:30'),
(632, 23, 1, '2015-05-29 18:11:54'),
(633, 28, 10, '2015-09-17 13:57:03'),
(634, 21, 14, '2015-07-25 09:21:04'),
(635, 26, 3, '2016-03-07 21:08:18'),
(636, 26, 1, '2015-10-02 13:21:33'),
(637, 25, 18, '2016-01-01 20:15:48'),
(638, 23, 39, '2016-03-17 23:06:49'),
(639, 30, 39, '2015-10-07 05:52:15'),
(640, 29, 38, '2015-05-18 18:33:45'),
(641, 24, 11, '2015-05-19 18:21:22'),
(642, 28, 12, '2015-06-24 17:54:39'),
(643, 30, 9, '2015-05-17 05:30:27'),
(644, 23, 2, '2016-04-02 02:34:07'),
(645, 23, 23, '2015-10-17 08:13:25'),
(646, 28, 31, '2015-12-23 02:10:18'),
(647, 22, 36, '2016-03-15 11:44:53'),
(648, 27, 14, '2016-02-25 15:01:21'),
(649, 22, 18, '2015-10-03 01:11:40'),
(650, 29, 17, '2015-10-07 02:17:29'),
(651, 22, 24, '2016-03-11 19:25:14'),
(652, 28, 7, '2015-10-08 01:25:39'),
(653, 28, 30, '2015-11-14 15:28:12'),
(654, 21, 24, '2015-11-16 18:43:55'),
(655, 26, 8, '2016-04-01 19:05:39'),
(656, 23, 14, '2015-09-24 22:33:19'),
(657, 24, 22, '2015-09-10 20:38:39'),
(658, 27, 8, '2015-09-17 01:19:43'),
(659, 23, 2, '2015-04-21 03:27:29'),
(660, 23, 20, '2015-08-13 23:33:10'),
(661, 24, 28, '2015-08-15 01:28:24'),
(662, 23, 5, '2016-01-29 16:03:54'),
(663, 26, 23, '2015-05-13 18:50:55'),
(664, 22, 40, '2015-06-25 20:19:30'),
(665, 25, 37, '2015-07-31 17:54:29'),
(666, 23, 24, '2016-03-07 08:10:27'),
(667, 23, 9, '2015-07-19 11:29:31'),
(668, 27, 31, '2016-02-01 02:26:21'),
(669, 26, 5, '2016-04-06 15:41:05'),
(670, 21, 26, '2016-04-02 05:59:04'),
(671, 24, 33, '2015-06-05 22:37:42'),
(672, 24, 23, '2016-03-11 10:55:41'),
(673, 30, 28, '2016-01-02 10:10:07'),
(674, 26, 33, '2016-04-10 03:54:19'),
(675, 28, 29, '2015-12-07 20:11:40'),
(676, 29, 27, '2015-04-27 19:15:42'),
(677, 29, 8, '2016-04-15 07:56:00'),
(678, 27, 13, '2015-07-31 02:34:29'),
(679, 21, 11, '2015-09-10 00:04:44'),
(680, 30, 31, '2015-05-20 01:08:07'),
(681, 29, 8, '2015-05-22 02:48:16'),
(682, 22, 28, '2016-03-17 19:34:53'),
(683, 25, 11, '2015-09-12 11:41:10'),
(684, 30, 20, '2016-03-27 19:36:47'),
(685, 21, 3, '2015-07-05 05:20:46'),
(686, 29, 15, '2015-12-11 05:10:29'),
(687, 21, 25, '2016-02-13 00:53:22'),
(688, 26, 38, '2015-10-28 17:03:54'),
(689, 23, 15, '2015-07-17 03:05:05'),
(690, 24, 13, '2015-07-13 16:43:55'),
(691, 25, 11, '2015-09-08 14:57:55'),
(692, 27, 38, '2015-05-19 07:23:56'),
(693, 24, 36, '2015-09-17 22:41:41'),
(694, 28, 8, '2015-08-22 05:23:07'),
(695, 21, 11, '2015-10-18 03:16:13'),
(696, 28, 2, '2015-10-30 20:05:32'),
(697, 22, 3, '2015-11-12 19:11:29'),
(698, 23, 16, '2016-02-24 07:07:14'),
(699, 25, 5, '2015-12-18 10:10:12'),
(700, 22, 32, '2015-05-02 01:09:10'),
(701, 28, 9, '2015-05-01 11:57:03'),
(702, 22, 3, '2015-05-08 04:25:37'),
(703, 27, 23, '2016-03-16 10:24:51'),
(704, 30, 26, '2016-03-24 22:57:44'),
(705, 21, 35, '2015-06-18 13:19:28'),
(706, 28, 10, '2015-10-11 03:09:05'),
(707, 28, 9, '2015-07-31 22:41:17'),
(708, 26, 26, '2015-05-22 19:57:16'),
(709, 23, 40, '2015-12-28 16:58:39'),
(710, 22, 5, '2016-01-26 15:26:58'),
(711, 30, 40, '2015-10-19 12:16:20'),
(712, 24, 31, '2015-09-23 06:03:01'),
(713, 23, 26, '2015-06-19 11:46:22'),
(714, 27, 40, '2015-11-15 17:22:17'),
(715, 25, 4, '2016-04-01 09:05:01'),
(716, 22, 35, '2015-08-02 17:25:29'),
(717, 27, 13, '2015-09-16 15:57:27'),
(718, 21, 14, '2015-10-22 06:48:49'),
(719, 26, 6, '2016-03-31 16:01:08'),
(720, 27, 5, '2015-05-12 05:34:24'),
(721, 25, 25, '2015-11-29 15:31:19'),
(722, 27, 24, '2015-11-18 13:18:03'),
(723, 27, 24, '2016-03-03 20:01:14'),
(724, 30, 37, '2015-06-29 03:59:36'),
(725, 30, 22, '2015-11-02 21:02:28'),
(726, 27, 34, '2016-04-03 10:13:04'),
(727, 28, 7, '2015-08-08 23:14:15'),
(728, 30, 7, '2015-05-05 17:29:13'),
(729, 27, 26, '2015-12-11 12:54:14'),
(730, 28, 35, '2015-07-24 10:28:26'),
(731, 24, 16, '2016-01-17 02:57:07'),
(732, 21, 11, '2016-03-15 19:00:02'),
(733, 21, 17, '2015-09-26 10:51:38'),
(734, 21, 24, '2016-01-24 04:22:57'),
(735, 23, 25, '2015-06-11 17:08:47'),
(736, 21, 15, '2015-06-23 01:35:26'),
(737, 29, 19, '2015-10-25 13:17:06'),
(738, 21, 15, '2015-12-28 06:00:04'),
(739, 28, 7, '2016-01-06 11:23:15'),
(740, 29, 2, '2016-01-15 07:22:38'),
(741, 24, 4, '2015-10-30 07:21:16'),
(742, 29, 2, '2016-02-21 17:06:02'),
(743, 28, 25, '2015-11-24 03:57:59'),
(744, 30, 33, '2016-02-29 11:20:52'),
(745, 25, 11, '2015-06-11 01:05:21'),
(746, 30, 17, '2015-08-30 21:24:58'),
(747, 21, 29, '2015-09-28 21:02:02'),
(748, 21, 10, '2015-10-18 17:28:56'),
(749, 27, 28, '2016-03-07 10:55:29'),
(750, 23, 25, '2015-07-27 09:22:11'),
(751, 30, 27, '2015-10-11 00:37:28'),
(752, 24, 21, '2015-05-28 22:21:30'),
(753, 28, 14, '2016-04-15 19:01:19'),
(754, 28, 19, '2015-09-09 11:27:30'),
(755, 29, 6, '2015-06-18 03:26:40'),
(756, 30, 25, '2015-11-13 23:24:49'),
(757, 22, 18, '2015-12-31 13:16:58'),
(758, 30, 29, '2015-09-25 19:45:17'),
(759, 27, 13, '2015-08-04 15:56:05'),
(760, 24, 2, '2015-09-29 16:35:53'),
(761, 28, 20, '2015-07-28 03:34:49'),
(762, 22, 10, '2015-04-22 00:47:41'),
(763, 22, 20, '2015-05-29 04:15:36'),
(764, 24, 3, '2015-06-11 09:30:14'),
(765, 27, 19, '2015-08-18 07:33:26'),
(766, 29, 17, '2016-03-23 04:11:37'),
(767, 22, 26, '2016-01-12 14:27:57'),
(768, 27, 18, '2015-04-25 09:26:11'),
(769, 28, 33, '2015-09-13 05:45:16'),
(770, 22, 11, '2015-05-09 11:07:19'),
(771, 21, 38, '2016-04-18 21:26:27'),
(772, 22, 18, '2015-04-23 18:31:27'),
(773, 26, 20, '2015-10-19 05:22:16'),
(774, 22, 9, '2016-01-24 17:09:22'),
(775, 25, 35, '2015-06-13 04:54:43'),
(776, 27, 33, '2015-07-31 18:28:06'),
(777, 25, 4, '2016-04-14 00:57:02'),
(778, 23, 38, '2015-11-14 20:48:08'),
(779, 25, 6, '2015-12-15 10:51:05'),
(780, 30, 9, '2015-10-01 08:22:42'),
(781, 22, 16, '2015-07-31 15:07:32'),
(782, 26, 27, '2016-04-16 14:48:08'),
(783, 30, 15, '2015-07-27 19:27:51'),
(784, 26, 29, '2015-08-31 04:20:45'),
(785, 28, 33, '2015-05-05 16:56:10'),
(786, 22, 4, '2015-06-18 04:35:27'),
(787, 21, 3, '2015-11-10 07:23:43'),
(788, 25, 6, '2016-01-05 15:16:30'),
(789, 28, 32, '2015-09-19 11:39:13'),
(790, 26, 28, '2015-07-20 17:31:30'),
(791, 27, 16, '2015-09-25 12:39:42'),
(792, 25, 11, '2016-02-16 22:08:35'),
(793, 23, 24, '2016-03-12 05:27:52'),
(794, 23, 34, '2015-06-30 06:12:15'),
(795, 25, 8, '2015-11-19 07:46:08'),
(796, 26, 20, '2016-01-28 19:54:18'),
(797, 29, 29, '2015-06-06 07:26:34'),
(798, 30, 9, '2015-05-08 12:49:31'),
(799, 30, 36, '2016-01-28 06:25:31'),
(800, 25, 5, '2015-08-24 10:14:51'),
(801, 27, 30, '2015-12-21 08:19:55'),
(802, 29, 26, '2015-08-07 22:44:39'),
(803, 22, 23, '2015-09-25 17:21:44'),
(804, 25, 21, '2015-12-21 15:06:22'),
(805, 28, 21, '2015-06-08 16:05:20'),
(806, 23, 1, '2015-08-19 02:56:57'),
(807, 23, 1, '2015-09-04 15:33:32'),
(808, 27, 1, '2015-11-02 03:09:04'),
(809, 24, 2, '2015-05-30 15:30:41'),
(810, 28, 8, '2015-07-23 13:04:38'),
(811, 29, 26, '2015-12-30 00:20:58'),
(812, 30, 28, '2016-04-15 07:53:13'),
(813, 23, 10, '2015-06-07 14:31:13'),
(814, 29, 29, '2015-05-02 08:22:11'),
(815, 25, 40, '2015-04-30 22:37:32'),
(816, 28, 3, '2015-08-31 11:53:00'),
(817, 23, 23, '2015-11-22 12:40:57'),
(818, 29, 17, '2015-08-17 22:14:46'),
(819, 29, 20, '2015-09-29 11:42:12'),
(820, 22, 31, '2016-03-03 19:13:51'),
(821, 30, 14, '2016-04-15 16:27:02'),
(822, 27, 17, '2016-01-04 05:22:17'),
(823, 28, 18, '2015-07-11 16:23:22'),
(824, 23, 39, '2015-10-10 13:24:01'),
(825, 27, 8, '2015-05-31 19:25:12'),
(826, 30, 19, '2016-02-18 05:22:29'),
(827, 25, 6, '2016-03-18 08:02:00'),
(828, 24, 39, '2015-10-26 03:25:39'),
(829, 26, 21, '2016-01-09 18:13:59'),
(830, 22, 37, '2015-11-06 02:16:23'),
(831, 22, 15, '2015-05-12 20:58:05'),
(832, 24, 17, '2016-01-19 06:15:50'),
(833, 30, 32, '2015-12-08 16:54:20'),
(834, 23, 8, '2015-07-05 04:09:45'),
(835, 27, 15, '2016-03-22 07:55:39'),
(836, 24, 8, '2015-09-02 08:25:25'),
(837, 24, 9, '2015-05-03 21:54:33'),
(838, 22, 16, '2016-01-03 02:10:54'),
(839, 26, 40, '2016-03-13 00:20:38'),
(840, 25, 35, '2015-06-07 05:10:01'),
(841, 25, 21, '2015-05-25 08:07:20'),
(842, 25, 12, '2015-12-29 13:44:52'),
(843, 29, 29, '2015-07-18 12:43:27'),
(844, 23, 37, '2015-07-09 11:34:26'),
(845, 24, 14, '2015-12-11 19:17:05'),
(846, 21, 14, '2015-10-30 18:13:26'),
(847, 21, 12, '2015-12-05 00:18:17'),
(848, 21, 22, '2016-01-23 10:32:41'),
(849, 26, 11, '2015-09-07 06:39:40'),
(850, 21, 12, '2015-07-22 06:55:46'),
(851, 27, 2, '2016-01-13 04:00:47'),
(852, 28, 6, '2016-04-03 17:29:52'),
(853, 29, 14, '2015-09-15 10:58:35'),
(854, 25, 14, '2016-03-05 15:23:25'),
(855, 27, 40, '2015-06-19 07:39:57'),
(856, 24, 38, '2015-07-29 05:44:34'),
(857, 25, 37, '2016-04-13 07:55:15'),
(858, 24, 33, '2016-03-30 02:57:16'),
(859, 27, 20, '2016-01-11 01:06:14'),
(860, 21, 31, '2016-01-19 18:41:52'),
(861, 22, 3, '2015-12-24 06:01:07'),
(862, 29, 1, '2015-04-30 22:35:55'),
(863, 26, 36, '2016-02-07 01:09:50'),
(864, 22, 35, '2015-12-31 03:05:07'),
(865, 23, 38, '2016-03-23 07:58:31'),
(866, 29, 25, '2015-06-10 07:16:05'),
(867, 21, 26, '2016-01-13 12:48:08'),
(868, 27, 16, '2015-06-28 13:38:50'),
(869, 21, 21, '2015-05-06 12:31:28'),
(870, 25, 24, '2015-05-24 10:02:26'),
(871, 25, 40, '2015-12-06 22:48:20'),
(872, 23, 34, '2016-02-22 04:36:51'),
(873, 25, 20, '2015-06-17 02:03:18'),
(874, 27, 8, '2015-12-27 01:07:12'),
(875, 28, 23, '2015-11-12 17:32:37'),
(876, 22, 32, '2015-12-31 15:22:12'),
(877, 26, 32, '2015-12-15 10:27:16'),
(878, 21, 7, '2015-08-20 20:12:51'),
(879, 28, 20, '2016-01-18 02:23:10'),
(880, 21, 15, '2015-05-06 02:23:21'),
(881, 25, 7, '2016-01-12 19:17:54'),
(882, 26, 16, '2015-05-25 14:52:02'),
(883, 26, 21, '2015-07-18 15:59:52'),
(884, 23, 21, '2015-06-26 17:48:03'),
(885, 24, 6, '2015-06-01 00:36:13'),
(886, 25, 21, '2015-06-07 04:45:34'),
(887, 27, 21, '2015-09-30 13:59:14'),
(888, 27, 18, '2015-12-21 18:08:20'),
(889, 25, 9, '2016-03-03 14:12:19'),
(890, 29, 32, '2015-09-10 10:02:29'),
(891, 25, 18, '2016-01-14 15:43:26'),
(892, 28, 31, '2016-02-08 14:37:16'),
(893, 26, 15, '2015-10-29 20:00:54'),
(894, 28, 3, '2015-07-02 19:40:17'),
(895, 30, 23, '2016-04-06 20:20:01'),
(896, 22, 14, '2016-04-13 06:59:18'),
(897, 29, 1, '2015-10-05 18:31:30'),
(898, 28, 32, '2015-11-04 03:53:00'),
(899, 24, 3, '2015-05-04 06:52:03'),
(900, 23, 29, '2016-02-04 06:00:44'),
(901, 25, 9, '2016-03-11 08:17:21'),
(902, 29, 34, '2015-05-23 09:21:32'),
(903, 28, 6, '2015-12-14 16:23:02'),
(904, 24, 29, '2015-07-31 00:18:37'),
(905, 23, 13, '2016-03-03 19:54:44'),
(906, 26, 6, '2015-10-22 06:51:07'),
(907, 24, 9, '2016-02-05 02:18:24'),
(908, 24, 12, '2016-03-02 11:48:57'),
(909, 25, 16, '2016-01-16 07:34:53'),
(910, 22, 28, '2015-11-23 07:27:24'),
(911, 27, 1, '2015-07-31 01:09:20'),
(912, 22, 23, '2015-08-18 14:46:01'),
(913, 22, 23, '2015-12-26 13:06:27'),
(914, 26, 10, '2015-08-22 03:19:21'),
(915, 24, 21, '2015-05-05 04:31:04'),
(916, 26, 31, '2016-02-24 13:26:30'),
(917, 25, 18, '2016-02-08 22:53:19'),
(918, 24, 16, '2015-09-01 13:01:32'),
(919, 27, 7, '2015-09-20 07:36:45'),
(920, 26, 25, '2015-05-03 12:26:00'),
(921, 30, 17, '2015-07-13 20:56:42'),
(922, 30, 22, '2016-01-14 05:10:29'),
(923, 21, 31, '2015-08-11 05:04:15'),
(924, 21, 8, '2016-03-14 05:42:34'),
(925, 21, 6, '2016-02-17 05:08:03'),
(926, 28, 35, '2015-12-26 02:31:15'),
(927, 30, 8, '2015-08-31 01:29:59'),
(928, 22, 21, '2015-11-22 06:44:36'),
(929, 22, 22, '2015-11-21 06:39:37'),
(930, 29, 21, '2015-12-28 04:15:29'),
(931, 27, 27, '2015-09-22 19:38:37'),
(932, 28, 9, '2015-08-03 23:03:30'),
(933, 27, 5, '2015-11-04 10:45:59'),
(934, 28, 10, '2016-02-25 17:42:35'),
(935, 24, 16, '2016-04-12 05:15:08'),
(936, 22, 26, '2015-12-18 04:52:12'),
(937, 24, 15, '2015-12-02 06:42:10'),
(938, 26, 29, '2016-03-18 11:29:25'),
(939, 30, 35, '2015-05-22 20:45:05'),
(940, 21, 21, '2015-06-18 20:50:00'),
(941, 28, 37, '2015-05-16 05:54:43'),
(942, 28, 9, '2015-05-02 06:04:10'),
(943, 23, 15, '2016-03-05 02:29:21'),
(944, 23, 11, '2016-03-07 12:39:43'),
(945, 27, 26, '2016-04-08 20:17:45'),
(946, 30, 33, '2016-04-16 15:59:43'),
(947, 24, 25, '2015-08-21 02:29:54'),
(948, 23, 14, '2016-02-22 14:57:55'),
(949, 28, 23, '2015-10-18 08:46:50'),
(950, 30, 25, '2016-04-12 11:11:43'),
(951, 21, 12, '2015-10-29 01:13:11'),
(952, 27, 33, '2015-09-24 12:23:37'),
(953, 22, 40, '2016-04-19 16:01:07'),
(954, 25, 12, '2015-05-26 02:07:31'),
(955, 21, 28, '2016-01-23 18:46:03'),
(956, 29, 23, '2015-08-03 14:34:34'),
(957, 25, 35, '2015-10-16 03:43:03'),
(958, 30, 13, '2015-04-26 01:49:00'),
(959, 29, 17, '2015-12-19 06:05:54'),
(960, 22, 27, '2016-03-15 10:59:16'),
(961, 30, 10, '2015-07-23 14:44:32'),
(962, 25, 34, '2015-07-24 21:20:09'),
(963, 27, 15, '2015-12-14 00:54:41'),
(964, 24, 14, '2016-02-28 05:45:29'),
(965, 25, 19, '2015-09-02 20:54:07'),
(966, 22, 11, '2015-08-10 07:32:35'),
(967, 25, 37, '2015-05-20 23:29:14'),
(968, 23, 16, '2016-02-03 13:56:39'),
(969, 28, 23, '2015-05-14 05:06:27'),
(970, 28, 4, '2015-05-05 19:25:09'),
(971, 26, 16, '2015-10-05 20:25:19'),
(972, 29, 25, '2016-02-04 04:58:34'),
(973, 22, 20, '2015-05-24 12:05:19'),
(974, 23, 5, '2015-10-10 14:36:53'),
(975, 29, 25, '2016-04-03 00:55:16'),
(976, 28, 29, '2015-04-30 02:36:03'),
(977, 25, 3, '2016-02-27 11:16:03'),
(978, 27, 18, '2015-06-22 09:44:49'),
(979, 25, 34, '2015-08-01 17:58:55'),
(980, 27, 40, '2015-08-10 11:51:23'),
(981, 29, 15, '2016-01-18 08:08:33'),
(982, 26, 18, '2015-12-26 14:31:22'),
(983, 25, 39, '2015-08-29 20:52:17'),
(984, 23, 1, '2016-01-22 15:31:31'),
(985, 23, 22, '2015-04-25 13:49:02'),
(986, 21, 4, '2015-08-28 07:33:24'),
(987, 26, 23, '2015-09-17 03:26:17'),
(988, 29, 15, '2015-06-20 06:16:36'),
(989, 26, 4, '2015-12-18 07:22:33'),
(990, 29, 11, '2015-08-05 10:56:05'),
(991, 26, 19, '2016-04-02 22:56:53'),
(992, 30, 24, '2015-07-14 11:26:58'),
(993, 27, 24, '2016-02-27 09:44:53'),
(994, 26, 6, '2015-07-24 09:51:42'),
(995, 25, 23, '2015-07-08 13:29:09'),
(996, 28, 13, '2015-11-28 07:29:50'),
(997, 27, 17, '2016-03-14 14:59:21'),
(998, 29, 4, '2016-02-19 01:53:02'),
(999, 25, 14, '2015-05-31 01:36:15'),
(1000, 25, 38, '2015-05-12 13:37:07'),
(1001, 28, 22, '2016-03-10 18:15:01'),
(1002, 21, 30, '2016-04-20 19:08:51'),
(1003, 22, 7, '2015-12-13 02:42:05'),
(1004, 25, 13, '2015-09-11 19:33:58'),
(1005, 25, 3, '2016-03-15 20:43:48'),
(1006, 22, 26, '2015-07-18 13:49:54'),
(1007, 24, 35, '2016-04-15 15:40:45'),
(1008, 26, 11, '2016-02-17 22:20:40'),
(1009, 29, 2, '2015-12-12 05:19:53'),
(1010, 22, 28, '2015-10-08 23:27:48'),
(1011, 24, 5, '2015-09-04 21:44:45'),
(1012, 23, 35, '2016-04-14 13:58:30'),
(1013, 29, 2, '2015-08-16 04:56:32'),
(1014, 30, 26, '2016-02-03 13:58:21'),
(1015, 29, 5, '2016-03-13 23:59:52'),
(1016, 24, 12, '2015-08-08 02:32:32'),
(1017, 25, 7, '2015-10-05 19:35:17'),
(1018, 29, 6, '2015-10-12 11:08:50'),
(1019, 30, 34, '2015-10-14 21:22:03'),
(1020, 29, 9, '2016-02-28 23:21:17'),
(1021, 22, 5, '2015-12-31 21:07:20'),
(1022, 27, 20, '2015-09-29 15:52:07'),
(1023, 21, 20, '2015-07-13 13:20:25'),
(1024, 25, 6, '2016-02-11 08:46:18'),
(1025, 26, 14, '2015-07-21 22:33:21'),
(1026, 27, 15, '2015-08-08 09:14:39'),
(1027, 23, 40, '2015-07-18 03:05:29'),
(1028, 29, 12, '2016-01-17 07:25:42'),
(1029, 27, 21, '2016-01-08 06:21:18'),
(1030, 24, 40, '2015-11-14 07:17:30'),
(1031, 26, 36, '2015-07-15 05:18:03'),
(1032, 25, 30, '2015-05-02 14:16:20'),
(1033, 25, 9, '2015-10-29 21:27:51'),
(1034, 24, 16, '2015-11-10 22:57:07'),
(1035, 30, 28, '2015-10-16 14:30:11'),
(1036, 21, 13, '2015-05-20 14:37:58'),
(1037, 23, 7, '2016-02-12 11:11:41'),
(1038, 28, 16, '2015-07-06 17:19:48'),
(1039, 29, 20, '2016-03-23 00:44:35'),
(1040, 21, 36, '2015-11-03 08:20:38'),
(1041, 28, 22, '2016-01-10 23:24:09'),
(1042, 26, 36, '2016-03-19 04:13:44'),
(1043, 27, 6, '2016-03-26 05:53:05'),
(1044, 22, 5, '2015-04-21 16:48:39'),
(1045, 25, 33, '2015-05-31 15:49:57'),
(1046, 30, 12, '2016-01-31 14:11:09'),
(1047, 25, 40, '2015-07-05 08:08:15'),
(1048, 23, 8, '2016-02-20 17:47:23'),
(1049, 23, 19, '2016-03-05 06:13:15'),
(1050, 29, 32, '2016-01-18 23:49:44'),
(1051, 27, 23, '2015-06-09 09:55:45'),
(1052, 25, 27, '2015-10-17 18:42:59'),
(1053, 26, 7, '2015-07-18 08:37:16'),
(1054, 24, 35, '2015-10-04 22:31:23'),
(1055, 29, 26, '2015-12-20 00:12:57'),
(1056, 27, 7, '2015-06-03 01:25:11'),
(1057, 26, 11, '2015-09-08 00:37:29'),
(1058, 30, 5, '2015-10-15 20:14:03'),
(1059, 25, 31, '2015-12-13 13:50:10'),
(1060, 23, 1, '2015-08-23 09:46:41'),
(1061, 30, 26, '2016-03-18 04:02:38'),
(1062, 30, 8, '2015-10-31 02:50:59'),
(1063, 30, 7, '2015-05-18 18:14:09'),
(1064, 23, 6, '2016-02-07 00:58:28'),
(1065, 27, 4, '2015-06-18 20:16:48'),
(1066, 27, 8, '2016-02-03 12:54:11'),
(1067, 24, 39, '2015-11-05 09:44:43'),
(1068, 24, 26, '2015-06-06 15:20:59'),
(1069, 21, 1, '2015-10-15 16:16:35'),
(1070, 24, 21, '2015-10-08 13:53:52'),
(1071, 24, 24, '2015-12-14 21:35:10'),
(1072, 21, 31, '2015-12-10 03:43:46'),
(1073, 21, 26, '2015-06-05 20:19:10'),
(1074, 24, 30, '2016-02-06 11:11:25'),
(1075, 24, 37, '2015-12-31 03:30:14'),
(1076, 25, 37, '2015-05-11 11:11:43'),
(1077, 28, 16, '2015-05-26 08:38:40'),
(1078, 21, 35, '2015-07-17 22:02:17'),
(1079, 25, 20, '2015-11-08 08:42:30'),
(1080, 26, 26, '2016-01-21 05:59:42'),
(1081, 21, 30, '2015-11-30 05:29:10'),
(1082, 29, 37, '2015-08-06 13:43:52'),
(1083, 28, 25, '2015-05-10 13:21:10'),
(1084, 22, 18, '2015-05-05 04:22:18'),
(1085, 30, 2, '2015-10-02 08:44:21'),
(1086, 30, 20, '2016-03-19 17:38:24'),
(1087, 26, 9, '2015-11-27 13:12:36'),
(1088, 26, 24, '2016-01-09 05:26:45'),
(1089, 28, 20, '2016-02-07 07:56:33'),
(1090, 23, 18, '2015-06-30 22:56:34'),
(1091, 21, 40, '2015-12-19 04:40:40'),
(1092, 22, 15, '2015-06-15 04:20:17'),
(1093, 26, 31, '2015-08-12 13:15:22'),
(1094, 24, 38, '2015-04-25 02:45:53'),
(1095, 23, 22, '2015-06-28 09:17:21'),
(1096, 24, 27, '2015-08-04 02:46:38'),
(1097, 28, 5, '2015-10-05 15:22:08'),
(1098, 21, 39, '2016-03-30 20:43:35'),
(1099, 24, 10, '2016-02-28 15:58:38'),
(1100, 27, 32, '2015-10-16 13:39:13'),
(1101, 27, 9, '2015-12-05 13:24:30'),
(1102, 27, 8, '2015-10-28 10:30:27'),
(1103, 23, 11, '2015-08-11 22:39:39'),
(1104, 25, 24, '2016-04-05 20:40:53'),
(1105, 23, 6, '2015-05-08 14:29:18'),
(1106, 30, 35, '2015-05-12 04:43:31'),
(1107, 27, 11, '2015-12-31 00:28:44'),
(1108, 26, 4, '2016-01-26 02:09:18'),
(1109, 27, 33, '2016-04-01 12:40:28'),
(1110, 28, 39, '2015-09-04 14:22:30'),
(1111, 27, 29, '2015-07-26 08:59:25'),
(1112, 26, 12, '2016-01-09 00:36:28'),
(1113, 26, 26, '2015-05-29 04:02:44'),
(1114, 25, 16, '2016-04-11 19:08:33'),
(1115, 24, 31, '2016-01-03 18:35:37'),
(1116, 29, 3, '2016-03-31 18:34:13'),
(1117, 22, 12, '2015-06-06 05:22:04'),
(1118, 27, 2, '2015-07-30 20:32:32'),
(1119, 28, 7, '2015-07-27 22:34:02'),
(1120, 29, 34, '2015-11-27 04:38:56'),
(1121, 30, 14, '2016-02-15 07:48:44'),
(1122, 29, 10, '2016-03-16 11:36:50'),
(1123, 30, 25, '2015-05-17 08:05:08'),
(1124, 30, 14, '2015-07-14 13:58:23'),
(1125, 21, 33, '2016-02-04 11:00:56'),
(1126, 30, 31, '2015-11-27 18:07:53'),
(1127, 29, 3, '2015-06-25 08:22:42'),
(1128, 30, 30, '2015-08-17 01:39:45'),
(1129, 28, 4, '2015-12-13 19:16:22'),
(1130, 22, 25, '2015-08-08 20:14:24'),
(1131, 24, 2, '2015-12-12 20:20:18'),
(1132, 25, 4, '2016-03-27 21:01:22'),
(1133, 24, 32, '2015-12-05 05:54:38'),
(1134, 29, 10, '2015-06-11 08:35:46'),
(1135, 28, 11, '2015-07-10 02:47:28'),
(1136, 25, 14, '2016-01-06 04:35:00'),
(1137, 26, 13, '2016-02-29 07:43:52'),
(1138, 23, 37, '2015-12-29 15:09:40'),
(1139, 23, 23, '2015-12-25 03:23:06'),
(1140, 23, 28, '2015-08-17 03:24:15'),
(1141, 27, 26, '2015-09-01 14:59:58'),
(1142, 28, 25, '2015-09-29 05:30:39'),
(1143, 21, 10, '2015-10-09 23:52:27'),
(1144, 24, 13, '2016-04-08 01:39:30'),
(1145, 21, 26, '2015-05-15 01:39:06'),
(1146, 28, 25, '2015-12-28 16:25:06'),
(1147, 25, 11, '2015-09-17 20:57:38'),
(1148, 22, 5, '2016-02-14 16:47:04'),
(1149, 24, 33, '2015-06-11 08:32:38'),
(1150, 28, 31, '2015-09-25 23:03:16'),
(1151, 21, 31, '2015-12-07 16:50:28'),
(1152, 24, 19, '2015-09-30 15:42:03'),
(1153, 25, 10, '2015-05-18 02:11:44'),
(1154, 25, 14, '2015-07-02 00:03:32'),
(1155, 29, 36, '2015-06-24 12:01:24'),
(1156, 30, 13, '2016-01-12 06:04:09'),
(1157, 29, 20, '2016-01-18 21:42:15'),
(1158, 28, 13, '2015-05-09 11:23:13'),
(1159, 23, 11, '2015-05-05 09:22:15'),
(1160, 25, 4, '2015-06-22 10:19:40'),
(1161, 29, 26, '2016-02-25 08:51:10'),
(1162, 24, 33, '2015-05-15 01:51:45'),
(1163, 29, 19, '2016-04-02 03:33:21'),
(1164, 23, 4, '2016-02-20 23:18:41'),
(1165, 26, 6, '2015-05-23 02:31:51'),
(1166, 21, 16, '2015-11-28 07:02:51'),
(1167, 27, 30, '2015-08-30 09:27:48'),
(1168, 30, 34, '2015-11-14 14:56:02'),
(1169, 28, 21, '2016-01-01 07:33:35'),
(1170, 28, 30, '2015-12-08 14:50:15'),
(1171, 30, 35, '2015-05-21 23:54:30'),
(1172, 30, 40, '2015-10-23 21:32:00'),
(1173, 27, 3, '2016-02-21 08:30:47'),
(1174, 21, 25, '2016-03-03 14:22:47'),
(1175, 29, 3, '2016-03-15 01:04:55'),
(1176, 28, 24, '2015-06-04 23:36:51'),
(1177, 30, 35, '2015-06-17 19:04:08'),
(1178, 29, 33, '2016-01-08 01:51:29'),
(1179, 21, 10, '2016-04-01 08:35:35'),
(1180, 23, 35, '2016-01-20 10:37:15'),
(1181, 24, 31, '2016-03-23 03:40:23'),
(1182, 23, 20, '2015-10-16 07:42:43'),
(1183, 26, 25, '2016-02-27 16:16:55'),
(1184, 22, 12, '2015-11-14 18:25:10'),
(1185, 21, 35, '2015-12-29 16:09:03'),
(1186, 25, 18, '2015-07-17 15:06:29'),
(1187, 27, 21, '2015-06-07 22:27:47'),
(1188, 24, 10, '2015-06-23 13:28:57'),
(1189, 25, 17, '2015-05-29 03:14:33'),
(1190, 23, 12, '2016-04-14 09:05:52'),
(1191, 29, 40, '2015-11-12 04:52:07'),
(1192, 21, 30, '2015-06-03 11:55:07'),
(1193, 22, 28, '2015-04-29 02:45:03'),
(1194, 30, 37, '2015-06-09 00:37:32'),
(1195, 26, 23, '2015-04-23 06:23:51'),
(1196, 25, 28, '2016-01-20 09:57:26'),
(1197, 25, 31, '2016-01-29 00:04:46'),
(1198, 27, 12, '2015-06-07 21:45:55'),
(1199, 21, 31, '2015-06-20 13:16:31'),
(1200, 21, 20, '2015-09-03 23:32:16'),
(1201, 26, 18, '2015-06-14 06:01:54'),
(1202, 27, 35, '2015-08-08 16:55:29'),
(1203, 25, 1, '2015-12-15 13:04:22'),
(1204, 29, 28, '2016-04-19 07:11:47'),
(1205, 26, 25, '2016-04-07 18:54:56'),
(1206, 27, 24, '2015-06-15 09:12:41'),
(1207, 23, 24, '2015-06-28 15:37:50'),
(1208, 25, 23, '2015-06-28 14:15:14'),
(1209, 25, 34, '2016-01-05 00:02:19'),
(1210, 30, 29, '2015-11-21 06:42:19'),
(1211, 27, 20, '2016-01-01 01:26:42'),
(1212, 23, 2, '2015-08-01 13:13:00'),
(1213, 30, 25, '2015-05-18 14:33:08'),
(1214, 25, 16, '2016-01-11 08:09:40'),
(1215, 25, 23, '2015-11-16 11:39:12'),
(1216, 25, 25, '2016-02-25 23:53:35'),
(1217, 25, 18, '2016-03-17 04:59:50'),
(1218, 28, 17, '2015-10-21 22:07:53'),
(1219, 30, 32, '2016-04-09 13:04:04'),
(1220, 27, 32, '2015-08-16 18:13:36'),
(1221, 30, 21, '2016-03-13 05:34:32'),
(1222, 25, 35, '2015-10-17 16:57:23'),
(1223, 28, 2, '2015-07-06 12:37:56'),
(1224, 27, 36, '2015-12-01 15:36:06'),
(1225, 26, 22, '2015-07-17 23:05:58'),
(1226, 28, 25, '2015-09-15 11:06:20'),
(1227, 25, 24, '2015-09-12 00:20:59'),
(1228, 25, 24, '2015-08-22 06:32:42'),
(1229, 29, 30, '2015-08-28 01:00:13'),
(1230, 28, 31, '2015-06-26 11:20:58'),
(1231, 29, 7, '2015-09-08 04:42:31'),
(1232, 28, 3, '2015-11-24 08:27:25'),
(1233, 21, 3, '2016-01-03 06:02:13'),
(1234, 21, 26, '2015-09-06 23:42:34'),
(1235, 21, 19, '2015-08-23 11:53:07'),
(1236, 23, 18, '2016-02-26 06:41:28'),
(1237, 30, 3, '2016-04-17 11:24:09'),
(1238, 26, 32, '2015-10-27 19:41:54'),
(1239, 27, 7, '2015-05-16 02:52:55'),
(1240, 28, 11, '2015-11-04 22:39:25'),
(1241, 30, 14, '2015-04-21 02:14:18'),
(1242, 21, 18, '2015-12-09 02:05:40'),
(1243, 27, 1, '2015-09-18 01:54:53'),
(1244, 28, 3, '2015-08-21 15:52:42'),
(1245, 30, 19, '2016-01-25 02:14:03'),
(1246, 24, 24, '2015-08-30 05:05:56'),
(1247, 22, 38, '2015-05-28 02:59:14'),
(1248, 25, 40, '2015-12-06 04:29:36'),
(1249, 27, 28, '2016-03-12 06:22:14'),
(1250, 24, 33, '2015-10-06 14:32:17'),
(1251, 21, 25, '2015-12-18 01:15:06'),
(1252, 27, 40, '2016-04-09 03:53:31'),
(1253, 25, 20, '2016-01-19 21:12:04'),
(1254, 21, 3, '2015-04-21 13:25:16'),
(1255, 30, 16, '2015-04-21 13:04:38'),
(1256, 25, 31, '2015-04-22 12:48:58'),
(1257, 21, 25, '2015-11-21 11:09:34'),
(1258, 24, 22, '2015-06-02 22:29:30'),
(1259, 28, 3, '2015-04-29 05:24:57'),
(1260, 28, 36, '2016-01-20 12:10:24'),
(1261, 28, 3, '2015-07-13 21:10:17'),
(1262, 27, 3, '2015-12-25 09:06:50'),
(1263, 23, 37, '2015-11-23 00:50:46'),
(1264, 25, 35, '2016-03-23 18:17:10'),
(1265, 27, 11, '2015-05-19 21:10:04'),
(1266, 30, 11, '2015-07-11 19:38:48'),
(1267, 21, 5, '2015-09-03 10:40:36'),
(1268, 26, 24, '2015-11-11 18:04:36'),
(1269, 26, 39, '2015-09-24 23:23:45'),
(1270, 29, 27, '2016-02-15 07:54:40'),
(1271, 29, 19, '2016-03-28 06:47:17'),
(1272, 22, 28, '2015-08-27 22:40:35'),
(1273, 29, 14, '2015-12-30 15:26:34'),
(1274, 21, 33, '2015-08-28 16:10:56'),
(1275, 23, 25, '2015-09-07 02:20:54'),
(1276, 25, 38, '2015-05-19 14:29:40'),
(1277, 26, 19, '2015-10-08 06:21:35'),
(1278, 28, 38, '2016-01-29 15:06:24'),
(1279, 25, 20, '2016-01-08 12:00:04'),
(1280, 28, 6, '2016-03-04 18:12:10'),
(1281, 26, 21, '2015-11-13 02:35:53'),
(1282, 22, 39, '2015-07-14 16:49:07'),
(1283, 30, 12, '2015-07-24 14:59:04'),
(1284, 26, 16, '2016-02-21 04:58:58'),
(1285, 28, 39, '2016-03-06 00:29:48'),
(1286, 23, 37, '2015-06-21 06:06:05'),
(1287, 30, 10, '2015-11-19 14:16:24'),
(1288, 25, 27, '2015-11-13 17:49:26'),
(1289, 22, 27, '2015-05-31 11:55:19'),
(1290, 26, 17, '2015-06-15 14:35:13'),
(1291, 30, 17, '2016-04-09 03:13:38'),
(1292, 24, 9, '2015-09-19 05:07:19'),
(1293, 26, 19, '2015-05-18 02:12:55'),
(1294, 22, 24, '2016-02-08 03:27:44'),
(1295, 21, 22, '2016-03-24 06:50:03'),
(1296, 21, 25, '2015-10-08 18:25:03'),
(1297, 30, 5, '2015-06-29 20:53:37'),
(1298, 30, 27, '2016-04-17 06:13:57'),
(1299, 28, 37, '2015-10-16 21:00:14'),
(1300, 22, 13, '2015-08-18 18:05:25'),
(1301, 23, 39, '2015-09-24 18:36:11'),
(1302, 24, 36, '2015-10-07 18:39:59'),
(1303, 30, 25, '2015-10-12 19:03:47'),
(1304, 29, 13, '2016-02-04 19:00:25'),
(1305, 27, 16, '2015-11-08 12:04:09'),
(1306, 27, 32, '2015-06-13 22:12:05'),
(1307, 22, 34, '2015-06-20 20:48:06'),
(1308, 21, 2, '2015-07-18 19:04:47'),
(1309, 27, 18, '2015-05-09 15:12:05'),
(1310, 26, 28, '2015-10-11 18:59:03'),
(1311, 26, 28, '2015-11-07 17:50:40'),
(1312, 28, 12, '2016-02-11 08:58:59'),
(1313, 27, 3, '2016-01-08 17:53:03'),
(1314, 25, 9, '2015-06-19 02:08:22'),
(1315, 27, 31, '2015-04-24 22:49:57'),
(1316, 30, 23, '2016-03-11 11:37:36'),
(1317, 30, 25, '2015-05-11 21:29:50'),
(1318, 29, 30, '2015-10-02 04:04:48'),
(1319, 28, 1, '2015-10-21 14:26:56'),
(1320, 23, 35, '2015-11-12 16:54:14'),
(1321, 22, 2, '2015-04-21 08:17:17'),
(1322, 23, 37, '2015-05-01 03:44:57'),
(1323, 28, 29, '2015-10-15 14:03:21'),
(1324, 23, 2, '2015-11-21 19:14:10'),
(1325, 23, 9, '2016-01-08 09:22:38'),
(1326, 28, 13, '2015-09-18 02:58:36'),
(1327, 27, 33, '2015-09-28 19:16:04'),
(1328, 30, 31, '2015-12-09 15:50:42'),
(1329, 29, 9, '2016-02-12 05:55:26'),
(1330, 28, 24, '2015-08-10 19:30:01'),
(1331, 24, 21, '2016-04-14 02:45:55'),
(1332, 23, 2, '2015-12-20 18:43:06'),
(1333, 28, 39, '2016-03-31 00:27:43'),
(1334, 22, 31, '2016-01-15 21:56:44'),
(1335, 25, 39, '2015-10-29 09:10:49'),
(1336, 30, 10, '2015-12-26 15:34:56'),
(1337, 30, 14, '2016-01-27 03:20:40'),
(1338, 22, 16, '2015-06-26 10:54:04'),
(1339, 21, 26, '2015-09-10 23:21:47'),
(1340, 22, 11, '2016-01-05 11:57:42'),
(1341, 29, 7, '2015-05-27 20:22:18'),
(1342, 24, 20, '2015-04-27 12:56:46'),
(1343, 25, 39, '2015-05-15 19:07:41'),
(1344, 26, 16, '2015-12-01 19:50:37'),
(1345, 23, 11, '2016-03-29 14:19:03'),
(1346, 30, 27, '2015-10-19 08:41:26'),
(1347, 30, 29, '2015-09-02 01:26:04'),
(1348, 22, 2, '2016-02-20 10:21:44'),
(1349, 26, 6, '2016-01-24 20:07:28'),
(1350, 30, 1, '2015-05-04 15:43:45'),
(1351, 25, 22, '2016-03-29 14:53:36'),
(1352, 23, 26, '2015-10-15 06:32:50'),
(1353, 30, 23, '2015-05-07 15:19:03'),
(1354, 26, 22, '2016-02-15 01:17:26'),
(1355, 23, 26, '2015-06-06 10:54:36'),
(1356, 22, 4, '2015-12-29 00:07:16'),
(1357, 21, 32, '2015-08-16 05:42:36'),
(1358, 26, 25, '2015-09-16 15:51:19'),
(1359, 30, 2, '2015-10-20 05:18:09'),
(1360, 27, 28, '2015-05-14 01:22:38'),
(1361, 24, 20, '2015-09-20 12:05:34'),
(1362, 30, 33, '2015-09-04 03:43:02'),
(1363, 23, 31, '2015-04-30 01:29:01'),
(1364, 21, 13, '2015-05-09 20:12:21'),
(1365, 21, 36, '2016-03-11 05:36:59'),
(1366, 22, 17, '2015-06-02 19:13:11'),
(1367, 29, 31, '2015-06-30 10:25:08'),
(1368, 30, 39, '2015-10-20 06:10:47'),
(1369, 21, 20, '2015-12-08 13:04:28'),
(1370, 22, 26, '2015-07-21 10:33:43'),
(1371, 23, 35, '2016-02-25 18:37:20'),
(1372, 27, 6, '2015-08-02 01:22:48'),
(1373, 24, 16, '2015-07-28 10:07:01'),
(1374, 27, 38, '2016-02-10 15:40:41'),
(1375, 26, 28, '2015-06-17 00:42:48'),
(1376, 21, 8, '2015-09-15 10:49:08'),
(1377, 30, 19, '2015-07-15 01:17:29'),
(1378, 28, 11, '2016-04-10 13:56:42'),
(1379, 21, 4, '2015-10-24 02:49:43'),
(1380, 26, 36, '2015-08-04 04:33:14'),
(1381, 28, 14, '2015-08-05 09:32:10'),
(1382, 28, 23, '2016-03-26 10:44:00'),
(1383, 26, 24, '2015-06-24 18:24:06'),
(1384, 24, 10, '2015-05-16 00:01:21'),
(1385, 28, 11, '2015-12-15 02:17:25'),
(1386, 30, 2, '2015-09-06 07:33:30'),
(1387, 24, 38, '2015-09-06 15:11:06');
INSERT INTO `mytable` (`id`, `user_id`, `feed_id`, `date_added`) VALUES
(1388, 22, 22, '2015-08-12 11:03:54'),
(1389, 30, 27, '2015-08-30 10:16:39'),
(1390, 30, 18, '2015-06-17 17:24:10'),
(1391, 30, 35, '2015-09-17 02:28:42'),
(1392, 30, 8, '2015-08-03 21:09:52'),
(1393, 21, 26, '2015-05-15 02:24:14'),
(1394, 23, 18, '2016-03-07 10:51:59'),
(1395, 26, 4, '2015-12-12 17:27:31'),
(1396, 25, 7, '2015-10-25 03:45:42'),
(1397, 26, 31, '2015-08-25 11:48:18'),
(1398, 26, 17, '2015-09-12 13:28:49'),
(1399, 23, 23, '2015-07-28 00:31:09'),
(1400, 26, 2, '2015-10-20 23:10:24'),
(1401, 21, 34, '2015-07-27 11:34:59'),
(1402, 29, 6, '2015-11-29 00:30:01'),
(1403, 28, 27, '2015-09-03 21:41:36'),
(1404, 21, 36, '2016-03-31 22:15:33'),
(1405, 22, 23, '2015-07-06 09:21:47'),
(1406, 29, 9, '2015-05-06 12:58:27'),
(1407, 21, 20, '2016-01-27 10:18:45'),
(1408, 26, 21, '2015-11-18 16:10:41'),
(1409, 28, 14, '2015-09-12 12:25:12'),
(1410, 24, 12, '2015-09-06 18:39:13'),
(1411, 24, 33, '2016-02-28 14:43:08'),
(1412, 23, 40, '2015-08-16 08:04:28'),
(1413, 30, 2, '2015-10-09 04:37:13'),
(1414, 28, 39, '2015-06-21 16:08:12'),
(1415, 28, 40, '2015-10-20 06:10:52'),
(1416, 21, 18, '2015-10-20 07:09:05'),
(1417, 22, 23, '2015-08-06 09:26:52'),
(1418, 27, 34, '2015-08-21 10:45:19'),
(1419, 21, 12, '2016-04-20 15:23:15'),
(1420, 30, 38, '2015-06-01 12:29:56'),
(1421, 24, 11, '2016-01-28 02:51:14'),
(1422, 21, 4, '2015-08-08 20:59:40'),
(1423, 27, 36, '2015-07-20 15:31:29'),
(1424, 29, 2, '2016-02-16 10:24:08'),
(1425, 26, 22, '2015-10-13 20:20:57'),
(1426, 26, 39, '2015-07-27 14:10:15'),
(1427, 21, 10, '2016-02-10 04:11:25'),
(1428, 29, 32, '2015-05-28 08:41:42'),
(1429, 25, 34, '2016-03-13 18:41:19'),
(1430, 29, 30, '2015-06-25 21:33:14'),
(1431, 22, 35, '2015-07-18 00:20:33'),
(1432, 29, 1, '2015-07-06 15:39:42'),
(1433, 27, 17, '2015-06-12 16:59:05'),
(1434, 23, 23, '2015-08-11 23:51:45'),
(1435, 25, 40, '2015-06-05 05:40:18'),
(1436, 23, 13, '2016-04-01 11:42:07'),
(1437, 28, 8, '2015-05-25 18:54:46'),
(1438, 29, 21, '2016-03-29 06:27:46'),
(1439, 27, 2, '2015-09-19 13:23:40'),
(1440, 27, 39, '2015-05-05 12:15:11'),
(1441, 30, 10, '2016-01-19 00:43:22'),
(1442, 21, 17, '2016-01-05 23:46:47'),
(1443, 27, 30, '2016-03-07 09:03:36'),
(1444, 28, 23, '2015-06-29 03:43:57'),
(1445, 26, 16, '2016-03-14 03:30:42'),
(1446, 30, 37, '2016-03-22 07:58:38'),
(1447, 22, 27, '2016-04-11 06:55:22'),
(1448, 25, 16, '2015-11-07 13:13:22'),
(1449, 26, 15, '2016-04-19 10:35:51'),
(1450, 27, 13, '2016-02-22 16:56:20'),
(1451, 21, 31, '2016-01-28 23:48:37'),
(1452, 24, 12, '2016-02-13 17:46:56'),
(1453, 21, 36, '2015-09-05 12:07:28'),
(1454, 28, 4, '2015-07-18 04:38:53'),
(1455, 24, 40, '2015-08-23 06:03:11'),
(1456, 28, 3, '2016-04-20 08:10:41'),
(1457, 28, 14, '2016-01-14 14:50:22'),
(1458, 30, 6, '2015-05-25 14:04:15'),
(1459, 28, 33, '2015-06-29 09:24:24'),
(1460, 27, 25, '2016-03-09 00:02:41'),
(1461, 21, 28, '2015-08-28 12:12:18'),
(1462, 29, 23, '2016-02-04 20:59:35'),
(1463, 21, 1, '2016-04-11 10:43:53'),
(1464, 26, 8, '2016-01-27 01:06:09'),
(1465, 22, 33, '2016-03-10 20:50:07'),
(1466, 30, 14, '2016-01-02 19:24:32'),
(1467, 30, 30, '2016-04-08 16:52:14'),
(1468, 30, 33, '2015-06-04 15:30:16'),
(1469, 24, 1, '2016-04-08 08:56:22'),
(1470, 26, 6, '2016-01-13 11:50:18'),
(1471, 21, 30, '2015-09-30 16:44:16'),
(1472, 21, 2, '2015-05-02 12:49:43'),
(1473, 27, 8, '2016-02-20 13:36:19'),
(1474, 22, 38, '2015-11-30 17:03:39'),
(1475, 21, 29, '2015-09-12 23:24:15'),
(1476, 26, 25, '2015-07-14 08:58:07'),
(1477, 24, 17, '2015-04-22 16:53:08'),
(1478, 30, 24, '2015-06-21 05:33:53'),
(1479, 24, 13, '2016-03-09 18:09:57'),
(1480, 28, 8, '2016-03-28 01:38:34'),
(1481, 29, 23, '2016-03-21 08:26:49'),
(1482, 23, 31, '2016-03-29 15:36:17'),
(1483, 24, 2, '2015-07-14 13:39:01'),
(1484, 21, 3, '2015-05-13 14:32:00'),
(1485, 22, 18, '2016-01-03 01:11:28'),
(1486, 24, 23, '2016-03-21 17:08:43'),
(1487, 25, 18, '2015-05-07 05:39:10'),
(1488, 21, 19, '2015-11-26 15:00:53'),
(1489, 25, 39, '2015-06-25 22:42:40'),
(1490, 27, 15, '2015-10-30 02:21:02'),
(1491, 23, 1, '2015-07-25 21:45:55'),
(1492, 28, 24, '2016-01-20 02:00:40'),
(1493, 30, 14, '2015-12-04 15:46:53'),
(1494, 22, 1, '2016-01-02 07:01:41'),
(1495, 21, 38, '2015-05-04 05:59:41'),
(1496, 26, 7, '2016-03-08 02:42:01'),
(1497, 23, 6, '2016-01-28 22:41:18'),
(1498, 25, 37, '2016-04-20 15:29:19'),
(1499, 21, 9, '2015-12-18 03:28:43'),
(1500, 28, 34, '2016-01-17 09:15:16'),
(1501, 26, 4, '2016-02-08 00:16:40'),
(1502, 27, 12, '2015-09-09 21:38:24'),
(1503, 24, 11, '2016-03-08 09:30:32'),
(1504, 27, 15, '2015-05-15 05:08:06'),
(1505, 23, 37, '2016-04-19 01:08:39'),
(1506, 21, 8, '2016-02-09 19:42:09'),
(1507, 25, 12, '2015-11-09 07:50:07'),
(1508, 23, 19, '2015-06-15 05:23:42'),
(1509, 24, 9, '2015-07-17 01:35:13'),
(1510, 30, 24, '2016-02-25 20:17:50'),
(1511, 27, 1, '2015-07-24 09:44:52'),
(1512, 24, 38, '2016-01-19 15:06:17'),
(1513, 26, 18, '2016-02-19 23:04:43'),
(1514, 23, 36, '2016-02-02 20:39:24'),
(1515, 28, 28, '2015-07-20 17:11:31'),
(1516, 22, 7, '2015-10-21 15:17:13'),
(1517, 23, 31, '2016-02-15 11:24:22'),
(1518, 24, 3, '2015-10-29 04:40:40'),
(1519, 22, 36, '2015-07-04 19:49:29'),
(1520, 21, 26, '2015-07-04 00:56:52'),
(1521, 21, 24, '2015-09-23 15:04:09'),
(1522, 23, 5, '2015-11-12 20:27:10'),
(1523, 30, 22, '2015-11-17 01:24:09'),
(1524, 25, 28, '2015-06-02 22:24:00'),
(1525, 26, 34, '2015-04-28 11:38:11'),
(1526, 28, 22, '2015-07-16 04:40:53'),
(1527, 30, 13, '2016-01-07 02:18:23'),
(1528, 22, 1, '2016-03-30 20:10:36'),
(1529, 29, 12, '2015-11-01 10:21:25'),
(1530, 23, 14, '2016-03-18 05:03:25'),
(1531, 29, 33, '2015-09-25 13:29:38'),
(1532, 25, 38, '2015-05-07 12:10:08'),
(1533, 27, 13, '2015-10-03 06:52:58'),
(1534, 26, 10, '2015-09-04 22:53:09'),
(1535, 29, 34, '2015-07-27 11:21:40'),
(1536, 27, 4, '2016-03-16 10:11:20'),
(1537, 25, 9, '2016-02-08 09:51:21'),
(1538, 21, 1, '2015-10-01 04:05:21'),
(1539, 26, 9, '2015-12-19 12:57:07'),
(1540, 29, 25, '2015-08-02 17:21:55'),
(1541, 21, 8, '2016-03-30 23:49:57'),
(1542, 23, 18, '2015-08-08 15:05:30'),
(1543, 30, 11, '2015-08-07 09:16:23'),
(1544, 27, 17, '2016-02-19 10:25:46'),
(1545, 28, 25, '2015-06-27 01:34:43'),
(1546, 29, 14, '2015-08-19 00:29:28'),
(1547, 21, 32, '2015-11-12 16:57:52'),
(1548, 24, 27, '2015-06-01 06:04:43'),
(1549, 23, 31, '2016-02-02 10:57:45'),
(1550, 27, 13, '2016-03-27 07:41:46'),
(1551, 27, 7, '2015-08-11 04:09:58'),
(1552, 24, 7, '2015-12-10 10:37:17'),
(1553, 23, 11, '2015-05-28 05:33:42'),
(1554, 29, 20, '2015-08-30 03:48:55'),
(1555, 21, 17, '2015-06-10 13:56:18'),
(1556, 23, 12, '2015-09-28 07:30:56'),
(1557, 23, 25, '2015-08-10 01:35:24'),
(1558, 25, 1, '2015-08-23 21:23:36'),
(1559, 22, 4, '2016-02-20 08:12:39'),
(1560, 23, 29, '2016-03-23 02:39:41'),
(1561, 27, 38, '2016-04-12 06:10:58'),
(1562, 30, 9, '2015-07-25 21:56:17'),
(1563, 21, 22, '2015-06-08 15:02:55'),
(1564, 21, 21, '2015-07-05 13:46:28'),
(1565, 22, 3, '2015-10-03 14:56:23'),
(1566, 22, 11, '2016-03-12 12:48:50'),
(1567, 27, 28, '2015-04-21 17:38:02'),
(1568, 24, 37, '2015-12-03 23:44:57'),
(1569, 26, 3, '2016-03-27 11:21:26'),
(1570, 29, 28, '2015-05-05 23:13:57'),
(1571, 28, 11, '2015-07-17 14:46:30'),
(1572, 22, 14, '2015-07-18 01:14:14'),
(1573, 30, 30, '2015-09-18 02:07:46'),
(1574, 24, 23, '2015-08-17 18:45:35'),
(1575, 23, 35, '2015-07-19 15:50:54'),
(1576, 25, 36, '2016-01-14 13:40:55'),
(1577, 30, 11, '2015-10-21 13:35:54'),
(1578, 28, 33, '2015-08-30 04:13:48'),
(1579, 23, 15, '2015-12-01 19:11:45'),
(1580, 22, 30, '2016-02-05 05:26:00'),
(1581, 27, 8, '2016-03-09 18:35:53'),
(1582, 22, 18, '2016-02-03 06:46:13'),
(1583, 27, 19, '2016-04-15 22:48:52'),
(1584, 21, 6, '2016-04-08 08:40:52'),
(1585, 30, 17, '2015-05-20 07:31:08'),
(1586, 26, 18, '2016-01-12 14:12:04'),
(1587, 28, 4, '2015-07-24 20:21:45'),
(1588, 27, 1, '2015-08-26 20:13:16'),
(1589, 23, 24, '2016-03-21 04:27:37'),
(1590, 23, 16, '2015-09-23 21:42:01'),
(1591, 29, 27, '2015-12-03 12:50:17'),
(1592, 23, 17, '2016-02-26 19:38:17'),
(1593, 25, 10, '2015-04-29 19:50:30'),
(1594, 28, 10, '2015-06-09 13:12:19'),
(1595, 24, 16, '2015-05-29 03:04:09'),
(1596, 25, 39, '2015-09-27 12:23:26'),
(1597, 22, 12, '2015-12-07 02:27:17'),
(1598, 29, 31, '2015-11-29 19:01:40'),
(1599, 30, 25, '2015-11-20 03:43:50'),
(1600, 21, 4, '2016-04-13 03:31:02'),
(1601, 25, 14, '2016-04-13 12:51:52'),
(1602, 29, 18, '2016-04-17 19:46:26'),
(1603, 27, 21, '2015-08-05 05:03:36'),
(1604, 30, 34, '2016-03-17 11:52:23'),
(1605, 28, 20, '2015-07-05 22:06:46'),
(1606, 22, 26, '2016-02-23 07:05:14'),
(1607, 23, 8, '2015-12-28 10:58:18'),
(1608, 25, 6, '2015-08-12 16:48:19'),
(1609, 28, 25, '2016-03-20 21:18:15'),
(1610, 25, 25, '2016-03-09 10:27:40'),
(1611, 24, 27, '2015-05-03 17:32:12'),
(1612, 29, 21, '2016-03-27 08:34:31'),
(1613, 21, 16, '2016-01-11 11:06:49'),
(1614, 22, 32, '2015-11-16 01:39:44'),
(1615, 26, 34, '2016-03-16 05:04:21'),
(1616, 24, 38, '2015-12-19 19:50:46'),
(1617, 28, 13, '2015-10-14 02:58:12'),
(1618, 26, 25, '2015-10-12 01:43:47'),
(1619, 26, 21, '2016-02-14 06:09:31'),
(1620, 22, 12, '2016-03-20 17:11:09'),
(1621, 23, 27, '2015-11-14 03:37:06'),
(1622, 24, 28, '2015-09-18 01:07:12'),
(1623, 24, 13, '2016-02-25 22:06:11'),
(1624, 22, 12, '2015-11-13 12:30:43'),
(1625, 25, 14, '2015-09-12 09:38:55'),
(1626, 29, 5, '2016-02-27 01:57:53'),
(1627, 24, 28, '2015-06-19 03:38:22'),
(1628, 22, 10, '2016-02-17 22:16:53'),
(1629, 27, 8, '2016-03-26 12:30:08'),
(1630, 25, 19, '2016-03-15 11:07:05'),
(1631, 27, 11, '2015-08-14 00:53:06'),
(1632, 27, 29, '2015-06-07 04:17:16'),
(1633, 26, 19, '2015-12-01 19:36:43'),
(1634, 22, 23, '2016-03-31 22:32:22'),
(1635, 26, 5, '2015-09-08 21:10:03'),
(1636, 24, 3, '2015-11-28 09:18:32'),
(1637, 23, 32, '2015-07-21 21:33:02'),
(1638, 22, 26, '2015-07-18 12:13:44'),
(1639, 26, 39, '2016-04-11 16:57:17'),
(1640, 24, 9, '2015-07-16 06:02:28'),
(1641, 26, 25, '2015-08-09 00:30:21'),
(1642, 22, 20, '2015-07-27 10:40:18'),
(1643, 22, 26, '2016-04-08 02:40:36'),
(1644, 28, 30, '2015-08-29 00:22:38'),
(1645, 30, 9, '2015-07-12 03:44:48'),
(1646, 25, 11, '2016-02-02 05:56:25'),
(1647, 28, 32, '2015-06-27 08:27:54'),
(1648, 25, 13, '2015-12-29 11:17:48'),
(1649, 26, 16, '2015-06-27 03:59:02'),
(1650, 26, 25, '2016-04-12 17:52:06'),
(1651, 28, 30, '2015-11-28 06:05:39'),
(1652, 26, 38, '2015-09-07 16:38:48'),
(1653, 27, 39, '2016-01-01 20:53:30'),
(1654, 22, 13, '2015-05-02 03:06:15'),
(1655, 26, 24, '2015-10-17 09:24:57'),
(1656, 27, 2, '2015-05-19 20:04:34'),
(1657, 27, 17, '2015-08-27 16:08:39'),
(1658, 28, 2, '2015-07-12 02:46:54'),
(1659, 22, 5, '2015-08-02 00:39:29'),
(1660, 26, 26, '2015-11-10 10:36:27'),
(1661, 24, 10, '2015-07-01 13:16:41'),
(1662, 26, 3, '2016-03-03 06:52:10'),
(1663, 28, 22, '2015-07-05 17:30:05'),
(1664, 26, 11, '2015-08-13 15:20:24'),
(1665, 21, 2, '2015-05-26 08:22:44'),
(1666, 21, 37, '2015-10-12 18:03:46'),
(1667, 25, 3, '2015-08-10 17:19:42'),
(1668, 28, 31, '2015-07-29 02:50:22'),
(1669, 29, 7, '2015-11-26 21:19:00'),
(1670, 30, 32, '2015-06-22 21:13:00'),
(1671, 24, 20, '2016-04-19 16:02:42'),
(1672, 26, 23, '2015-09-08 17:47:10'),
(1673, 25, 39, '2016-03-31 19:04:05'),
(1674, 28, 28, '2015-09-16 15:43:34'),
(1675, 22, 2, '2015-09-15 17:03:13'),
(1676, 26, 5, '2016-01-24 10:15:40'),
(1677, 24, 8, '2016-01-26 01:25:38'),
(1678, 30, 10, '2016-04-10 03:52:02'),
(1679, 30, 15, '2016-01-07 09:06:54'),
(1680, 27, 31, '2016-03-10 23:14:40'),
(1681, 27, 4, '2016-02-01 09:16:56'),
(1682, 30, 27, '2015-05-12 20:03:45'),
(1683, 23, 20, '2015-07-23 21:46:53'),
(1684, 25, 10, '2015-10-11 11:06:25'),
(1685, 23, 39, '2015-07-06 12:22:49'),
(1686, 23, 8, '2015-08-30 05:12:09'),
(1687, 28, 11, '2015-07-28 13:32:22'),
(1688, 26, 36, '2015-08-27 22:11:17'),
(1689, 23, 24, '2015-05-13 09:01:47'),
(1690, 27, 25, '2016-01-25 12:49:18'),
(1691, 27, 24, '2016-02-02 20:40:30'),
(1692, 29, 13, '2016-02-15 04:11:37'),
(1693, 26, 1, '2015-10-03 18:15:52'),
(1694, 23, 9, '2016-01-21 13:14:27'),
(1695, 21, 28, '2015-12-31 23:34:55'),
(1696, 23, 1, '2015-08-13 00:41:15'),
(1697, 21, 15, '2016-03-11 16:14:31'),
(1698, 25, 39, '2015-08-27 16:39:24'),
(1699, 22, 20, '2016-03-28 02:34:26'),
(1700, 23, 22, '2015-10-04 20:07:16'),
(1701, 27, 21, '2015-08-12 20:34:10'),
(1702, 22, 34, '2015-04-26 21:15:13'),
(1703, 23, 12, '2015-04-30 00:00:52'),
(1704, 29, 4, '2015-11-22 23:26:10'),
(1705, 25, 35, '2015-08-21 11:51:57'),
(1706, 26, 3, '2015-08-02 12:43:51'),
(1707, 28, 17, '2015-11-20 03:15:14'),
(1708, 21, 7, '2015-07-26 21:25:31'),
(1709, 28, 3, '2015-05-13 01:24:41'),
(1710, 26, 16, '2016-03-11 22:06:31'),
(1711, 26, 19, '2015-10-07 11:51:29'),
(1712, 29, 12, '2015-06-16 22:56:16'),
(1713, 26, 4, '2015-11-02 02:53:11'),
(1714, 26, 38, '2016-03-02 19:27:00'),
(1715, 24, 17, '2015-07-18 00:54:43'),
(1716, 27, 12, '2015-07-23 19:15:50'),
(1717, 22, 4, '2015-09-13 19:37:29'),
(1718, 24, 15, '2015-06-24 10:02:50'),
(1719, 29, 40, '2016-02-24 21:34:07'),
(1720, 28, 27, '2015-12-15 19:48:00'),
(1721, 23, 13, '2015-05-03 06:48:52'),
(1722, 30, 17, '2016-01-16 23:35:16'),
(1723, 30, 3, '2016-02-06 21:17:56'),
(1724, 30, 38, '2015-11-05 06:14:26'),
(1725, 24, 19, '2015-08-28 12:31:36'),
(1726, 27, 18, '2015-08-30 07:13:42'),
(1727, 29, 9, '2016-04-19 22:33:29'),
(1728, 29, 27, '2015-10-20 06:53:11'),
(1729, 29, 27, '2015-08-03 18:42:46'),
(1730, 24, 8, '2015-12-25 22:31:11'),
(1731, 22, 21, '2016-02-01 02:01:52'),
(1732, 23, 35, '2015-11-07 00:37:40'),
(1733, 24, 15, '2015-12-08 07:29:52'),
(1734, 30, 12, '2015-09-09 12:26:33'),
(1735, 26, 25, '2015-06-23 21:26:37'),
(1736, 22, 11, '2016-01-11 20:51:49'),
(1737, 30, 18, '2015-09-10 04:25:43'),
(1738, 25, 35, '2015-05-30 12:20:28'),
(1739, 26, 7, '2015-09-19 20:52:02'),
(1740, 25, 34, '2015-12-22 02:06:41'),
(1741, 25, 22, '2015-08-18 07:01:17'),
(1742, 25, 6, '2015-06-15 21:40:56'),
(1743, 25, 31, '2015-10-17 19:53:28'),
(1744, 28, 27, '2015-05-20 07:20:47'),
(1745, 26, 14, '2015-12-26 09:52:55'),
(1746, 28, 24, '2016-04-09 23:03:30'),
(1747, 23, 2, '2015-11-21 09:33:40'),
(1748, 24, 27, '2016-02-22 23:07:21'),
(1749, 26, 15, '2015-09-26 14:39:49'),
(1750, 24, 37, '2016-01-01 23:55:07'),
(1751, 24, 35, '2015-10-24 02:42:41'),
(1752, 22, 25, '2015-07-03 04:18:33'),
(1753, 30, 4, '2016-03-18 10:28:11'),
(1754, 24, 14, '2015-09-01 03:42:17'),
(1755, 25, 30, '2016-03-06 00:19:31'),
(1756, 27, 18, '2015-09-27 11:14:10'),
(1757, 27, 13, '2016-03-10 02:00:44'),
(1758, 25, 28, '2016-01-12 18:50:47'),
(1759, 23, 19, '2015-11-24 01:12:56'),
(1760, 29, 24, '2015-09-06 22:49:50'),
(1761, 29, 25, '2016-02-09 05:54:45'),
(1762, 23, 28, '2015-04-22 02:18:20'),
(1763, 28, 8, '2015-11-26 21:45:42'),
(1764, 22, 2, '2015-11-19 00:00:22'),
(1765, 30, 35, '2015-08-16 22:15:53'),
(1766, 30, 24, '2016-01-04 22:34:41'),
(1767, 26, 7, '2015-12-16 18:33:29'),
(1768, 21, 21, '2015-08-29 23:29:28'),
(1769, 24, 25, '2015-12-05 17:00:23'),
(1770, 23, 21, '2015-10-24 02:34:57'),
(1771, 25, 17, '2016-01-27 22:36:20'),
(1772, 21, 24, '2015-07-05 01:12:32'),
(1773, 25, 29, '2015-12-05 17:16:16'),
(1774, 23, 2, '2015-12-24 01:38:17'),
(1775, 22, 10, '2016-02-14 03:01:16'),
(1776, 28, 5, '2016-04-03 09:10:37'),
(1777, 27, 12, '2015-12-08 22:31:34'),
(1778, 25, 33, '2015-08-17 04:01:15'),
(1779, 24, 25, '2016-02-01 08:36:54'),
(1780, 22, 21, '2015-10-25 22:41:19'),
(1781, 29, 1, '2015-06-16 14:43:46'),
(1782, 23, 3, '2015-11-24 17:06:33'),
(1783, 21, 31, '2016-03-31 10:06:43'),
(1784, 28, 4, '2015-07-03 04:13:49'),
(1785, 21, 20, '2016-01-17 11:34:38'),
(1786, 21, 11, '2015-08-22 04:14:42'),
(1787, 25, 24, '2015-06-19 23:20:20'),
(1788, 29, 39, '2015-06-01 03:04:01'),
(1789, 27, 19, '2015-07-29 13:26:09'),
(1790, 21, 2, '2016-02-12 12:17:28'),
(1791, 25, 9, '2016-04-19 07:49:23'),
(1792, 30, 5, '2015-11-02 10:25:15'),
(1793, 27, 22, '2016-03-01 04:48:04'),
(1794, 23, 33, '2016-01-21 07:47:33'),
(1795, 26, 7, '2016-03-07 20:35:40'),
(1796, 25, 26, '2015-12-08 15:40:10'),
(1797, 30, 36, '2015-05-19 17:55:23'),
(1798, 30, 33, '2015-05-15 22:29:21'),
(1799, 30, 29, '2015-06-15 23:16:19'),
(1800, 27, 25, '2016-04-19 11:39:49'),
(1801, 29, 9, '2015-06-12 03:48:59'),
(1802, 29, 31, '2015-05-19 09:49:11'),
(1803, 30, 8, '2015-12-29 19:03:44'),
(1804, 27, 29, '2015-08-14 01:06:46'),
(1805, 26, 37, '2016-04-14 01:40:45'),
(1806, 22, 34, '2015-07-29 04:39:41'),
(1807, 28, 30, '2016-03-13 12:13:54'),
(1808, 29, 7, '2015-12-27 23:49:32'),
(1809, 21, 10, '2015-12-30 08:42:28'),
(1810, 27, 21, '2015-12-21 19:07:30'),
(1811, 26, 16, '2015-12-20 08:35:54'),
(1812, 29, 1, '2015-10-16 13:51:54'),
(1813, 23, 35, '2015-11-01 08:54:49'),
(1814, 26, 8, '2015-11-03 09:11:11'),
(1815, 28, 29, '2016-03-18 09:56:30'),
(1816, 23, 14, '2015-10-23 17:17:20'),
(1817, 28, 29, '2016-01-03 17:51:43'),
(1818, 29, 15, '2015-05-11 11:02:54'),
(1819, 30, 6, '2016-03-18 03:00:51'),
(1820, 25, 6, '2016-01-28 06:45:27'),
(1821, 30, 15, '2015-11-16 18:49:48'),
(1822, 24, 11, '2016-02-14 15:07:14'),
(1823, 29, 19, '2015-08-17 22:59:50'),
(1824, 25, 6, '2015-10-09 19:06:34'),
(1825, 25, 18, '2016-01-06 22:10:25'),
(1826, 24, 18, '2015-06-25 13:50:10'),
(1827, 28, 37, '2015-09-06 12:28:00'),
(1828, 29, 23, '2015-07-13 02:35:27'),
(1829, 23, 36, '2015-12-06 00:38:06'),
(1830, 21, 2, '2015-10-03 10:26:38'),
(1831, 25, 25, '2015-06-01 03:10:10'),
(1832, 26, 15, '2015-08-23 00:59:00'),
(1833, 29, 20, '2016-02-13 04:56:22'),
(1834, 24, 14, '2015-07-17 00:50:20'),
(1835, 30, 1, '2015-10-06 02:36:24'),
(1836, 29, 35, '2015-12-14 19:01:53'),
(1837, 24, 40, '2015-07-13 20:02:06'),
(1838, 28, 15, '2016-01-28 07:51:35'),
(1839, 30, 25, '2015-06-21 00:23:21'),
(1840, 22, 16, '2016-04-18 22:42:15'),
(1841, 29, 10, '2016-03-12 14:31:25'),
(1842, 28, 19, '2015-04-30 05:50:14'),
(1843, 29, 5, '2015-10-20 15:56:15'),
(1844, 29, 26, '2015-09-17 15:07:15'),
(1845, 29, 17, '2016-03-30 09:11:23'),
(1846, 28, 12, '2015-05-12 07:04:12'),
(1847, 28, 13, '2015-10-02 07:01:05'),
(1848, 21, 33, '2015-12-01 16:42:56'),
(1849, 28, 21, '2015-08-30 15:12:37'),
(1850, 26, 34, '2015-08-25 14:58:02'),
(1851, 29, 21, '2015-07-07 11:15:08'),
(1852, 29, 22, '2015-07-15 21:47:15'),
(1853, 26, 40, '2015-09-16 00:12:35'),
(1854, 28, 27, '2015-04-22 07:36:50'),
(1855, 27, 9, '2015-12-27 11:53:46'),
(1856, 24, 2, '2015-12-08 11:25:41'),
(1857, 22, 10, '2016-02-27 12:11:48'),
(1858, 23, 9, '2015-09-08 04:06:16'),
(1859, 27, 4, '2016-01-24 02:45:04'),
(1860, 22, 11, '2015-12-09 23:46:34'),
(1861, 23, 8, '2015-04-25 00:22:54'),
(1862, 23, 11, '2015-05-28 01:40:57'),
(1863, 24, 21, '2015-07-24 02:20:11'),
(1864, 22, 33, '2015-04-28 06:04:08'),
(1865, 24, 21, '2015-10-08 22:56:43'),
(1866, 29, 31, '2015-11-05 11:24:49'),
(1867, 22, 26, '2015-06-11 11:03:14'),
(1868, 26, 39, '2016-01-06 08:51:18'),
(1869, 30, 24, '2016-04-02 03:24:47'),
(1870, 27, 12, '2015-11-04 01:32:45'),
(1871, 22, 7, '2015-06-30 04:08:15'),
(1872, 22, 27, '2015-06-23 18:18:50'),
(1873, 22, 16, '2016-01-23 01:22:30'),
(1874, 22, 38, '2015-10-18 20:17:39'),
(1875, 22, 20, '2015-06-26 20:08:52'),
(1876, 21, 20, '2015-06-21 20:28:42'),
(1877, 30, 29, '2015-08-14 09:10:03'),
(1878, 29, 15, '2016-03-08 18:05:42'),
(1879, 26, 22, '2015-08-08 13:56:15'),
(1880, 29, 13, '2015-08-23 03:24:18'),
(1881, 29, 8, '2015-07-01 16:43:47'),
(1882, 27, 27, '2015-09-04 13:27:42'),
(1883, 23, 2, '2015-12-05 09:40:23'),
(1884, 25, 29, '2015-11-11 10:39:28'),
(1885, 21, 10, '2015-08-07 17:05:47'),
(1886, 22, 4, '2016-03-17 03:22:18'),
(1887, 29, 35, '2015-06-10 04:06:56'),
(1888, 29, 18, '2016-01-03 00:22:05'),
(1889, 26, 12, '2016-02-25 13:40:48'),
(1890, 29, 13, '2016-03-31 06:59:18'),
(1891, 28, 27, '2015-08-05 17:49:57'),
(1892, 27, 31, '2015-07-09 15:56:28'),
(1893, 23, 35, '2015-10-26 14:32:52'),
(1894, 24, 29, '2015-05-27 06:16:30'),
(1895, 23, 16, '2016-03-04 07:26:33'),
(1896, 24, 32, '2016-03-13 00:52:02'),
(1897, 22, 33, '2015-08-31 11:37:10'),
(1898, 28, 11, '2015-09-05 04:21:10'),
(1899, 22, 14, '2015-05-03 10:47:47'),
(1900, 24, 24, '2016-01-05 02:33:28'),
(1901, 25, 25, '2016-02-14 10:25:35'),
(1902, 30, 15, '2015-09-08 05:31:18'),
(1903, 22, 19, '2015-07-07 02:42:10'),
(1904, 26, 33, '2015-05-09 15:36:50'),
(1905, 29, 9, '2015-11-27 22:57:52'),
(1906, 21, 40, '2015-05-29 14:52:52'),
(1907, 30, 22, '2015-10-17 12:37:27'),
(1908, 27, 26, '2015-07-26 15:07:18'),
(1909, 29, 27, '2015-08-08 02:09:10'),
(1910, 22, 3, '2016-02-02 11:29:16'),
(1911, 30, 12, '2015-09-02 00:18:50'),
(1912, 29, 19, '2016-03-04 03:27:24'),
(1913, 23, 23, '2016-01-03 08:38:53'),
(1914, 24, 37, '2015-11-22 03:05:04'),
(1915, 30, 7, '2015-10-18 14:07:23'),
(1916, 28, 22, '2015-08-14 18:34:19'),
(1917, 22, 8, '2016-01-12 16:35:50'),
(1918, 30, 5, '2015-08-04 03:20:32'),
(1919, 25, 36, '2015-07-26 12:18:19'),
(1920, 23, 16, '2016-01-21 11:57:04'),
(1921, 28, 1, '2015-05-11 11:33:08'),
(1922, 29, 26, '2016-03-26 22:21:19'),
(1923, 27, 12, '2015-07-15 05:32:46'),
(1924, 21, 30, '2016-04-19 14:58:53'),
(1925, 26, 24, '2016-01-02 23:50:20'),
(1926, 21, 15, '2015-11-30 22:06:52'),
(1927, 29, 15, '2016-02-16 11:28:24'),
(1928, 28, 10, '2016-04-18 21:02:32'),
(1929, 22, 13, '2015-12-17 04:04:00'),
(1930, 28, 30, '2015-07-02 10:55:38'),
(1931, 30, 12, '2015-08-02 18:22:06'),
(1932, 30, 24, '2015-09-27 21:43:11'),
(1933, 23, 19, '2015-05-20 00:44:07'),
(1934, 24, 25, '2015-12-13 07:38:02'),
(1935, 28, 33, '2016-01-19 15:51:14'),
(1936, 24, 1, '2015-11-08 05:26:05'),
(1937, 26, 12, '2015-09-06 15:49:10'),
(1938, 27, 14, '2015-10-09 06:50:38'),
(1939, 22, 13, '2015-12-27 18:25:15'),
(1940, 27, 29, '2015-06-07 05:03:47'),
(1941, 25, 38, '2016-03-03 13:33:29'),
(1942, 21, 9, '2016-02-20 08:25:11'),
(1943, 21, 11, '2015-09-28 06:16:14'),
(1944, 30, 33, '2016-03-22 09:17:54'),
(1945, 21, 30, '2016-02-10 15:36:24'),
(1946, 22, 27, '2015-07-20 14:20:26'),
(1947, 25, 22, '2015-09-30 03:47:24'),
(1948, 25, 3, '2015-05-27 00:18:00'),
(1949, 23, 8, '2016-03-17 06:50:54'),
(1950, 26, 32, '2015-06-05 01:42:32'),
(1951, 29, 36, '2015-08-11 16:12:13'),
(1952, 24, 16, '2015-06-07 08:37:41'),
(1953, 21, 35, '2015-10-25 19:35:15'),
(1954, 27, 14, '2015-12-06 01:48:46'),
(1955, 25, 23, '2015-11-15 23:02:30'),
(1956, 30, 35, '2015-10-23 01:07:30'),
(1957, 27, 2, '2016-04-11 20:31:03'),
(1958, 25, 28, '2016-03-23 06:31:22'),
(1959, 21, 10, '2015-05-12 14:44:11'),
(1960, 21, 29, '2015-10-08 06:59:57'),
(1961, 24, 36, '2015-09-03 06:26:36'),
(1962, 28, 15, '2015-10-28 14:27:14'),
(1963, 28, 1, '2015-06-17 08:35:39'),
(1964, 27, 12, '2015-12-14 04:37:04'),
(1965, 22, 19, '2016-01-29 15:46:06'),
(1966, 25, 8, '2015-12-29 13:39:40'),
(1967, 30, 3, '2015-09-14 21:22:20'),
(1968, 22, 25, '2015-12-24 04:47:23'),
(1969, 21, 8, '2015-05-07 03:51:56'),
(1970, 26, 29, '2015-09-02 06:23:41'),
(1971, 29, 6, '2015-12-26 11:47:33'),
(1972, 26, 34, '2015-12-29 17:35:11'),
(1973, 22, 3, '2015-09-14 03:58:42'),
(1974, 23, 3, '2016-01-10 22:22:30'),
(1975, 24, 38, '2015-06-12 11:54:59'),
(1976, 25, 31, '2016-01-16 00:06:36'),
(1977, 28, 1, '2016-01-07 19:54:34'),
(1978, 29, 17, '2015-10-13 17:01:49'),
(1979, 30, 19, '2015-08-15 23:13:30'),
(1980, 23, 19, '2015-08-12 05:25:55'),
(1981, 29, 23, '2016-02-15 07:36:48'),
(1982, 28, 36, '2015-05-22 06:24:18'),
(1983, 26, 11, '2015-06-16 02:08:11'),
(1984, 26, 11, '2015-07-24 14:07:47'),
(1985, 30, 13, '2016-03-25 21:17:12'),
(1986, 30, 21, '2015-09-11 14:09:24'),
(1987, 25, 23, '2016-04-12 22:16:12'),
(1988, 22, 2, '2016-02-24 23:49:36'),
(1989, 27, 14, '2015-05-02 11:55:19'),
(1990, 28, 7, '2016-01-01 22:30:26'),
(1991, 28, 18, '2016-01-27 05:40:45'),
(1992, 26, 35, '2015-04-21 09:52:49'),
(1993, 29, 13, '2016-03-20 11:19:51'),
(1994, 21, 15, '2015-07-11 05:27:38'),
(1995, 28, 17, '2015-09-23 17:26:05'),
(1996, 21, 3, '2015-10-10 06:26:49'),
(1997, 22, 35, '2015-12-06 12:31:57'),
(1998, 28, 33, '2016-03-04 17:20:49'),
(1999, 27, 29, '2015-09-10 07:03:21'),
(2000, 28, 7, '2015-11-30 07:23:43'),
(2001, 25, 19, '2015-12-28 02:21:14'),
(2002, 22, 25, '2015-06-26 02:54:22'),
(2003, 22, 3, '2016-01-06 04:56:54'),
(2004, 22, 31, '2016-02-06 20:21:19'),
(2005, 25, 2, '2016-01-03 21:44:15'),
(2006, 23, 11, '2016-03-17 09:46:25'),
(2007, 25, 2, '2015-08-20 19:45:28'),
(2008, 26, 3, '2016-03-22 02:27:07'),
(2009, 28, 19, '2015-07-14 21:19:53'),
(2010, 24, 33, '2015-10-28 16:04:07'),
(2011, 28, 37, '2016-01-27 19:29:38'),
(2012, 25, 16, '2015-11-22 05:04:40'),
(2013, 26, 15, '2015-10-21 14:54:59'),
(2014, 21, 31, '2016-01-11 11:13:53'),
(2015, 25, 6, '2016-02-24 05:24:04'),
(2016, 28, 24, '2016-01-16 09:34:56'),
(2017, 28, 6, '2015-07-30 15:04:37'),
(2018, 22, 31, '2015-12-21 11:58:43'),
(2019, 29, 33, '2015-06-02 11:28:05'),
(2020, 30, 13, '2015-10-28 11:09:40'),
(2021, 28, 16, '2015-06-30 22:50:10'),
(2022, 30, 30, '2015-05-02 08:56:16'),
(2023, 22, 33, '2015-06-01 06:24:30'),
(2024, 23, 31, '2015-07-29 17:48:33'),
(2025, 27, 2, '2016-02-28 21:28:46'),
(2026, 22, 2, '2015-11-07 16:41:54'),
(2027, 21, 19, '2015-08-10 23:44:34'),
(2028, 23, 34, '2015-09-09 03:11:57'),
(2029, 25, 17, '2016-01-17 22:25:31'),
(2030, 24, 14, '2015-05-27 08:26:36'),
(2031, 27, 4, '2015-06-24 13:46:16'),
(2032, 24, 6, '2015-12-26 03:36:32'),
(2033, 28, 16, '2016-04-04 09:10:12'),
(2034, 21, 23, '2015-05-15 06:28:02'),
(2035, 29, 27, '2015-11-12 22:57:19'),
(2036, 30, 26, '2015-12-03 11:15:31'),
(2037, 23, 2, '2015-10-27 11:47:09'),
(2038, 25, 6, '2015-04-21 23:19:53'),
(2039, 25, 1, '2015-09-30 00:55:27'),
(2040, 25, 1, '2015-10-10 07:42:45'),
(2041, 25, 21, '2015-12-22 02:54:20'),
(2042, 25, 37, '2015-10-22 02:25:57'),
(2043, 28, 9, '2015-12-13 22:27:11'),
(2044, 27, 5, '2016-02-17 08:15:02'),
(2045, 24, 15, '2015-12-30 04:50:55'),
(2046, 22, 40, '2015-12-28 11:00:10'),
(2047, 23, 34, '2016-01-17 05:52:13'),
(2048, 23, 10, '2015-11-11 01:42:27'),
(2049, 24, 23, '2016-03-16 01:48:25'),
(2050, 30, 25, '2015-04-29 03:56:44'),
(2051, 23, 2, '2015-10-28 23:10:55'),
(2052, 27, 1, '2015-10-14 04:31:48'),
(2053, 28, 7, '2015-08-18 08:55:12'),
(2054, 23, 11, '2015-09-16 15:30:32'),
(2055, 21, 7, '2015-05-25 06:59:59'),
(2056, 29, 2, '2016-01-27 21:09:23'),
(2057, 28, 23, '2015-05-25 08:05:16'),
(2058, 26, 19, '2015-05-01 15:17:16'),
(2059, 23, 6, '2015-07-19 17:10:16'),
(2060, 22, 23, '2015-05-29 20:58:00'),
(2061, 21, 31, '2015-07-06 06:47:52'),
(2062, 22, 15, '2015-08-18 17:37:55'),
(2063, 21, 24, '2015-05-23 17:18:27'),
(2064, 26, 27, '2015-05-29 11:04:20'),
(2065, 26, 40, '2015-12-24 03:50:05'),
(2066, 24, 5, '2015-08-25 06:23:05'),
(2067, 28, 39, '2016-02-02 03:53:54'),
(2068, 24, 38, '2015-07-22 02:38:23'),
(2069, 21, 10, '2016-01-26 18:28:20'),
(2070, 24, 6, '2016-03-04 05:19:42'),
(2071, 26, 22, '2015-11-03 05:05:43'),
(2072, 27, 33, '2015-09-01 10:21:31'),
(2073, 30, 5, '2016-01-10 15:58:26'),
(2074, 27, 6, '2015-04-28 17:10:17'),
(2075, 21, 27, '2015-12-04 20:20:12'),
(2076, 25, 2, '2015-09-19 22:40:45'),
(2077, 24, 11, '2015-07-04 17:42:44'),
(2078, 25, 4, '2016-02-12 11:00:05'),
(2079, 28, 7, '2016-03-21 13:59:30'),
(2080, 30, 33, '2016-01-16 01:34:46'),
(2081, 26, 5, '2015-08-01 23:16:15'),
(2082, 28, 37, '2016-04-12 20:29:51'),
(2083, 24, 5, '2015-11-05 14:45:18'),
(2084, 26, 38, '2015-09-23 19:19:07'),
(2085, 30, 7, '2015-11-12 15:02:29'),
(2086, 29, 29, '2015-12-15 08:12:50'),
(2087, 25, 21, '2015-11-01 21:52:02'),
(2088, 28, 33, '2015-12-16 02:05:33'),
(2089, 29, 32, '2016-04-09 06:25:19'),
(2090, 26, 16, '2015-07-31 22:05:26'),
(2091, 29, 19, '2015-10-01 05:40:06'),
(2092, 27, 14, '2015-11-19 10:30:55'),
(2093, 25, 12, '2015-08-30 13:25:50'),
(2094, 28, 39, '2015-12-26 16:17:45'),
(2095, 27, 35, '2015-11-16 18:27:44'),
(2096, 26, 4, '2016-02-15 19:38:50'),
(2097, 30, 7, '2015-06-12 23:06:32'),
(2098, 27, 34, '2015-09-23 18:18:58'),
(2099, 21, 24, '2015-06-17 16:57:27'),
(2100, 26, 12, '2015-11-24 13:04:38'),
(2101, 30, 25, '2015-11-04 14:54:34'),
(2102, 24, 36, '2015-04-28 01:08:32'),
(2103, 24, 7, '2015-06-01 12:59:06'),
(2104, 23, 34, '2015-09-16 21:43:22'),
(2105, 21, 8, '2015-10-31 09:19:47'),
(2106, 26, 24, '2015-05-29 14:40:20'),
(2107, 30, 31, '2015-06-30 22:13:06'),
(2108, 27, 8, '2015-07-28 16:28:31'),
(2109, 29, 16, '2015-12-10 06:53:14'),
(2110, 28, 16, '2015-07-02 01:56:27'),
(2111, 26, 40, '2016-03-27 08:22:11'),
(2112, 30, 35, '2015-07-03 14:23:45'),
(2113, 22, 21, '2015-12-27 23:45:28'),
(2114, 25, 23, '2016-03-31 18:35:20'),
(2115, 28, 32, '2016-04-02 06:59:06'),
(2116, 26, 27, '2015-12-13 19:02:52'),
(2117, 25, 3, '2015-10-14 09:51:06'),
(2118, 24, 9, '2015-09-15 16:39:32'),
(2119, 27, 31, '2016-03-15 08:04:57'),
(2120, 24, 29, '2015-08-07 19:30:16'),
(2121, 27, 24, '2016-02-29 09:24:34'),
(2122, 22, 18, '2015-07-21 14:26:49'),
(2123, 23, 31, '2015-11-01 21:49:51'),
(2124, 21, 5, '2016-03-08 20:23:41'),
(2125, 23, 3, '2016-01-03 22:17:46'),
(2126, 30, 29, '2015-05-24 00:14:55'),
(2127, 21, 11, '2015-08-20 11:28:00'),
(2128, 22, 8, '2015-10-17 20:38:48'),
(2129, 28, 5, '2016-04-10 23:42:49'),
(2130, 22, 19, '2016-02-27 22:51:55'),
(2131, 23, 33, '2015-11-23 13:42:01'),
(2132, 23, 24, '2015-09-10 00:49:01'),
(2133, 25, 28, '2015-07-16 16:13:01'),
(2134, 24, 25, '2015-08-11 16:27:04'),
(2135, 30, 19, '2016-02-11 12:38:52'),
(2136, 22, 12, '2015-10-24 20:52:38'),
(2137, 22, 7, '2016-04-10 01:46:14'),
(2138, 28, 38, '2015-06-06 19:00:53'),
(2139, 23, 20, '2016-03-22 14:20:21'),
(2140, 30, 36, '2016-03-25 01:45:24'),
(2141, 25, 21, '2015-07-08 23:30:08'),
(2142, 27, 20, '2015-12-18 05:33:31'),
(2143, 21, 14, '2016-01-09 03:50:34'),
(2144, 26, 5, '2015-07-27 01:15:57'),
(2145, 22, 8, '2015-10-06 18:18:28'),
(2146, 25, 9, '2016-03-12 20:00:32'),
(2147, 26, 38, '2015-11-06 11:37:25'),
(2148, 30, 37, '2016-02-13 07:22:55'),
(2149, 29, 20, '2015-10-23 20:44:10'),
(2150, 24, 10, '2015-08-02 18:17:41'),
(2151, 28, 26, '2015-09-01 13:06:51'),
(2152, 24, 14, '2015-12-26 18:30:20'),
(2153, 23, 21, '2016-03-05 09:49:06'),
(2154, 23, 16, '2015-10-28 01:00:15'),
(2155, 26, 21, '2016-03-25 15:44:31'),
(2156, 30, 40, '2015-07-17 17:28:55'),
(2157, 27, 38, '2016-03-16 12:32:02'),
(2158, 23, 21, '2016-03-31 17:02:33'),
(2159, 30, 12, '2015-09-02 02:27:32'),
(2160, 26, 35, '2015-06-06 07:00:42'),
(2161, 23, 29, '2016-02-23 02:51:58'),
(2162, 21, 35, '2015-10-28 20:36:43'),
(2163, 23, 16, '2015-06-21 05:08:43'),
(2164, 22, 30, '2015-07-02 02:59:57'),
(2165, 28, 27, '2015-08-01 16:30:36'),
(2166, 22, 17, '2015-08-01 16:32:32'),
(2167, 30, 9, '2015-08-18 02:49:36'),
(2168, 26, 1, '2015-08-02 23:48:41'),
(2169, 23, 21, '2016-04-12 23:56:33'),
(2170, 22, 23, '2015-08-17 18:33:47'),
(2171, 28, 2, '2015-10-12 09:12:50'),
(2172, 30, 34, '2015-10-29 00:15:32'),
(2173, 24, 5, '2016-03-18 03:53:18'),
(2174, 26, 9, '2015-07-08 11:54:42'),
(2175, 23, 1, '2015-12-25 02:03:47'),
(2176, 26, 18, '2015-09-06 02:44:21'),
(2177, 22, 2, '2015-07-18 13:56:37'),
(2178, 21, 31, '2015-06-18 12:42:54'),
(2179, 30, 33, '2016-03-31 02:51:09'),
(2180, 30, 16, '2016-03-11 15:29:44'),
(2181, 23, 20, '2016-04-10 18:33:50'),
(2182, 28, 1, '2015-09-11 18:50:26'),
(2183, 22, 29, '2015-05-02 06:54:23'),
(2184, 23, 30, '2016-04-03 13:45:06'),
(2185, 24, 17, '2015-12-21 08:23:32'),
(2186, 27, 31, '2015-09-14 19:10:43'),
(2187, 30, 9, '2015-11-19 09:38:38'),
(2188, 30, 11, '2016-02-05 21:45:30'),
(2189, 30, 15, '2015-09-08 01:29:10'),
(2190, 26, 26, '2015-05-12 09:29:23'),
(2191, 23, 40, '2015-12-28 04:17:11'),
(2192, 26, 7, '2015-10-24 09:19:53'),
(2193, 23, 33, '2015-10-01 10:51:54'),
(2194, 24, 11, '2015-10-15 01:49:44'),
(2195, 22, 15, '2015-10-28 02:55:12'),
(2196, 26, 32, '2016-02-14 15:41:49'),
(2197, 30, 7, '2016-04-19 19:10:08'),
(2198, 28, 2, '2015-04-25 20:43:12'),
(2199, 30, 8, '2016-04-01 03:02:27'),
(2200, 22, 8, '2016-01-07 23:37:47'),
(2201, 28, 39, '2015-06-03 12:52:39'),
(2202, 30, 4, '2015-09-23 18:33:47'),
(2203, 24, 28, '2015-07-18 10:49:44'),
(2204, 22, 39, '2015-12-03 16:44:59'),
(2205, 25, 26, '2015-11-04 08:16:19'),
(2206, 24, 38, '2016-03-17 02:26:27'),
(2207, 28, 30, '2016-01-23 04:45:52'),
(2208, 29, 22, '2016-03-27 12:02:53'),
(2209, 25, 26, '2015-10-17 01:16:32'),
(2210, 27, 9, '2015-10-11 10:38:28'),
(2211, 26, 28, '2016-02-27 18:48:39'),
(2212, 25, 26, '2015-04-30 03:04:25'),
(2213, 26, 13, '2015-06-22 15:54:09'),
(2214, 30, 4, '2015-08-23 09:52:56'),
(2215, 21, 28, '2015-06-27 12:52:52'),
(2216, 24, 30, '2015-06-30 20:33:39'),
(2217, 21, 38, '2015-07-06 12:41:57'),
(2218, 21, 23, '2015-11-03 00:35:27'),
(2219, 24, 8, '2015-07-26 16:14:08'),
(2220, 26, 3, '2015-05-14 05:22:09'),
(2221, 29, 30, '2015-08-21 02:58:11'),
(2222, 29, 15, '2015-08-16 01:40:20'),
(2223, 22, 34, '2015-06-04 11:48:51'),
(2224, 23, 35, '2016-03-22 10:59:53'),
(2225, 23, 13, '2016-01-12 08:11:04'),
(2226, 25, 32, '2015-11-11 02:21:38'),
(2227, 26, 11, '2016-01-18 13:14:22'),
(2228, 26, 3, '2016-01-20 15:25:31'),
(2229, 30, 39, '2015-06-30 18:43:38'),
(2230, 25, 22, '2015-05-24 11:17:47'),
(2231, 27, 6, '2016-03-28 08:55:46'),
(2232, 24, 31, '2016-02-16 18:39:15'),
(2233, 23, 28, '2015-06-04 05:40:50'),
(2234, 23, 28, '2015-07-31 14:21:28'),
(2235, 30, 3, '2016-04-07 02:53:58'),
(2236, 30, 3, '2015-09-24 04:28:12'),
(2237, 27, 13, '2015-10-31 09:32:19'),
(2238, 30, 13, '2015-06-12 05:53:04'),
(2239, 22, 16, '2016-03-02 14:30:40'),
(2240, 27, 7, '2016-01-17 18:00:28'),
(2241, 23, 29, '2016-02-08 16:39:11'),
(2242, 30, 24, '2015-10-18 23:12:01'),
(2243, 26, 11, '2016-03-24 21:37:14'),
(2244, 25, 31, '2015-12-15 15:29:48'),
(2245, 30, 6, '2015-08-07 09:38:45'),
(2246, 27, 10, '2015-07-26 16:41:28'),
(2247, 25, 28, '2015-05-01 07:14:07'),
(2248, 28, 2, '2015-09-23 18:17:20'),
(2249, 23, 35, '2016-01-30 16:41:24'),
(2250, 21, 29, '2016-02-23 17:07:43'),
(2251, 24, 33, '2015-12-24 01:48:31'),
(2252, 27, 23, '2015-11-06 19:52:42'),
(2253, 24, 12, '2015-07-19 10:22:32'),
(2254, 23, 40, '2016-03-03 00:20:21'),
(2255, 24, 35, '2016-01-31 11:40:03'),
(2256, 23, 26, '2016-03-21 03:11:38'),
(2257, 24, 17, '2015-12-18 13:14:36'),
(2258, 29, 32, '2016-04-12 06:51:29'),
(2259, 21, 23, '2015-05-03 21:27:19'),
(2260, 26, 7, '2015-11-02 15:15:21'),
(2261, 29, 38, '2015-09-01 05:06:25'),
(2262, 30, 26, '2015-11-21 17:15:07'),
(2263, 24, 14, '2016-04-06 14:37:33'),
(2264, 28, 12, '2015-10-19 21:53:29'),
(2265, 27, 13, '2016-03-08 19:32:23'),
(2266, 24, 2, '2016-01-25 17:57:21'),
(2267, 21, 19, '2015-07-08 10:31:30'),
(2268, 22, 12, '2016-04-18 11:35:38'),
(2269, 30, 15, '2015-08-30 14:28:16'),
(2270, 28, 29, '2015-08-21 02:58:10'),
(2271, 27, 15, '2015-06-25 16:03:27'),
(2272, 26, 7, '2015-07-16 14:36:40'),
(2273, 30, 24, '2015-05-18 11:52:59'),
(2274, 21, 6, '2015-11-19 20:50:46'),
(2275, 23, 26, '2015-06-29 03:46:46'),
(2276, 30, 29, '2016-04-18 06:38:20'),
(2277, 22, 22, '2016-02-11 02:08:59'),
(2278, 30, 34, '2015-08-28 11:02:37'),
(2279, 26, 23, '2016-04-09 03:56:03'),
(2280, 22, 22, '2015-12-01 18:28:48'),
(2281, 23, 8, '2015-08-27 04:21:18'),
(2282, 24, 2, '2015-11-18 03:54:14'),
(2283, 25, 22, '2015-12-08 15:00:24'),
(2284, 24, 2, '2016-02-25 20:27:49'),
(2285, 22, 30, '2015-10-20 01:51:21'),
(2286, 29, 18, '2015-04-30 11:58:32'),
(2287, 24, 2, '2016-04-18 11:46:45'),
(2288, 28, 14, '2015-11-18 11:59:55'),
(2289, 30, 24, '2015-07-03 21:02:12'),
(2290, 29, 34, '2016-02-10 11:12:57'),
(2291, 25, 8, '2015-07-05 12:10:16'),
(2292, 22, 2, '2015-05-31 20:06:17'),
(2293, 25, 9, '2015-05-17 16:02:35'),
(2294, 26, 24, '2016-03-16 13:01:40'),
(2295, 27, 3, '2015-08-03 22:37:38'),
(2296, 30, 31, '2015-10-12 09:24:10'),
(2297, 25, 17, '2015-05-04 17:51:53'),
(2298, 26, 15, '2016-03-13 10:18:30'),
(2299, 30, 33, '2015-07-04 17:10:19'),
(2300, 27, 22, '2016-02-07 16:36:08'),
(2301, 30, 30, '2016-04-17 06:14:43'),
(2302, 24, 36, '2015-08-09 01:15:45'),
(2303, 22, 13, '2015-08-20 10:23:30'),
(2304, 29, 36, '2015-06-04 02:45:49'),
(2305, 26, 32, '2015-06-01 13:17:44'),
(2306, 26, 20, '2016-03-18 17:03:42'),
(2307, 25, 7, '2015-08-13 08:29:24'),
(2308, 21, 31, '2015-05-16 18:38:01'),
(2309, 21, 14, '2016-03-12 15:53:03'),
(2310, 23, 7, '2015-09-15 01:19:21'),
(2311, 27, 11, '2015-11-08 08:07:23'),
(2312, 24, 3, '2015-06-12 22:54:02'),
(2313, 22, 25, '2015-11-10 18:37:56'),
(2314, 27, 13, '2015-09-07 09:52:29'),
(2315, 30, 13, '2015-09-01 04:37:44'),
(2316, 27, 4, '2016-03-09 14:13:14'),
(2317, 26, 24, '2015-07-26 18:52:29'),
(2318, 30, 33, '2016-02-08 11:46:59'),
(2319, 24, 39, '2015-05-23 14:56:34'),
(2320, 27, 10, '2015-11-09 14:50:36'),
(2321, 26, 23, '2015-05-17 13:43:07'),
(2322, 26, 15, '2015-05-20 12:36:38'),
(2323, 30, 16, '2015-10-24 03:08:27'),
(2324, 29, 2, '2015-10-23 17:09:00'),
(2325, 23, 27, '2015-04-25 06:44:20'),
(2326, 30, 12, '2015-12-19 18:18:54'),
(2327, 29, 23, '2015-05-19 00:49:09'),
(2328, 24, 8, '2016-03-24 16:27:22'),
(2329, 27, 9, '2016-04-02 20:01:52'),
(2330, 24, 24, '2016-02-23 21:08:44'),
(2331, 23, 18, '2016-02-26 03:28:40'),
(2332, 26, 34, '2015-07-12 13:17:46'),
(2333, 24, 27, '2015-05-18 22:28:11'),
(2334, 21, 30, '2015-08-07 21:59:24'),
(2335, 25, 37, '2015-08-14 23:28:42'),
(2336, 25, 11, '2016-03-28 17:53:36'),
(2337, 29, 8, '2016-01-09 22:42:15'),
(2338, 21, 30, '2016-02-20 21:54:23'),
(2339, 26, 37, '2015-06-14 03:10:38'),
(2340, 21, 21, '2015-11-18 20:39:12'),
(2341, 25, 36, '2016-03-21 02:11:10'),
(2342, 21, 2, '2016-01-30 05:44:59'),
(2343, 23, 40, '2015-07-11 09:57:58'),
(2344, 25, 8, '2015-07-15 12:08:20'),
(2345, 23, 11, '2015-12-06 00:17:21'),
(2346, 28, 35, '2015-09-13 21:49:39'),
(2347, 27, 5, '2015-11-21 16:41:30'),
(2348, 22, 7, '2015-06-29 09:35:44'),
(2349, 22, 17, '2015-11-09 02:21:29'),
(2350, 26, 35, '2015-05-25 14:06:18'),
(2351, 25, 4, '2015-11-09 16:46:54'),
(2352, 28, 19, '2015-12-26 02:28:24'),
(2353, 23, 12, '2015-05-07 09:02:15'),
(2354, 29, 11, '2016-02-17 19:55:51'),
(2355, 30, 32, '2015-05-04 23:17:27'),
(2356, 27, 11, '2016-01-09 15:07:18'),
(2357, 29, 24, '2015-12-25 01:55:02'),
(2358, 23, 8, '2015-12-19 07:19:47'),
(2359, 30, 18, '2016-04-07 21:23:12'),
(2360, 30, 18, '2016-03-19 10:22:08'),
(2361, 27, 19, '2015-08-10 07:13:52'),
(2362, 30, 26, '2016-04-04 04:51:58'),
(2363, 25, 6, '2015-10-22 18:20:52'),
(2364, 27, 6, '2016-03-26 20:47:50'),
(2365, 29, 31, '2015-11-09 00:19:35'),
(2366, 22, 7, '2016-03-19 09:01:16'),
(2367, 21, 23, '2016-02-13 07:14:41'),
(2368, 24, 16, '2015-09-04 15:40:15'),
(2369, 27, 28, '2015-08-04 15:09:48'),
(2370, 29, 29, '2015-04-27 17:27:08'),
(2371, 29, 35, '2016-02-01 10:45:27'),
(2372, 27, 35, '2015-11-03 13:49:42'),
(2373, 28, 2, '2015-09-26 17:22:21'),
(2374, 22, 12, '2016-01-12 04:25:27'),
(2375, 28, 25, '2015-06-18 15:55:25'),
(2376, 23, 39, '2016-04-03 02:33:35'),
(2377, 21, 15, '2015-08-12 14:53:18'),
(2378, 23, 26, '2015-07-25 23:06:45'),
(2379, 27, 40, '2015-07-18 23:13:57'),
(2380, 26, 11, '2016-02-26 13:12:28'),
(2381, 28, 18, '2015-05-25 21:36:21'),
(2382, 30, 32, '2015-08-04 13:39:47'),
(2383, 22, 12, '2016-03-11 22:25:32'),
(2384, 30, 32, '2016-04-19 00:06:32'),
(2385, 24, 17, '2015-11-03 07:56:57'),
(2386, 29, 12, '2015-04-28 21:35:03'),
(2387, 25, 23, '2015-11-10 21:13:41'),
(2388, 24, 38, '2015-04-26 13:06:11'),
(2389, 21, 36, '2015-10-30 09:55:07'),
(2390, 27, 9, '2015-12-06 23:35:40'),
(2391, 28, 27, '2016-01-28 23:46:30'),
(2392, 27, 4, '2016-03-11 16:21:56'),
(2393, 27, 5, '2016-03-10 10:39:15'),
(2394, 23, 21, '2016-04-14 14:23:12'),
(2395, 26, 3, '2016-04-11 20:42:04'),
(2396, 26, 33, '2015-08-12 19:07:19'),
(2397, 23, 16, '2015-09-12 05:31:55'),
(2398, 23, 25, '2015-06-12 04:02:55'),
(2399, 26, 39, '2015-07-30 07:09:11'),
(2400, 29, 20, '2015-10-02 14:31:10'),
(2401, 22, 27, '2016-01-19 09:16:33'),
(2402, 21, 37, '2015-10-07 13:46:08'),
(2403, 29, 35, '2016-04-08 04:27:28'),
(2404, 25, 7, '2015-09-26 19:41:52'),
(2405, 26, 40, '2015-08-21 16:49:03'),
(2406, 21, 3, '2015-12-11 06:39:49'),
(2407, 25, 25, '2016-03-30 09:31:45'),
(2408, 25, 3, '2015-10-31 17:26:16'),
(2409, 27, 20, '2015-11-01 16:02:28'),
(2410, 29, 26, '2015-12-01 20:28:41'),
(2411, 22, 34, '2015-09-26 02:58:32'),
(2412, 29, 21, '2016-01-01 16:39:48'),
(2413, 26, 39, '2015-06-16 13:58:29'),
(2414, 24, 3, '2015-05-08 15:21:35'),
(2415, 25, 25, '2015-11-12 18:57:02'),
(2416, 21, 28, '2015-11-11 13:52:42'),
(2417, 24, 39, '2016-01-05 05:58:28'),
(2418, 24, 5, '2015-08-31 06:42:20'),
(2419, 24, 21, '2015-06-04 19:02:09'),
(2420, 24, 7, '2015-11-15 04:51:56'),
(2421, 21, 20, '2015-06-21 22:17:55'),
(2422, 27, 7, '2015-11-25 09:46:04'),
(2423, 23, 28, '2016-02-25 08:38:31'),
(2424, 25, 7, '2016-03-25 11:42:03'),
(2425, 23, 18, '2016-02-10 03:58:41'),
(2426, 21, 11, '2016-03-02 22:55:23'),
(2427, 24, 19, '2015-08-22 07:56:06'),
(2428, 29, 26, '2016-02-19 07:30:36'),
(2429, 26, 23, '2016-02-29 14:15:32'),
(2430, 22, 34, '2016-03-19 04:48:54'),
(2431, 29, 18, '2015-06-16 21:48:31'),
(2432, 23, 20, '2016-02-26 22:59:39'),
(2433, 28, 24, '2015-09-19 14:13:25'),
(2434, 23, 35, '2015-10-27 06:59:39'),
(2435, 30, 3, '2015-09-15 08:58:30'),
(2436, 21, 21, '2015-05-08 03:19:22'),
(2437, 29, 21, '2016-01-06 18:35:34'),
(2438, 29, 10, '2015-06-13 02:38:59'),
(2439, 23, 13, '2015-05-30 01:35:23'),
(2440, 24, 14, '2015-05-31 05:58:21'),
(2441, 30, 31, '2015-08-03 05:15:53'),
(2442, 29, 24, '2015-10-08 10:22:15'),
(2443, 23, 37, '2016-01-22 02:51:35'),
(2444, 21, 11, '2015-09-10 05:47:40'),
(2445, 27, 24, '2015-11-20 08:29:58'),
(2446, 22, 30, '2015-07-25 21:50:03'),
(2447, 28, 34, '2016-01-27 05:37:29'),
(2448, 30, 36, '2015-09-04 19:05:08'),
(2449, 26, 1, '2016-03-29 05:17:07'),
(2450, 27, 26, '2015-10-08 13:03:21'),
(2451, 24, 22, '2016-03-19 02:55:31'),
(2452, 26, 7, '2016-04-08 16:25:10'),
(2453, 27, 4, '2015-09-28 02:53:17'),
(2454, 25, 12, '2015-07-10 07:09:25'),
(2455, 29, 37, '2015-07-18 15:18:47'),
(2456, 25, 20, '2015-09-17 12:16:32'),
(2457, 21, 40, '2016-01-17 06:35:29'),
(2458, 29, 12, '2015-04-29 14:09:49'),
(2459, 22, 10, '2015-07-24 17:50:45'),
(2460, 29, 37, '2015-06-11 11:32:04'),
(2461, 29, 15, '2015-12-17 07:33:33'),
(2462, 30, 2, '2015-05-31 20:05:11'),
(2463, 27, 7, '2016-01-15 03:59:18'),
(2464, 26, 21, '2015-06-20 04:55:04'),
(2465, 21, 10, '2016-03-09 16:50:58'),
(2466, 22, 19, '2015-11-07 18:04:26'),
(2467, 27, 7, '2015-09-22 01:08:39'),
(2468, 29, 7, '2015-08-02 08:14:27'),
(2469, 29, 29, '2015-08-07 07:33:53'),
(2470, 26, 21, '2016-03-28 11:30:05'),
(2471, 27, 20, '2016-04-14 17:13:59'),
(2472, 25, 7, '2015-07-26 07:14:32'),
(2473, 28, 6, '2015-10-08 08:12:59'),
(2474, 24, 24, '2015-10-31 14:35:59'),
(2475, 26, 35, '2015-10-03 15:28:06'),
(2476, 27, 38, '2016-01-31 20:41:46'),
(2477, 23, 23, '2015-11-06 14:54:57'),
(2478, 27, 18, '2015-06-28 16:34:48'),
(2479, 23, 27, '2016-03-20 03:24:16'),
(2480, 23, 3, '2015-12-06 02:38:36'),
(2481, 27, 8, '2016-03-19 11:18:26'),
(2482, 26, 27, '2016-02-26 03:46:58'),
(2483, 29, 2, '2015-11-09 00:48:02'),
(2484, 23, 5, '2015-08-06 00:47:40'),
(2485, 22, 34, '2015-05-21 13:58:30'),
(2486, 24, 16, '2015-10-22 08:57:17'),
(2487, 26, 2, '2015-05-15 18:54:37'),
(2488, 30, 7, '2015-08-12 14:21:28'),
(2489, 23, 2, '2015-12-11 03:33:43'),
(2490, 22, 25, '2015-06-19 22:34:06'),
(2491, 22, 13, '2015-08-09 21:24:29'),
(2492, 27, 11, '2015-12-05 20:43:22'),
(2493, 22, 15, '2016-01-02 21:52:37'),
(2494, 23, 20, '2016-02-27 05:55:21'),
(2495, 28, 38, '2015-09-27 16:51:01'),
(2496, 25, 25, '2016-01-27 08:15:49'),
(2497, 22, 26, '2016-02-25 12:22:27'),
(2498, 22, 12, '2015-11-28 09:20:08'),
(2499, 25, 31, '2015-06-08 07:00:42'),
(2500, 22, 39, '2016-03-06 01:37:56'),
(2501, 21, 3, '2015-07-26 10:58:33'),
(2502, 27, 39, '2015-05-12 00:29:06'),
(2503, 26, 34, '2015-09-08 18:22:38'),
(2504, 25, 39, '2016-03-14 16:16:07'),
(2505, 30, 20, '2016-04-18 15:30:47'),
(2506, 23, 10, '2015-06-13 10:31:27'),
(2507, 22, 13, '2015-07-24 10:26:58'),
(2508, 26, 9, '2015-05-17 06:25:33'),
(2509, 30, 25, '2016-01-08 02:59:53'),
(2510, 21, 4, '2016-01-27 07:53:27'),
(2511, 22, 13, '2016-01-11 14:40:03'),
(2512, 23, 28, '2016-02-03 05:38:22'),
(2513, 28, 12, '2015-07-28 19:43:03'),
(2514, 25, 37, '2015-06-12 19:02:43'),
(2515, 29, 25, '2016-03-29 18:11:05'),
(2516, 30, 39, '2016-01-29 12:57:47'),
(2517, 24, 38, '2015-11-10 19:19:04'),
(2518, 25, 25, '2015-12-07 14:49:09'),
(2519, 27, 38, '2016-02-25 08:44:52'),
(2520, 27, 2, '2015-08-09 21:14:31'),
(2521, 21, 33, '2015-10-01 07:49:55'),
(2522, 30, 18, '2015-05-11 01:02:45'),
(2523, 30, 40, '2015-12-09 10:43:23'),
(2524, 23, 15, '2016-02-13 07:27:35'),
(2525, 28, 39, '2015-08-14 18:39:19'),
(2526, 30, 30, '2015-08-25 12:10:04'),
(2527, 25, 31, '2016-01-15 06:04:43'),
(2528, 27, 20, '2015-11-08 13:46:11'),
(2529, 27, 30, '2015-12-24 11:16:23'),
(2530, 26, 31, '2015-11-07 20:00:51'),
(2531, 30, 18, '2015-11-12 12:39:48'),
(2532, 24, 6, '2015-08-26 21:24:40'),
(2533, 26, 35, '2016-04-05 07:04:28'),
(2534, 29, 7, '2015-09-25 09:27:25'),
(2535, 22, 2, '2015-09-02 05:20:53'),
(2536, 26, 36, '2015-11-28 18:49:36'),
(2537, 22, 21, '2015-08-25 08:54:03'),
(2538, 23, 25, '2015-09-16 01:17:53'),
(2539, 25, 28, '2015-11-18 02:33:53'),
(2540, 26, 26, '2016-02-01 01:28:44'),
(2541, 30, 7, '2016-02-06 16:27:45'),
(2542, 24, 29, '2015-07-08 21:07:20'),
(2543, 29, 15, '2015-11-17 07:52:32'),
(2544, 28, 10, '2016-03-05 18:08:23'),
(2545, 25, 10, '2015-09-08 19:33:03'),
(2546, 28, 1, '2015-11-18 03:19:33'),
(2547, 30, 24, '2016-02-18 20:10:37'),
(2548, 28, 7, '2015-12-29 22:48:20'),
(2549, 26, 27, '2016-03-10 09:15:19'),
(2550, 21, 16, '2016-02-14 08:29:30'),
(2551, 26, 6, '2015-08-12 13:18:08'),
(2552, 23, 21, '2015-10-25 22:55:57'),
(2553, 28, 38, '2015-06-05 11:14:47'),
(2554, 27, 21, '2016-02-10 13:34:51'),
(2555, 27, 2, '2015-06-11 18:49:10'),
(2556, 25, 26, '2015-08-24 07:45:46'),
(2557, 30, 5, '2016-01-20 08:38:39'),
(2558, 22, 17, '2016-02-27 19:42:26'),
(2559, 27, 12, '2015-05-07 06:19:55'),
(2560, 27, 30, '2016-03-10 13:04:08'),
(2561, 29, 9, '2015-05-02 01:14:26'),
(2562, 24, 1, '2015-07-22 09:52:49'),
(2563, 24, 14, '2015-11-20 15:44:58'),
(2564, 24, 26, '2015-05-30 07:55:19'),
(2565, 29, 36, '2015-12-06 15:26:39'),
(2566, 25, 21, '2015-06-12 21:56:21'),
(2567, 29, 25, '2015-12-29 13:52:03'),
(2568, 28, 22, '2016-02-11 22:22:19'),
(2569, 26, 30, '2015-08-16 20:44:25'),
(2570, 26, 11, '2015-10-13 01:11:23'),
(2571, 30, 18, '2015-12-24 23:13:20'),
(2572, 28, 4, '2015-12-28 11:57:06'),
(2573, 29, 24, '2015-11-09 18:04:37'),
(2574, 23, 10, '2016-03-23 01:05:49'),
(2575, 24, 22, '2015-10-13 15:44:53'),
(2576, 21, 40, '2016-02-16 21:23:04'),
(2577, 29, 2, '2015-07-17 12:19:24'),
(2578, 27, 8, '2016-02-24 23:26:58'),
(2579, 30, 22, '2016-02-14 12:34:21'),
(2580, 27, 23, '2015-07-14 19:25:48'),
(2581, 24, 16, '2015-11-14 14:06:21'),
(2582, 28, 36, '2015-10-17 07:20:00'),
(2583, 30, 11, '2015-09-14 11:29:28'),
(2584, 24, 34, '2015-06-14 01:52:27'),
(2585, 24, 12, '2015-08-18 07:40:44'),
(2586, 26, 30, '2015-12-13 07:30:58'),
(2587, 25, 34, '2016-04-04 16:37:19'),
(2588, 25, 2, '2016-04-01 15:12:42'),
(2589, 21, 14, '2015-11-13 11:56:44'),
(2590, 28, 23, '2015-11-25 03:27:51'),
(2591, 30, 36, '2015-11-24 15:15:17'),
(2592, 22, 23, '2016-04-19 08:22:37'),
(2593, 22, 11, '2015-10-28 15:18:28'),
(2594, 29, 18, '2016-02-15 12:08:09'),
(2595, 22, 10, '2015-07-10 00:25:35'),
(2596, 21, 32, '2015-04-21 20:05:49'),
(2597, 24, 7, '2015-11-15 07:55:13'),
(2598, 23, 25, '2015-08-10 21:33:10'),
(2599, 22, 10, '2015-08-12 12:33:22'),
(2600, 23, 39, '2015-06-29 16:11:33'),
(2601, 22, 35, '2015-05-15 14:57:54'),
(2602, 26, 27, '2015-07-23 07:46:13'),
(2603, 25, 17, '2015-09-30 16:33:56'),
(2604, 26, 17, '2015-10-08 09:06:49'),
(2605, 26, 1, '2015-05-23 05:09:27'),
(2606, 24, 13, '2015-08-21 09:56:39'),
(2607, 23, 17, '2015-07-10 13:20:38'),
(2608, 30, 27, '2015-09-30 00:27:28'),
(2609, 30, 7, '2015-06-23 13:58:01'),
(2610, 30, 27, '2015-10-22 04:09:25'),
(2611, 30, 32, '2016-02-12 05:03:17'),
(2612, 25, 1, '2015-11-11 17:22:08'),
(2613, 26, 38, '2015-08-16 22:31:15'),
(2614, 22, 1, '2015-06-21 01:10:20'),
(2615, 29, 37, '2016-01-06 23:44:38'),
(2616, 23, 2, '2015-07-16 11:24:01'),
(2617, 24, 39, '2015-08-14 01:41:39'),
(2618, 24, 34, '2015-07-17 00:24:26'),
(2619, 29, 27, '2015-05-30 17:36:01'),
(2620, 25, 39, '2015-07-21 09:07:05'),
(2621, 29, 8, '2016-04-10 12:32:33'),
(2622, 21, 7, '2015-09-13 00:18:42'),
(2623, 29, 19, '2015-07-23 14:27:31'),
(2624, 21, 34, '2016-03-18 20:46:32'),
(2625, 23, 5, '2016-03-25 12:02:52'),
(2626, 29, 25, '2015-07-02 00:17:20'),
(2627, 29, 31, '2015-06-14 23:24:19'),
(2628, 28, 35, '2015-09-29 06:52:51'),
(2629, 30, 27, '2015-05-14 03:54:01'),
(2630, 21, 28, '2015-11-16 01:33:17'),
(2631, 22, 28, '2016-01-08 21:55:38'),
(2632, 23, 18, '2015-05-10 18:38:02'),
(2633, 24, 30, '2015-12-25 14:31:37'),
(2634, 22, 37, '2015-11-08 00:40:29'),
(2635, 23, 4, '2015-12-31 18:00:36'),
(2636, 24, 14, '2015-06-03 00:58:43'),
(2637, 30, 23, '2015-09-08 15:47:46'),
(2638, 23, 14, '2015-05-21 03:58:21'),
(2639, 22, 3, '2015-07-25 21:24:45'),
(2640, 26, 3, '2015-05-02 03:27:37'),
(2641, 26, 39, '2015-04-30 04:23:02'),
(2642, 25, 31, '2015-05-29 10:53:07'),
(2643, 22, 37, '2015-09-03 22:11:41'),
(2644, 24, 7, '2015-12-06 19:12:26'),
(2645, 29, 2, '2015-08-03 18:03:42'),
(2646, 23, 10, '2016-02-22 17:17:50'),
(2647, 22, 39, '2015-11-17 21:52:54'),
(2648, 26, 30, '2015-04-21 00:28:53'),
(2649, 26, 39, '2015-11-26 07:39:07'),
(2650, 23, 37, '2015-07-11 06:24:44'),
(2651, 30, 37, '2016-03-12 04:07:12'),
(2652, 24, 21, '2015-09-02 01:33:22'),
(2653, 24, 17, '2016-03-02 07:06:35'),
(2654, 22, 13, '2015-12-01 00:29:11'),
(2655, 24, 17, '2016-04-18 13:27:58'),
(2656, 25, 35, '2015-05-31 03:24:15'),
(2657, 27, 20, '2016-04-08 05:02:21'),
(2658, 21, 35, '2015-12-10 13:06:45'),
(2659, 22, 14, '2015-06-22 06:23:45'),
(2660, 28, 24, '2015-10-31 17:27:46'),
(2661, 26, 1, '2015-09-18 14:35:08'),
(2662, 24, 26, '2015-06-12 00:21:37'),
(2663, 24, 33, '2015-11-04 23:35:04'),
(2664, 21, 35, '2016-04-01 08:44:34'),
(2665, 24, 4, '2016-02-24 11:53:56'),
(2666, 29, 18, '2015-07-26 22:11:53'),
(2667, 21, 17, '2015-09-06 20:40:05'),
(2668, 21, 14, '2016-02-12 08:47:32'),
(2669, 24, 7, '2015-11-16 12:49:25'),
(2670, 30, 17, '2015-06-17 11:22:36'),
(2671, 22, 13, '2015-07-30 23:17:01'),
(2672, 28, 6, '2016-03-05 17:37:34'),
(2673, 24, 16, '2015-10-08 08:22:07'),
(2674, 22, 34, '2015-07-28 07:41:54'),
(2675, 29, 38, '2015-10-16 20:18:18'),
(2676, 24, 14, '2015-08-08 03:20:56'),
(2677, 25, 18, '2016-01-06 11:06:49'),
(2678, 27, 33, '2015-06-10 18:11:51'),
(2679, 21, 12, '2015-07-19 18:52:34'),
(2680, 30, 28, '2016-02-28 09:26:53'),
(2681, 22, 9, '2016-02-14 19:15:06'),
(2682, 23, 30, '2015-06-05 16:42:57'),
(2683, 30, 22, '2016-01-21 19:54:52'),
(2684, 21, 20, '2015-08-13 09:37:05'),
(2685, 23, 34, '2015-07-30 09:18:25'),
(2686, 30, 22, '2015-05-05 01:52:22'),
(2687, 21, 25, '2016-01-13 15:09:26'),
(2688, 25, 34, '2015-08-16 10:43:08'),
(2689, 30, 38, '2016-02-04 02:10:08'),
(2690, 28, 5, '2016-02-22 01:25:01'),
(2691, 22, 18, '2016-03-18 13:28:44'),
(2692, 30, 19, '2015-11-20 18:01:48'),
(2693, 27, 16, '2015-10-04 07:54:14'),
(2694, 27, 40, '2015-06-18 14:30:12'),
(2695, 27, 1, '2015-12-20 13:39:03'),
(2696, 29, 33, '2016-03-12 06:01:02'),
(2697, 30, 14, '2015-10-08 05:07:22'),
(2698, 23, 4, '2015-07-06 04:00:25'),
(2699, 27, 14, '2016-04-12 02:06:44'),
(2700, 26, 37, '2015-11-09 02:11:27'),
(2701, 24, 37, '2015-11-11 09:04:54'),
(2702, 26, 21, '2015-07-26 02:09:24'),
(2703, 22, 9, '2016-03-26 07:35:00'),
(2704, 30, 21, '2016-01-23 18:00:14'),
(2705, 26, 19, '2016-03-04 07:58:59'),
(2706, 21, 15, '2015-09-15 21:42:26'),
(2707, 23, 36, '2016-03-19 14:17:41'),
(2708, 25, 19, '2015-11-13 11:34:19'),
(2709, 24, 5, '2015-12-01 14:28:48'),
(2710, 27, 15, '2016-02-18 07:04:28'),
(2711, 29, 32, '2016-03-30 09:13:45'),
(2712, 29, 38, '2016-01-07 07:26:34'),
(2713, 21, 25, '2016-02-09 10:26:52'),
(2714, 26, 31, '2015-08-17 13:22:16'),
(2715, 22, 25, '2016-03-03 06:42:05'),
(2716, 24, 26, '2016-04-04 03:10:54'),
(2717, 26, 22, '2015-05-01 14:59:55'),
(2718, 30, 5, '2015-10-22 08:19:02'),
(2719, 30, 31, '2015-10-10 17:00:51'),
(2720, 21, 20, '2015-04-21 11:47:03'),
(2721, 28, 21, '2016-01-18 09:00:51'),
(2722, 22, 13, '2015-05-03 19:50:53'),
(2723, 21, 7, '2015-10-11 14:45:06'),
(2724, 22, 19, '2015-11-08 07:07:39'),
(2725, 21, 12, '2015-12-04 12:21:14'),
(2726, 23, 11, '2015-10-23 06:10:12'),
(2727, 26, 34, '2015-12-02 10:25:12'),
(2728, 29, 30, '2015-10-12 12:57:50'),
(2729, 25, 8, '2015-12-18 20:42:34'),
(2730, 22, 21, '2015-05-22 10:07:00'),
(2731, 22, 31, '2015-08-21 15:10:25'),
(2732, 29, 13, '2015-06-28 23:30:35'),
(2733, 22, 6, '2015-05-14 23:16:55'),
(2734, 27, 37, '2016-02-09 10:12:42'),
(2735, 21, 11, '2015-11-30 16:53:37'),
(2736, 27, 35, '2016-02-17 15:24:39'),
(2737, 22, 40, '2015-09-15 07:58:04'),
(2738, 22, 26, '2015-06-19 20:20:55'),
(2739, 24, 25, '2016-01-07 09:09:30'),
(2740, 27, 30, '2015-08-23 12:14:04'),
(2741, 29, 32, '2016-03-08 22:03:12'),
(2742, 22, 24, '2015-05-27 04:19:36'),
(2743, 26, 40, '2015-04-26 19:02:48'),
(2744, 27, 35, '2016-01-22 00:36:09'),
(2745, 30, 2, '2016-01-18 07:15:26');
INSERT INTO `mytable` (`id`, `user_id`, `feed_id`, `date_added`) VALUES
(2746, 28, 40, '2015-09-07 17:26:49'),
(2747, 25, 34, '2015-07-12 09:40:05'),
(2748, 29, 9, '2016-04-08 00:38:37'),
(2749, 28, 21, '2016-04-20 16:39:37'),
(2750, 27, 6, '2015-09-17 06:51:35'),
(2751, 26, 5, '2016-03-21 04:48:34'),
(2752, 23, 35, '2015-11-26 15:54:38'),
(2753, 24, 37, '2015-08-05 01:59:44'),
(2754, 21, 32, '2016-03-01 10:09:00'),
(2755, 28, 21, '2015-07-02 06:03:41'),
(2756, 23, 18, '2015-11-22 02:02:27'),
(2757, 22, 15, '2015-08-02 15:22:30'),
(2758, 21, 20, '2016-02-17 21:59:57'),
(2759, 28, 22, '2016-03-31 06:59:49'),
(2760, 22, 10, '2015-07-21 12:36:58'),
(2761, 28, 40, '2015-11-01 20:26:08'),
(2762, 26, 19, '2016-01-14 20:45:24'),
(2763, 24, 6, '2015-09-16 15:23:19'),
(2764, 26, 33, '2016-03-11 20:44:34'),
(2765, 25, 16, '2015-11-08 11:37:01'),
(2766, 27, 7, '2015-11-13 07:52:39'),
(2767, 25, 4, '2016-03-24 11:40:24'),
(2768, 23, 11, '2015-11-04 08:02:10'),
(2769, 25, 38, '2015-12-13 21:28:36'),
(2770, 24, 7, '2016-04-11 03:04:42'),
(2771, 26, 9, '2015-06-11 16:48:39'),
(2772, 26, 18, '2015-11-28 21:13:22'),
(2773, 22, 25, '2016-04-13 11:29:30'),
(2774, 29, 36, '2015-09-14 21:50:05'),
(2775, 25, 27, '2015-07-26 20:25:03'),
(2776, 22, 16, '2016-01-24 23:13:49'),
(2777, 27, 29, '2015-05-18 15:11:49'),
(2778, 27, 39, '2015-09-06 13:22:13'),
(2779, 29, 7, '2015-10-31 23:56:53'),
(2780, 28, 7, '2015-10-17 06:51:35'),
(2781, 25, 3, '2016-01-05 02:19:59'),
(2782, 21, 2, '2015-05-14 01:04:47'),
(2783, 27, 2, '2015-09-01 10:29:52'),
(2784, 29, 6, '2016-01-11 14:22:34'),
(2785, 21, 6, '2015-09-09 17:45:12'),
(2786, 23, 35, '2015-07-20 17:14:49'),
(2787, 22, 27, '2015-09-18 00:53:17'),
(2788, 28, 23, '2016-02-03 07:00:39'),
(2789, 22, 27, '2015-07-22 02:42:41'),
(2790, 29, 34, '2015-04-25 01:42:07'),
(2791, 28, 21, '2016-04-10 00:10:07'),
(2792, 29, 40, '2016-01-09 14:01:04'),
(2793, 23, 23, '2016-01-21 05:26:50'),
(2794, 24, 23, '2016-03-22 08:06:11'),
(2795, 26, 19, '2016-03-17 21:53:56'),
(2796, 27, 27, '2016-02-19 09:28:22'),
(2797, 23, 1, '2015-09-17 16:00:24'),
(2798, 23, 28, '2015-12-01 00:33:51'),
(2799, 24, 19, '2015-11-12 20:55:25'),
(2800, 27, 3, '2015-12-19 02:01:07'),
(2801, 24, 18, '2016-02-17 00:37:35'),
(2802, 30, 27, '2015-09-18 06:43:08'),
(2803, 29, 10, '2016-04-19 00:48:15'),
(2804, 27, 9, '2015-08-21 08:42:15'),
(2805, 25, 24, '2015-05-07 01:12:22'),
(2806, 28, 36, '2015-12-31 23:30:10'),
(2807, 30, 28, '2016-02-06 19:33:50'),
(2808, 25, 23, '2015-09-11 21:38:10'),
(2809, 25, 36, '2015-08-04 17:56:05'),
(2810, 29, 10, '2015-09-10 08:12:31'),
(2811, 29, 29, '2015-11-16 22:40:33'),
(2812, 27, 21, '2015-10-04 18:52:33'),
(2813, 24, 7, '2015-11-08 07:06:26'),
(2814, 23, 21, '2016-04-06 07:18:59'),
(2815, 23, 40, '2016-02-04 17:23:02'),
(2816, 24, 5, '2015-07-12 03:40:00'),
(2817, 30, 24, '2015-08-12 14:04:03'),
(2818, 26, 26, '2015-11-06 20:08:16'),
(2819, 29, 38, '2015-07-22 01:44:44'),
(2820, 22, 30, '2015-08-03 19:42:51'),
(2821, 23, 1, '2016-02-11 08:48:22'),
(2822, 21, 12, '2016-03-20 05:04:18'),
(2823, 24, 12, '2016-01-07 04:27:49'),
(2824, 26, 15, '2015-10-17 09:01:28'),
(2825, 22, 4, '2015-10-19 15:15:43'),
(2826, 28, 32, '2016-04-03 18:53:20'),
(2827, 27, 26, '2015-11-28 08:05:23'),
(2828, 21, 8, '2016-02-22 20:48:12'),
(2829, 22, 18, '2016-03-18 16:09:05'),
(2830, 24, 26, '2015-12-23 14:46:42'),
(2831, 27, 21, '2015-06-20 13:57:11'),
(2832, 26, 28, '2016-04-03 23:39:42'),
(2833, 22, 23, '2016-02-22 23:34:45'),
(2834, 21, 7, '2015-12-05 12:34:23'),
(2835, 30, 26, '2016-02-02 06:36:05'),
(2836, 25, 28, '2015-11-23 15:43:49'),
(2837, 24, 14, '2015-10-01 14:46:10'),
(2838, 22, 9, '2015-10-30 13:21:37'),
(2839, 26, 29, '2015-07-13 22:30:16'),
(2840, 24, 33, '2015-11-11 15:13:06'),
(2841, 22, 29, '2015-11-09 09:30:58'),
(2842, 24, 31, '2015-11-20 12:16:04'),
(2843, 30, 13, '2015-11-11 20:38:22'),
(2844, 29, 29, '2015-09-21 05:24:18'),
(2845, 26, 38, '2015-04-26 07:06:58'),
(2846, 23, 6, '2015-06-14 21:27:38'),
(2847, 26, 14, '2016-04-19 23:38:37'),
(2848, 21, 6, '2015-08-02 13:57:55'),
(2849, 24, 14, '2016-03-30 03:32:40'),
(2850, 23, 5, '2015-06-30 21:07:19'),
(2851, 26, 31, '2016-01-26 18:27:10'),
(2852, 23, 38, '2015-08-10 15:11:16'),
(2853, 22, 24, '2016-04-05 14:41:29'),
(2854, 25, 34, '2015-12-06 09:00:42'),
(2855, 27, 18, '2016-03-02 07:03:20'),
(2856, 25, 38, '2016-01-07 07:42:50'),
(2857, 22, 1, '2015-11-14 03:01:56'),
(2858, 22, 27, '2015-05-29 04:08:14'),
(2859, 27, 11, '2015-09-02 14:13:09'),
(2860, 25, 34, '2015-08-10 03:58:13'),
(2861, 21, 7, '2016-01-02 12:44:19'),
(2862, 30, 25, '2015-12-16 05:30:07'),
(2863, 23, 11, '2016-04-10 11:27:19'),
(2864, 29, 30, '2016-01-04 01:38:55'),
(2865, 24, 4, '2016-03-12 02:44:34'),
(2866, 27, 13, '2015-06-26 06:51:57'),
(2867, 27, 27, '2016-02-18 00:57:16'),
(2868, 24, 23, '2016-01-15 19:15:56'),
(2869, 21, 1, '2015-10-22 23:01:04'),
(2870, 23, 18, '2015-08-08 23:36:18'),
(2871, 30, 12, '2016-02-26 06:18:56'),
(2872, 21, 29, '2015-07-14 03:19:38'),
(2873, 28, 19, '2015-06-21 22:20:10'),
(2874, 28, 29, '2016-01-10 04:30:13'),
(2875, 27, 28, '2015-12-06 02:39:22'),
(2876, 28, 19, '2015-08-05 03:51:10'),
(2877, 29, 26, '2015-12-05 02:20:23'),
(2878, 21, 13, '2015-11-17 08:11:45'),
(2879, 25, 5, '2015-11-27 12:32:09'),
(2880, 24, 31, '2016-04-18 01:19:24'),
(2881, 23, 3, '2015-08-24 04:57:05'),
(2882, 26, 10, '2015-11-04 20:34:45'),
(2883, 21, 28, '2015-10-21 02:09:13'),
(2884, 30, 25, '2016-01-13 11:31:48'),
(2885, 28, 40, '2015-12-18 11:51:50'),
(2886, 26, 9, '2015-04-22 02:29:49'),
(2887, 26, 23, '2015-06-26 11:58:56'),
(2888, 26, 33, '2015-06-08 01:06:54'),
(2889, 26, 40, '2016-03-23 17:42:20'),
(2890, 30, 8, '2015-06-16 12:47:04'),
(2891, 22, 6, '2016-02-08 12:59:30'),
(2892, 23, 23, '2015-07-15 08:06:16'),
(2893, 24, 15, '2016-03-12 11:02:02'),
(2894, 30, 28, '2015-12-22 13:39:31'),
(2895, 27, 40, '2015-11-25 03:18:50'),
(2896, 23, 24, '2016-01-11 19:51:25'),
(2897, 26, 37, '2016-01-21 14:56:53'),
(2898, 23, 2, '2015-11-05 03:24:42'),
(2899, 21, 11, '2015-09-11 21:42:39'),
(2900, 28, 29, '2015-08-14 02:45:36'),
(2901, 24, 15, '2015-06-06 01:16:51'),
(2902, 29, 11, '2015-07-10 06:18:26'),
(2903, 27, 35, '2016-03-27 03:02:53'),
(2904, 26, 23, '2015-11-22 14:38:07'),
(2905, 30, 26, '2015-06-08 13:06:47'),
(2906, 25, 12, '2015-09-24 03:13:56'),
(2907, 30, 36, '2016-04-03 15:58:42'),
(2908, 30, 18, '2015-05-30 12:08:54'),
(2909, 27, 30, '2016-02-01 11:32:44'),
(2910, 24, 36, '2015-04-30 15:58:50'),
(2911, 29, 33, '2015-07-20 13:59:56'),
(2912, 28, 29, '2016-02-28 01:33:06'),
(2913, 24, 9, '2016-04-07 11:05:08'),
(2914, 21, 8, '2015-05-18 07:58:01'),
(2915, 27, 30, '2015-05-21 16:57:57'),
(2916, 25, 8, '2015-08-19 08:16:14'),
(2917, 29, 13, '2015-07-26 21:46:04'),
(2918, 28, 9, '2015-07-17 12:47:33'),
(2919, 26, 3, '2015-05-18 11:32:21'),
(2920, 30, 5, '2016-03-25 14:54:13'),
(2921, 21, 33, '2015-10-01 06:55:03'),
(2922, 27, 16, '2015-09-30 03:46:45'),
(2923, 27, 1, '2015-06-23 10:19:51'),
(2924, 22, 19, '2015-11-22 22:46:20'),
(2925, 30, 21, '2015-10-30 13:40:26'),
(2926, 30, 39, '2015-05-23 15:03:18'),
(2927, 22, 22, '2016-01-11 17:04:36'),
(2928, 29, 30, '2015-07-23 05:06:38'),
(2929, 30, 38, '2015-05-09 11:31:20'),
(2930, 23, 18, '2015-09-15 11:25:30'),
(2931, 23, 12, '2015-10-09 14:42:31'),
(2932, 21, 39, '2016-03-11 01:30:50'),
(2933, 28, 16, '2015-10-01 02:00:03'),
(2934, 28, 23, '2016-02-26 00:48:45'),
(2935, 27, 10, '2015-07-01 02:21:32'),
(2936, 22, 16, '2015-10-02 04:06:02'),
(2937, 23, 15, '2016-02-03 05:42:30'),
(2938, 22, 31, '2015-07-13 19:28:46'),
(2939, 30, 25, '2016-04-18 20:42:40'),
(2940, 25, 20, '2015-12-11 00:13:36'),
(2941, 30, 20, '2016-03-18 20:16:10'),
(2942, 29, 24, '2016-02-17 13:26:57'),
(2943, 30, 40, '2016-01-24 14:56:56'),
(2944, 26, 5, '2015-07-15 13:20:01'),
(2945, 27, 2, '2015-11-29 02:40:33'),
(2946, 28, 2, '2016-01-18 22:54:31'),
(2947, 26, 19, '2015-08-30 02:26:20'),
(2948, 27, 24, '2015-08-27 20:05:42'),
(2949, 24, 36, '2015-10-24 17:05:09'),
(2950, 22, 33, '2015-11-05 06:57:28'),
(2951, 24, 16, '2015-11-18 16:51:30'),
(2952, 24, 5, '2015-05-01 20:24:40'),
(2953, 27, 26, '2016-02-09 19:27:05'),
(2954, 21, 27, '2015-08-30 10:43:48'),
(2955, 26, 22, '2015-12-11 03:07:05'),
(2956, 22, 2, '2016-02-11 06:06:52'),
(2957, 28, 16, '2015-08-22 23:09:05'),
(2958, 24, 14, '2015-10-21 13:46:56'),
(2959, 29, 17, '2016-01-09 17:57:52'),
(2960, 28, 32, '2015-09-01 20:31:19'),
(2961, 27, 17, '2015-11-21 00:12:55'),
(2962, 23, 33, '2015-06-08 02:13:00'),
(2963, 23, 22, '2015-12-28 14:38:22'),
(2964, 26, 12, '2016-02-16 04:45:19'),
(2965, 21, 36, '2016-03-01 07:59:33'),
(2966, 22, 25, '2015-10-05 17:43:21'),
(2967, 25, 5, '2016-03-25 19:51:58'),
(2968, 27, 19, '2015-05-24 21:35:46'),
(2969, 26, 4, '2015-07-04 02:47:50'),
(2970, 22, 23, '2015-11-19 16:55:44'),
(2971, 22, 25, '2015-06-17 20:44:57'),
(2972, 23, 31, '2015-06-05 06:29:34'),
(2973, 23, 24, '2015-12-29 15:58:28'),
(2974, 25, 34, '2015-06-20 05:40:40'),
(2975, 22, 4, '2016-02-24 05:56:18'),
(2976, 30, 15, '2015-11-11 11:45:34'),
(2977, 24, 36, '2016-04-16 03:37:40'),
(2978, 22, 11, '2015-11-28 11:50:39'),
(2979, 30, 24, '2015-09-06 08:19:56'),
(2980, 24, 31, '2016-01-21 09:13:40'),
(2981, 29, 13, '2015-06-27 16:45:15'),
(2982, 27, 20, '2016-02-11 13:00:08'),
(2983, 23, 12, '2015-05-19 13:32:55'),
(2984, 26, 37, '2015-04-29 19:21:19'),
(2985, 21, 10, '2015-11-23 07:04:09'),
(2986, 23, 19, '2015-07-02 23:16:27'),
(2987, 22, 13, '2015-12-31 16:22:55'),
(2988, 29, 2, '2015-10-14 14:08:58'),
(2989, 24, 23, '2015-05-11 10:25:42'),
(2990, 24, 22, '2016-02-23 00:49:57'),
(2991, 22, 23, '2016-02-05 13:01:43'),
(2992, 22, 36, '2015-12-20 03:35:30'),
(2993, 26, 12, '2015-08-28 23:00:03'),
(2994, 21, 10, '2015-10-05 22:00:16'),
(2995, 30, 10, '2015-08-10 08:28:08'),
(2996, 22, 19, '2015-07-04 12:39:17'),
(2997, 26, 35, '2015-07-09 04:31:48'),
(2998, 30, 31, '2016-03-22 00:13:35'),
(2999, 26, 17, '2016-04-06 18:47:16'),
(3000, 21, 18, '2016-01-29 03:04:53'),
(3001, 24, 34, '2015-07-21 09:26:09'),
(3002, 23, 30, '2015-08-02 08:13:31'),
(3003, 23, 39, '2015-11-22 18:54:35'),
(3004, 26, 37, '2015-10-28 20:32:11'),
(3005, 21, 10, '2015-12-24 14:55:04'),
(3006, 27, 12, '2015-11-07 04:24:27'),
(3007, 25, 14, '2016-03-23 01:16:53'),
(3008, 22, 23, '2016-03-23 07:00:33'),
(3009, 22, 5, '2015-07-06 06:58:49'),
(3010, 30, 12, '2016-03-01 01:45:04'),
(3011, 23, 29, '2016-01-02 17:40:25'),
(3012, 24, 25, '2015-04-24 02:44:08'),
(3013, 27, 1, '2015-11-25 18:27:59'),
(3014, 25, 34, '2015-11-20 20:25:42'),
(3015, 24, 25, '2015-09-29 18:05:06'),
(3016, 30, 7, '2015-12-21 09:54:15'),
(3017, 21, 32, '2015-10-17 11:38:21'),
(3018, 26, 31, '2016-03-30 10:46:48'),
(3019, 28, 20, '2015-08-22 05:59:54'),
(3020, 21, 6, '2016-02-02 09:01:21'),
(3021, 28, 32, '2015-10-28 19:15:55'),
(3022, 25, 9, '2015-11-03 23:53:55'),
(3023, 28, 37, '2015-12-18 07:45:51'),
(3024, 28, 37, '2015-11-18 05:41:13'),
(3025, 21, 27, '2015-05-24 18:54:09'),
(3026, 27, 16, '2015-09-08 17:18:37'),
(3027, 25, 36, '2016-03-03 10:08:32'),
(3028, 23, 14, '2016-02-03 08:20:53'),
(3029, 28, 35, '2015-07-22 16:15:10'),
(3030, 28, 26, '2015-11-28 13:52:49'),
(3031, 26, 14, '2015-10-07 15:48:34'),
(3032, 27, 7, '2016-01-01 20:53:42'),
(3033, 28, 21, '2016-04-10 14:24:04'),
(3034, 26, 35, '2016-02-14 12:14:10'),
(3035, 22, 11, '2015-12-29 14:13:45'),
(3036, 27, 27, '2015-12-26 09:09:18'),
(3037, 28, 26, '2015-09-22 23:58:59'),
(3038, 24, 23, '2016-02-14 13:39:47'),
(3039, 30, 36, '2015-08-02 14:51:12'),
(3040, 29, 37, '2015-09-03 02:20:32'),
(3041, 21, 29, '2015-09-08 00:57:28'),
(3042, 21, 32, '2015-06-02 15:09:47'),
(3043, 22, 40, '2015-12-15 05:21:02'),
(3044, 24, 40, '2015-07-15 15:58:38'),
(3045, 29, 6, '2015-10-03 14:20:53'),
(3046, 22, 15, '2016-02-17 01:53:27'),
(3047, 28, 2, '2015-10-10 02:10:32'),
(3048, 25, 20, '2015-06-05 03:21:29'),
(3049, 24, 15, '2015-08-31 22:33:01'),
(3050, 21, 36, '2015-07-25 08:59:40'),
(3051, 29, 20, '2015-09-22 13:19:14'),
(3052, 29, 15, '2016-03-10 03:10:52'),
(3053, 28, 28, '2015-09-28 09:33:24'),
(3054, 28, 30, '2015-08-25 21:48:51'),
(3055, 28, 15, '2015-05-21 10:11:13'),
(3056, 24, 20, '2015-10-02 02:51:10'),
(3057, 22, 2, '2015-12-13 02:06:25'),
(3058, 21, 28, '2015-10-21 22:20:14'),
(3059, 29, 32, '2016-03-01 05:52:32'),
(3060, 26, 12, '2016-02-11 07:54:25'),
(3061, 21, 12, '2016-02-28 03:28:01'),
(3062, 26, 38, '2015-09-30 02:14:14'),
(3063, 25, 35, '2015-06-28 07:13:01'),
(3064, 21, 38, '2015-06-05 23:05:28'),
(3065, 22, 31, '2015-11-08 14:43:57'),
(3066, 25, 26, '2015-06-12 16:38:21'),
(3067, 29, 14, '2016-03-15 10:46:51'),
(3068, 22, 30, '2015-05-17 18:36:53'),
(3069, 29, 3, '2015-06-05 06:31:31'),
(3070, 29, 4, '2015-07-28 06:35:47'),
(3071, 23, 17, '2015-06-05 18:10:38'),
(3072, 27, 28, '2016-04-11 10:13:18'),
(3073, 30, 32, '2016-03-14 06:21:37'),
(3074, 27, 35, '2015-07-09 05:54:25'),
(3075, 21, 34, '2016-02-28 10:57:33'),
(3076, 22, 4, '2016-01-07 04:24:31'),
(3077, 23, 36, '2015-07-01 07:57:31'),
(3078, 28, 35, '2015-07-23 17:54:43'),
(3079, 26, 3, '2015-09-18 11:29:16'),
(3080, 26, 39, '2015-10-19 06:09:04'),
(3081, 28, 14, '2015-11-20 00:54:43'),
(3082, 21, 18, '2016-03-12 20:26:48'),
(3083, 22, 40, '2016-01-20 12:00:05'),
(3084, 24, 10, '2015-07-01 23:03:32'),
(3085, 29, 4, '2015-11-21 11:25:55'),
(3086, 22, 15, '2016-01-11 22:21:54'),
(3087, 24, 18, '2016-04-09 05:56:19'),
(3088, 21, 16, '2016-04-15 20:27:31'),
(3089, 29, 26, '2015-09-27 21:51:22'),
(3090, 26, 7, '2016-04-11 22:24:48'),
(3091, 25, 36, '2015-12-29 20:33:22'),
(3092, 27, 16, '2015-09-02 17:52:22'),
(3093, 30, 13, '2015-09-15 13:57:42'),
(3094, 22, 38, '2015-10-18 19:58:03'),
(3095, 29, 34, '2015-07-15 00:40:10'),
(3096, 26, 22, '2015-10-03 13:34:40'),
(3097, 21, 2, '2015-07-31 15:07:16'),
(3098, 27, 14, '2015-07-24 20:05:54'),
(3099, 29, 13, '2015-11-09 01:17:31'),
(3100, 30, 35, '2015-08-08 21:26:26'),
(3101, 23, 26, '2015-12-27 06:45:44'),
(3102, 22, 19, '2015-11-27 17:50:57'),
(3103, 23, 19, '2015-08-30 19:46:04'),
(3104, 26, 20, '2015-12-12 08:19:00'),
(3105, 29, 30, '2016-01-22 10:04:34'),
(3106, 27, 22, '2015-05-31 20:28:17'),
(3107, 24, 26, '2016-01-15 06:39:05'),
(3108, 21, 21, '2015-10-02 03:03:08'),
(3109, 22, 8, '2016-01-19 14:24:45'),
(3110, 21, 33, '2015-07-24 03:31:03'),
(3111, 29, 14, '2015-06-04 15:49:45'),
(3112, 21, 21, '2015-07-01 06:43:53'),
(3113, 24, 11, '2015-06-02 22:43:39'),
(3114, 23, 17, '2015-11-16 08:09:45'),
(3115, 21, 34, '2016-02-26 14:38:21'),
(3116, 30, 38, '2016-03-31 04:07:56'),
(3117, 30, 20, '2015-08-27 04:19:58'),
(3118, 29, 32, '2016-03-06 20:37:01'),
(3119, 26, 12, '2015-10-21 19:47:33'),
(3120, 21, 7, '2015-09-22 07:27:03'),
(3121, 23, 9, '2015-12-27 09:44:59'),
(3122, 25, 3, '2015-11-07 02:57:11'),
(3123, 23, 3, '2015-11-08 05:13:20'),
(3124, 22, 24, '2015-10-03 03:36:11'),
(3125, 30, 36, '2015-07-18 03:04:42'),
(3126, 22, 3, '2016-01-14 03:25:54'),
(3127, 28, 36, '2015-04-30 07:58:40'),
(3128, 21, 31, '2015-12-15 18:15:33'),
(3129, 21, 28, '2015-08-12 11:07:15'),
(3130, 23, 21, '2015-05-10 16:02:07'),
(3131, 21, 40, '2015-07-20 02:43:33'),
(3132, 30, 18, '2016-01-12 23:32:20'),
(3133, 28, 11, '2015-09-28 18:13:55'),
(3134, 24, 12, '2015-08-18 02:09:48'),
(3135, 27, 21, '2016-01-21 21:17:51'),
(3136, 26, 27, '2015-05-08 02:54:11'),
(3137, 25, 16, '2015-08-16 14:36:37'),
(3138, 29, 9, '2015-08-20 13:39:19'),
(3139, 26, 30, '2015-12-18 23:42:57'),
(3140, 25, 22, '2015-12-24 03:30:36'),
(3141, 22, 26, '2016-03-27 07:38:29'),
(3142, 29, 26, '2015-07-21 09:23:20'),
(3143, 29, 28, '2015-11-09 09:00:31'),
(3144, 27, 12, '2015-10-23 08:01:52'),
(3145, 25, 5, '2015-08-26 08:36:46'),
(3146, 30, 12, '2015-06-04 08:20:35'),
(3147, 23, 16, '2016-03-13 06:33:49'),
(3148, 21, 6, '2015-06-13 02:23:57'),
(3149, 27, 17, '2016-03-01 20:50:17'),
(3150, 23, 8, '2015-07-06 02:09:20'),
(3151, 28, 4, '2016-01-21 17:57:15'),
(3152, 27, 12, '2015-09-19 01:36:10'),
(3153, 30, 11, '2015-08-25 03:44:48'),
(3154, 25, 8, '2015-10-14 21:05:51'),
(3155, 21, 3, '2015-05-19 14:19:11'),
(3156, 26, 36, '2016-02-14 17:31:23'),
(3157, 30, 38, '2015-10-09 03:30:27'),
(3158, 22, 18, '2015-08-30 19:32:20'),
(3159, 28, 1, '2015-06-14 20:09:25'),
(3160, 27, 32, '2016-03-12 04:24:47'),
(3161, 26, 18, '2015-05-04 09:59:40'),
(3162, 29, 39, '2015-11-28 19:53:04'),
(3163, 27, 22, '2015-09-13 11:45:10'),
(3164, 25, 26, '2015-10-20 04:30:58'),
(3165, 21, 21, '2015-08-26 21:18:21'),
(3166, 24, 2, '2016-03-05 04:03:04'),
(3167, 30, 5, '2016-04-03 11:34:43'),
(3168, 26, 20, '2016-03-04 21:51:55'),
(3169, 24, 15, '2015-11-16 01:44:54'),
(3170, 26, 33, '2016-03-06 15:28:35'),
(3171, 28, 15, '2016-02-29 14:25:29'),
(3172, 26, 40, '2015-11-08 12:50:50'),
(3173, 28, 34, '2016-01-26 14:09:50'),
(3174, 29, 20, '2016-02-17 06:19:00'),
(3175, 26, 25, '2016-02-21 11:10:13'),
(3176, 23, 20, '2015-12-15 04:34:45'),
(3177, 29, 1, '2015-10-25 04:35:45'),
(3178, 29, 13, '2015-07-15 06:09:08'),
(3179, 22, 35, '2016-01-18 02:05:00'),
(3180, 24, 37, '2016-01-24 21:54:01'),
(3181, 23, 15, '2016-01-12 09:22:06'),
(3182, 23, 2, '2016-03-23 17:39:43'),
(3183, 26, 21, '2015-06-06 22:26:56'),
(3184, 28, 40, '2015-09-19 07:00:16'),
(3185, 22, 11, '2015-12-04 17:11:11'),
(3186, 29, 15, '2016-04-08 19:57:17'),
(3187, 26, 15, '2015-09-27 11:05:54'),
(3188, 21, 10, '2015-06-05 01:58:42'),
(3189, 30, 28, '2015-07-19 17:01:00'),
(3190, 25, 8, '2015-07-03 03:36:27'),
(3191, 28, 13, '2015-11-07 00:25:17'),
(3192, 26, 32, '2016-02-07 17:50:26'),
(3193, 23, 22, '2015-07-31 02:02:43'),
(3194, 22, 16, '2016-04-05 21:32:54'),
(3195, 27, 3, '2015-09-24 15:46:02'),
(3196, 29, 14, '2015-06-04 01:19:39'),
(3197, 21, 12, '2016-03-11 15:39:49'),
(3198, 28, 33, '2015-06-20 13:37:06'),
(3199, 30, 24, '2015-05-16 00:39:03'),
(3200, 28, 22, '2015-07-13 20:48:59'),
(3201, 24, 3, '2016-02-17 13:43:06'),
(3202, 25, 22, '2015-06-11 10:26:04'),
(3203, 21, 36, '2015-12-31 12:29:05'),
(3204, 23, 8, '2015-08-26 23:33:01'),
(3205, 21, 21, '2015-05-02 19:52:11'),
(3206, 30, 28, '2016-03-15 22:46:44'),
(3207, 22, 2, '2015-10-15 04:47:58'),
(3208, 23, 11, '2016-02-18 12:13:16'),
(3209, 23, 12, '2016-02-16 07:17:34'),
(3210, 27, 21, '2015-11-11 06:24:54'),
(3211, 28, 3, '2015-06-14 19:41:25'),
(3212, 27, 16, '2015-10-07 00:58:59'),
(3213, 26, 3, '2015-05-22 10:18:45'),
(3214, 30, 4, '2015-06-05 15:47:44'),
(3215, 27, 26, '2015-09-24 13:06:37'),
(3216, 30, 40, '2015-07-03 08:35:00'),
(3217, 27, 30, '2015-09-11 04:13:25'),
(3218, 26, 5, '2015-08-11 12:19:43'),
(3219, 24, 15, '2016-03-04 11:14:57'),
(3220, 23, 2, '2015-08-30 16:33:02'),
(3221, 30, 13, '2015-12-27 01:17:45'),
(3222, 25, 5, '2016-01-19 12:22:31'),
(3223, 30, 18, '2015-08-04 16:14:15'),
(3224, 30, 17, '2016-01-06 04:24:28'),
(3225, 22, 24, '2016-03-12 07:41:33'),
(3226, 23, 40, '2015-07-04 07:15:15'),
(3227, 27, 31, '2016-03-27 18:47:45'),
(3228, 27, 3, '2016-01-07 00:16:09'),
(3229, 27, 25, '2015-06-28 01:24:29'),
(3230, 24, 24, '2015-06-29 02:59:45'),
(3231, 30, 1, '2016-02-24 21:03:45'),
(3232, 29, 22, '2016-03-16 21:06:31'),
(3233, 24, 36, '2015-04-28 16:03:52'),
(3234, 24, 31, '2015-05-10 01:07:53'),
(3235, 27, 17, '2016-04-01 23:19:15'),
(3236, 29, 32, '2016-01-07 12:18:04'),
(3237, 23, 35, '2015-10-21 11:30:59'),
(3238, 23, 13, '2016-01-22 22:47:02'),
(3239, 21, 14, '2015-11-07 04:02:21'),
(3240, 22, 9, '2015-08-24 18:10:10'),
(3241, 29, 21, '2015-08-25 18:36:07'),
(3242, 21, 2, '2015-12-01 19:52:50'),
(3243, 24, 14, '2016-02-06 00:28:14'),
(3244, 24, 10, '2015-09-01 11:46:44'),
(3245, 24, 21, '2015-06-04 00:15:18'),
(3246, 29, 31, '2015-08-23 05:09:04'),
(3247, 29, 1, '2015-06-13 12:41:27'),
(3248, 24, 25, '2015-11-24 18:19:37'),
(3249, 21, 8, '2015-07-10 06:55:21'),
(3250, 21, 5, '2015-12-24 10:21:59'),
(3251, 26, 6, '2016-01-29 19:02:28'),
(3252, 21, 17, '2015-11-17 17:14:06'),
(3253, 21, 39, '2016-02-12 23:48:49'),
(3254, 28, 9, '2015-09-16 13:30:37'),
(3255, 29, 37, '2015-10-22 04:23:10'),
(3256, 27, 23, '2015-11-24 03:06:52'),
(3257, 21, 24, '2015-06-02 10:43:49'),
(3258, 26, 3, '2016-02-28 21:38:37'),
(3259, 27, 32, '2016-04-11 19:12:40'),
(3260, 30, 26, '2016-01-05 03:55:03'),
(3261, 27, 6, '2015-06-10 07:32:27'),
(3262, 27, 12, '2015-08-08 21:35:22'),
(3263, 28, 6, '2015-09-20 11:23:43'),
(3264, 27, 10, '2015-05-27 05:40:37'),
(3265, 22, 28, '2015-07-26 14:59:05'),
(3266, 30, 11, '2015-12-11 12:50:04'),
(3267, 21, 27, '2015-11-16 07:16:30'),
(3268, 24, 23, '2015-05-03 04:44:16'),
(3269, 27, 28, '2015-07-24 21:47:10'),
(3270, 26, 29, '2016-01-08 04:22:23'),
(3271, 28, 26, '2015-12-26 20:25:13'),
(3272, 26, 13, '2016-01-14 17:54:23'),
(3273, 24, 33, '2015-08-18 09:09:42'),
(3274, 27, 22, '2015-05-13 17:50:15'),
(3275, 27, 39, '2015-06-12 20:34:51'),
(3276, 28, 29, '2015-11-16 09:34:47'),
(3277, 21, 23, '2015-05-14 13:21:37'),
(3278, 27, 12, '2015-07-29 16:07:04'),
(3279, 23, 1, '2015-07-10 22:27:25'),
(3280, 23, 6, '2015-07-28 23:20:07'),
(3281, 23, 12, '2015-07-15 03:28:13'),
(3282, 28, 30, '2015-06-11 18:44:50'),
(3283, 29, 34, '2015-07-11 00:08:24'),
(3284, 24, 31, '2015-07-28 14:17:11'),
(3285, 27, 23, '2015-11-15 07:12:50'),
(3286, 21, 13, '2015-07-13 12:04:46'),
(3287, 23, 9, '2015-08-25 22:03:12'),
(3288, 27, 31, '2016-02-07 01:58:41'),
(3289, 24, 35, '2015-10-25 02:52:04'),
(3290, 30, 26, '2015-09-19 16:48:32'),
(3291, 23, 14, '2015-12-20 16:09:08'),
(3292, 28, 36, '2015-07-11 09:41:34'),
(3293, 26, 36, '2015-09-14 23:57:36'),
(3294, 30, 12, '2015-05-30 11:14:59'),
(3295, 28, 18, '2015-12-22 07:26:17'),
(3296, 26, 26, '2015-11-07 05:19:33'),
(3297, 28, 38, '2015-05-01 05:07:55'),
(3298, 21, 38, '2016-01-18 03:42:24'),
(3299, 30, 9, '2016-01-01 09:26:03'),
(3300, 25, 7, '2015-07-01 11:03:04'),
(3301, 24, 4, '2015-11-11 18:39:03'),
(3302, 26, 27, '2016-01-20 06:59:20'),
(3303, 23, 18, '2015-09-24 12:16:03'),
(3304, 24, 20, '2015-05-17 11:07:07'),
(3305, 29, 30, '2015-06-28 02:58:20'),
(3306, 28, 13, '2015-07-07 23:35:06'),
(3307, 28, 26, '2015-12-21 03:09:43'),
(3308, 26, 22, '2015-04-29 10:07:39'),
(3309, 28, 32, '2015-07-31 09:41:07'),
(3310, 28, 40, '2016-04-16 04:38:40'),
(3311, 21, 6, '2015-08-13 02:06:11'),
(3312, 21, 36, '2015-12-17 10:17:12'),
(3313, 27, 38, '2016-03-24 03:07:03'),
(3314, 21, 13, '2015-04-24 00:18:02'),
(3315, 21, 38, '2015-09-14 18:20:03'),
(3316, 24, 2, '2016-03-14 16:05:07'),
(3317, 24, 28, '2016-02-03 10:06:33'),
(3318, 29, 35, '2015-08-05 04:41:40'),
(3319, 22, 1, '2015-09-15 11:19:19'),
(3320, 27, 8, '2015-07-12 07:05:42'),
(3321, 27, 9, '2015-06-01 17:43:05'),
(3322, 24, 18, '2016-03-20 19:55:27'),
(3323, 23, 19, '2015-06-22 23:04:12'),
(3324, 26, 27, '2016-01-26 01:07:00'),
(3325, 23, 22, '2015-06-21 12:59:42'),
(3326, 27, 9, '2015-10-10 04:44:32'),
(3327, 23, 17, '2016-04-10 00:22:40'),
(3328, 30, 7, '2016-04-15 11:32:20'),
(3329, 21, 6, '2015-07-19 08:35:13'),
(3330, 29, 31, '2016-02-27 03:57:11'),
(3331, 27, 15, '2015-11-13 11:00:01'),
(3332, 24, 2, '2015-05-10 06:18:05'),
(3333, 22, 29, '2015-11-12 15:18:49'),
(3334, 22, 14, '2015-11-26 11:53:09'),
(3335, 27, 39, '2015-11-02 18:27:05'),
(3336, 30, 7, '2016-03-14 13:39:44'),
(3337, 27, 23, '2015-10-02 02:42:59'),
(3338, 24, 32, '2016-03-13 03:13:05'),
(3339, 23, 22, '2015-06-11 06:12:11'),
(3340, 25, 12, '2016-03-06 01:58:20'),
(3341, 24, 10, '2015-06-04 20:57:06'),
(3342, 23, 8, '2015-09-14 01:30:08'),
(3343, 24, 35, '2016-03-30 18:39:14'),
(3344, 28, 7, '2015-05-19 00:51:25'),
(3345, 26, 7, '2016-01-11 17:07:06'),
(3346, 27, 38, '2016-02-17 15:18:56'),
(3347, 30, 13, '2015-08-13 16:48:53'),
(3348, 30, 33, '2015-08-04 18:57:57'),
(3349, 25, 14, '2016-04-19 22:11:16'),
(3350, 27, 26, '2015-06-04 17:52:52'),
(3351, 28, 37, '2016-02-06 08:18:01'),
(3352, 29, 34, '2016-01-17 02:30:29'),
(3353, 25, 31, '2015-11-12 05:18:10'),
(3354, 24, 4, '2015-10-08 11:36:14'),
(3355, 25, 1, '2016-03-18 12:15:10'),
(3356, 26, 40, '2015-07-16 21:00:15'),
(3357, 29, 35, '2015-05-20 18:26:48'),
(3358, 28, 29, '2015-11-20 00:15:02'),
(3359, 28, 33, '2015-09-05 21:22:36'),
(3360, 30, 36, '2015-12-17 16:13:02'),
(3361, 25, 25, '2015-11-08 17:12:44'),
(3362, 21, 29, '2015-09-15 16:50:44'),
(3363, 26, 15, '2015-05-16 00:33:01'),
(3364, 23, 14, '2016-04-20 12:14:06'),
(3365, 25, 31, '2016-02-04 09:39:52'),
(3366, 24, 34, '2016-04-05 09:34:51'),
(3367, 24, 12, '2015-11-18 00:24:15'),
(3368, 25, 26, '2016-01-17 08:32:15'),
(3369, 28, 9, '2016-04-15 12:55:45'),
(3370, 22, 12, '2016-02-16 12:59:44'),
(3371, 22, 17, '2016-04-11 17:30:45'),
(3372, 24, 36, '2015-06-17 20:17:51'),
(3373, 25, 22, '2015-12-27 00:01:15'),
(3374, 30, 35, '2015-05-27 18:43:19'),
(3375, 23, 5, '2015-08-11 10:44:26'),
(3376, 30, 33, '2015-09-10 07:01:53'),
(3377, 30, 15, '2016-01-21 07:08:34'),
(3378, 26, 11, '2015-07-14 07:19:19'),
(3379, 30, 39, '2015-06-12 21:44:05'),
(3380, 24, 13, '2016-03-27 03:51:45'),
(3381, 21, 13, '2015-09-19 11:03:37'),
(3382, 23, 24, '2015-05-17 15:59:33'),
(3383, 24, 27, '2015-05-04 14:08:14'),
(3384, 30, 11, '2015-10-13 10:34:15'),
(3385, 28, 30, '2016-02-29 22:36:09'),
(3386, 23, 34, '2016-02-25 23:07:40'),
(3387, 25, 15, '2016-01-12 11:49:24'),
(3388, 22, 1, '2015-05-05 11:41:09'),
(3389, 27, 15, '2015-09-30 17:46:00'),
(3390, 21, 11, '2015-05-02 10:32:39'),
(3391, 24, 37, '2015-11-24 06:05:16'),
(3392, 28, 36, '2016-02-04 06:43:22'),
(3393, 23, 36, '2015-11-24 21:18:41'),
(3394, 23, 10, '2016-04-05 23:06:14'),
(3395, 21, 39, '2015-12-13 10:01:38'),
(3396, 25, 18, '2015-12-25 05:53:36'),
(3397, 30, 21, '2015-11-16 08:23:08'),
(3398, 28, 23, '2015-10-19 08:32:46'),
(3399, 22, 13, '2015-05-08 19:25:26'),
(3400, 25, 33, '2016-01-07 04:03:27'),
(3401, 25, 11, '2015-09-12 14:17:45'),
(3402, 25, 34, '2015-09-12 17:06:49'),
(3403, 26, 13, '2015-06-19 22:24:59'),
(3404, 30, 1, '2015-09-29 11:16:18'),
(3405, 25, 36, '2016-03-12 03:49:11'),
(3406, 21, 30, '2015-12-31 02:20:56'),
(3407, 26, 40, '2015-08-29 01:19:45'),
(3408, 30, 33, '2015-05-05 14:00:41'),
(3409, 30, 32, '2016-02-17 07:39:25'),
(3410, 24, 27, '2015-05-20 08:05:49'),
(3411, 21, 27, '2015-12-14 02:02:35'),
(3412, 23, 32, '2015-12-26 09:46:21'),
(3413, 30, 10, '2015-06-04 20:23:18'),
(3414, 23, 10, '2016-04-07 14:18:43'),
(3415, 28, 40, '2015-11-16 05:26:05'),
(3416, 23, 36, '2015-09-25 09:37:45'),
(3417, 23, 18, '2015-11-18 18:38:06'),
(3418, 27, 33, '2015-08-24 01:14:45'),
(3419, 22, 14, '2016-03-07 03:46:38'),
(3420, 24, 38, '2016-01-08 18:27:52'),
(3421, 22, 23, '2015-08-30 15:59:40'),
(3422, 22, 10, '2015-09-05 15:44:11'),
(3423, 22, 1, '2016-03-25 18:18:34'),
(3424, 30, 24, '2015-09-28 12:49:53'),
(3425, 29, 2, '2015-09-20 23:17:38'),
(3426, 27, 5, '2015-05-18 15:03:31'),
(3427, 23, 35, '2016-04-12 01:06:24'),
(3428, 22, 31, '2015-05-05 02:07:19'),
(3429, 29, 2, '2015-07-09 00:44:08'),
(3430, 29, 35, '2015-07-15 11:26:38'),
(3431, 29, 4, '2016-02-08 12:34:55'),
(3432, 28, 9, '2015-06-11 02:10:41'),
(3433, 23, 8, '2016-01-28 18:31:26'),
(3434, 25, 10, '2016-01-03 19:03:49'),
(3435, 26, 27, '2015-07-02 16:05:59'),
(3436, 27, 13, '2016-02-15 01:14:40'),
(3437, 24, 35, '2016-02-17 05:16:33'),
(3438, 30, 39, '2015-08-02 21:27:16'),
(3439, 23, 10, '2015-09-10 16:58:40'),
(3440, 24, 25, '2015-06-23 23:27:51'),
(3441, 23, 23, '2015-09-10 15:15:26'),
(3442, 22, 10, '2015-05-06 03:21:26'),
(3443, 25, 38, '2015-11-12 06:21:20'),
(3444, 28, 39, '2015-04-28 15:15:04'),
(3445, 23, 2, '2015-08-15 03:16:47'),
(3446, 30, 37, '2016-01-11 16:34:57'),
(3447, 21, 25, '2016-04-08 22:17:55'),
(3448, 28, 8, '2015-11-06 18:31:39'),
(3449, 21, 34, '2015-05-04 10:51:23'),
(3450, 30, 19, '2016-03-06 03:45:12'),
(3451, 28, 34, '2015-05-14 13:09:39'),
(3452, 27, 36, '2015-07-08 11:13:57'),
(3453, 26, 24, '2015-09-21 14:43:02'),
(3454, 22, 8, '2015-10-27 18:22:39'),
(3455, 27, 8, '2015-11-18 17:12:10'),
(3456, 27, 23, '2016-01-24 15:19:25'),
(3457, 23, 29, '2016-01-31 11:47:34'),
(3458, 24, 36, '2015-06-01 15:58:59'),
(3459, 26, 10, '2015-08-19 15:11:30'),
(3460, 28, 40, '2015-07-25 18:41:16'),
(3461, 21, 37, '2015-09-26 12:53:18'),
(3462, 28, 40, '2016-02-20 12:06:17'),
(3463, 30, 37, '2015-07-18 12:44:43'),
(3464, 25, 24, '2015-12-20 05:00:39'),
(3465, 21, 10, '2015-12-07 16:02:52'),
(3466, 24, 11, '2016-02-21 17:01:12'),
(3467, 28, 38, '2016-02-17 01:06:29'),
(3468, 25, 28, '2015-12-19 20:49:57'),
(3469, 24, 9, '2015-06-19 09:36:28'),
(3470, 30, 9, '2015-08-19 15:20:20'),
(3471, 30, 40, '2016-03-31 00:33:25'),
(3472, 23, 5, '2015-05-31 09:24:57'),
(3473, 21, 16, '2015-08-25 02:33:55'),
(3474, 23, 38, '2016-01-25 00:03:38'),
(3475, 26, 12, '2015-09-06 17:33:59'),
(3476, 25, 32, '2015-08-14 22:38:29'),
(3477, 27, 16, '2015-09-28 23:14:36'),
(3478, 22, 29, '2015-05-30 07:29:35'),
(3479, 27, 38, '2015-05-11 22:51:40'),
(3480, 22, 35, '2015-11-30 22:03:01'),
(3481, 30, 24, '2016-02-18 17:16:34'),
(3482, 21, 12, '2016-01-01 12:50:39'),
(3483, 30, 37, '2016-02-18 14:22:33'),
(3484, 24, 2, '2015-06-22 13:46:52'),
(3485, 22, 39, '2015-05-18 07:25:59'),
(3486, 24, 36, '2016-04-19 09:27:42'),
(3487, 25, 12, '2015-08-17 13:46:49'),
(3488, 27, 1, '2015-07-18 08:17:35'),
(3489, 21, 27, '2015-05-01 22:48:05'),
(3490, 25, 37, '2015-10-10 11:01:00'),
(3491, 25, 13, '2016-02-01 03:16:40'),
(3492, 21, 22, '2016-02-09 09:54:40'),
(3493, 22, 23, '2015-11-03 00:09:30'),
(3494, 26, 27, '2016-02-06 22:19:48'),
(3495, 21, 23, '2015-08-07 12:05:52'),
(3496, 30, 25, '2015-07-22 20:56:08'),
(3497, 28, 31, '2016-03-17 11:35:10'),
(3498, 29, 27, '2015-06-15 21:21:01'),
(3499, 27, 31, '2015-09-04 21:24:56'),
(3500, 25, 25, '2015-10-05 02:07:10'),
(3501, 26, 8, '2015-07-08 18:36:38'),
(3502, 21, 23, '2015-10-19 04:28:12'),
(3503, 23, 40, '2016-01-30 06:00:50'),
(3504, 24, 38, '2015-11-10 03:05:46'),
(3505, 26, 37, '2015-08-28 10:47:36'),
(3506, 23, 28, '2015-12-02 13:49:30'),
(3507, 27, 27, '2016-03-26 15:59:32'),
(3508, 29, 18, '2015-05-01 21:22:16'),
(3509, 27, 29, '2015-07-25 08:32:55'),
(3510, 27, 26, '2015-11-02 08:38:41'),
(3511, 25, 31, '2015-07-03 17:43:30'),
(3512, 23, 16, '2015-09-11 21:35:51'),
(3513, 27, 29, '2015-04-22 16:43:02'),
(3514, 23, 4, '2015-11-17 04:40:06'),
(3515, 26, 32, '2015-09-22 12:11:47'),
(3516, 24, 26, '2015-11-28 12:25:27'),
(3517, 26, 7, '2015-10-25 20:55:31'),
(3518, 26, 31, '2015-11-20 05:57:32'),
(3519, 27, 25, '2015-08-09 09:48:02'),
(3520, 26, 35, '2015-06-23 11:12:52'),
(3521, 30, 35, '2015-08-12 23:01:40'),
(3522, 24, 35, '2015-09-05 02:18:19'),
(3523, 27, 10, '2015-07-15 17:24:23'),
(3524, 23, 19, '2015-12-09 02:00:24'),
(3525, 29, 13, '2016-02-24 22:49:43'),
(3526, 25, 28, '2016-01-06 19:08:02'),
(3527, 30, 18, '2015-04-29 00:16:55'),
(3528, 22, 25, '2016-01-19 13:48:06'),
(3529, 23, 22, '2016-02-21 07:37:41'),
(3530, 24, 35, '2015-09-17 00:03:44'),
(3531, 22, 28, '2015-08-07 21:29:37'),
(3532, 29, 13, '2015-12-06 21:05:21'),
(3533, 21, 3, '2015-05-21 22:11:06'),
(3534, 29, 19, '2016-03-23 19:09:51'),
(3535, 26, 10, '2015-08-04 15:09:16'),
(3536, 24, 14, '2016-02-20 14:21:33'),
(3537, 26, 22, '2016-01-25 23:43:08'),
(3538, 22, 25, '2015-08-27 10:38:49'),
(3539, 22, 39, '2015-09-01 02:10:10'),
(3540, 29, 4, '2015-07-05 20:40:02'),
(3541, 23, 15, '2016-04-14 17:44:27'),
(3542, 30, 30, '2016-01-14 16:33:45'),
(3543, 27, 25, '2015-10-17 07:48:44'),
(3544, 30, 27, '2015-06-01 14:24:35'),
(3545, 25, 8, '2015-07-17 15:01:21'),
(3546, 23, 35, '2015-07-01 11:22:52'),
(3547, 21, 7, '2016-03-08 22:11:17'),
(3548, 27, 15, '2016-03-23 09:26:30'),
(3549, 28, 28, '2016-04-13 22:31:57'),
(3550, 21, 24, '2015-06-17 18:57:35'),
(3551, 22, 9, '2016-01-02 06:55:09'),
(3552, 23, 1, '2016-03-28 18:14:41'),
(3553, 30, 15, '2015-06-18 23:14:51'),
(3554, 30, 34, '2015-08-16 05:29:49'),
(3555, 23, 12, '2015-12-15 10:57:54'),
(3556, 28, 29, '2015-06-07 09:10:03'),
(3557, 28, 16, '2015-06-08 00:15:25'),
(3558, 29, 26, '2015-12-14 15:42:44'),
(3559, 30, 9, '2015-09-29 04:24:51'),
(3560, 26, 21, '2015-10-04 01:56:07'),
(3561, 28, 13, '2015-06-18 14:42:32'),
(3562, 26, 19, '2015-09-17 05:48:31'),
(3563, 21, 16, '2015-09-30 17:04:44'),
(3564, 24, 17, '2016-04-10 22:26:58'),
(3565, 23, 29, '2015-09-26 19:07:43'),
(3566, 30, 36, '2015-05-31 10:54:56'),
(3567, 25, 1, '2015-05-28 00:52:12'),
(3568, 25, 27, '2015-12-22 22:58:19'),
(3569, 25, 10, '2015-11-01 00:22:44'),
(3570, 21, 8, '2015-06-16 04:34:41'),
(3571, 27, 10, '2016-01-31 23:02:24'),
(3572, 21, 26, '2016-04-13 13:57:08'),
(3573, 30, 5, '2015-05-06 01:51:25'),
(3574, 24, 16, '2015-11-12 02:29:33'),
(3575, 23, 37, '2015-09-24 21:00:04'),
(3576, 26, 34, '2015-12-16 22:08:40'),
(3577, 21, 17, '2016-03-25 06:05:44'),
(3578, 23, 9, '2015-09-04 22:16:10'),
(3579, 30, 40, '2015-07-04 08:56:15'),
(3580, 27, 21, '2015-07-13 23:08:10'),
(3581, 27, 39, '2015-12-07 05:50:22'),
(3582, 21, 30, '2016-01-26 09:02:30'),
(3583, 26, 6, '2016-02-28 03:37:48'),
(3584, 23, 8, '2015-05-17 12:31:59'),
(3585, 29, 11, '2015-11-23 04:44:36'),
(3586, 30, 39, '2015-05-15 03:24:28'),
(3587, 30, 11, '2015-10-12 21:53:29'),
(3588, 24, 19, '2015-08-10 22:15:19'),
(3589, 28, 16, '2015-06-05 00:00:47'),
(3590, 21, 7, '2015-11-18 09:32:26'),
(3591, 29, 18, '2016-02-14 20:24:38'),
(3592, 26, 33, '2015-11-06 12:35:25'),
(3593, 21, 20, '2015-07-24 16:58:26'),
(3594, 21, 11, '2015-06-14 11:16:42'),
(3595, 28, 12, '2015-05-15 21:53:00'),
(3596, 28, 37, '2015-12-19 21:10:39'),
(3597, 30, 5, '2015-05-02 22:12:02'),
(3598, 21, 37, '2016-03-16 11:00:05'),
(3599, 26, 35, '2015-08-01 11:03:48'),
(3600, 23, 40, '2016-01-31 22:49:14'),
(3601, 30, 7, '2016-01-01 15:42:37'),
(3602, 26, 29, '2015-09-07 06:40:59'),
(3603, 28, 35, '2015-10-18 03:13:45'),
(3604, 29, 6, '2015-08-13 06:35:49'),
(3605, 24, 6, '2016-02-13 12:45:06'),
(3606, 21, 1, '2015-11-26 09:01:22'),
(3607, 21, 19, '2015-06-21 17:20:11'),
(3608, 22, 8, '2015-12-13 04:30:05'),
(3609, 22, 19, '2015-11-28 00:28:53'),
(3610, 22, 18, '2015-07-17 12:34:48'),
(3611, 22, 2, '2015-11-02 14:11:52'),
(3612, 24, 28, '2015-07-29 10:39:07'),
(3613, 30, 34, '2015-09-12 08:24:25'),
(3614, 23, 37, '2016-02-28 08:07:58'),
(3615, 30, 3, '2015-10-06 07:15:44'),
(3616, 28, 17, '2015-05-12 22:49:02'),
(3617, 22, 28, '2015-06-02 13:54:26'),
(3618, 24, 22, '2016-03-24 05:33:00'),
(3619, 29, 26, '2016-02-11 18:23:41'),
(3620, 22, 37, '2016-01-28 18:35:43'),
(3621, 25, 30, '2015-05-31 03:06:27'),
(3622, 23, 25, '2015-09-15 19:26:55'),
(3623, 21, 34, '2015-12-27 15:40:54'),
(3624, 23, 24, '2015-12-13 13:09:23'),
(3625, 23, 12, '2015-07-01 06:25:50'),
(3626, 24, 14, '2015-08-30 02:16:48'),
(3627, 22, 6, '2015-05-28 13:29:27'),
(3628, 21, 2, '2016-01-04 04:40:52'),
(3629, 27, 10, '2015-08-13 10:10:25'),
(3630, 23, 8, '2015-09-18 16:31:22'),
(3631, 21, 20, '2015-10-07 15:00:16'),
(3632, 23, 35, '2015-11-17 01:17:02'),
(3633, 30, 40, '2015-10-02 10:48:50'),
(3634, 28, 38, '2015-06-12 09:43:37'),
(3635, 21, 14, '2015-04-29 23:24:54'),
(3636, 29, 27, '2015-11-09 08:30:05'),
(3637, 23, 21, '2016-03-10 10:33:03'),
(3638, 26, 36, '2016-02-10 05:41:24'),
(3639, 26, 30, '2015-12-06 03:26:12'),
(3640, 21, 1, '2016-01-01 05:24:38'),
(3641, 25, 25, '2015-08-05 12:51:17'),
(3642, 25, 17, '2016-01-09 20:35:02'),
(3643, 22, 15, '2016-02-27 16:07:24'),
(3644, 29, 15, '2015-07-15 14:18:53'),
(3645, 23, 40, '2016-01-05 10:52:56'),
(3646, 29, 20, '2016-01-04 03:27:24'),
(3647, 30, 30, '2016-02-12 02:01:37'),
(3648, 28, 37, '2016-01-17 01:09:37'),
(3649, 22, 24, '2016-01-06 21:37:25'),
(3650, 24, 26, '2016-03-29 20:14:19'),
(3651, 23, 5, '2015-12-03 13:34:32'),
(3652, 21, 8, '2016-01-03 02:40:36'),
(3653, 30, 10, '2016-02-12 07:40:18'),
(3654, 25, 37, '2015-05-02 23:05:58'),
(3655, 28, 18, '2015-10-10 08:14:38'),
(3656, 29, 3, '2015-05-15 04:35:45'),
(3657, 24, 15, '2015-07-04 08:56:14'),
(3658, 25, 17, '2015-10-10 03:47:35'),
(3659, 21, 16, '2015-06-21 23:25:04'),
(3660, 21, 31, '2015-06-26 23:08:17'),
(3661, 26, 9, '2015-10-25 07:37:32'),
(3662, 29, 38, '2015-08-10 19:40:37'),
(3663, 25, 9, '2016-02-07 06:42:42'),
(3664, 25, 18, '2015-05-07 09:03:29'),
(3665, 22, 25, '2016-02-12 20:17:47'),
(3666, 28, 21, '2016-01-29 09:24:38'),
(3667, 22, 21, '2015-07-31 11:47:31'),
(3668, 26, 12, '2015-06-07 21:01:44'),
(3669, 27, 3, '2015-12-01 06:51:56'),
(3670, 22, 38, '2015-05-02 00:13:46'),
(3671, 26, 5, '2016-03-01 07:34:30'),
(3672, 26, 2, '2015-05-27 12:25:50'),
(3673, 25, 22, '2015-04-21 14:23:08'),
(3674, 30, 25, '2015-07-06 20:37:55'),
(3675, 27, 5, '2016-01-01 04:50:26'),
(3676, 27, 33, '2015-09-24 14:54:45'),
(3677, 26, 19, '2015-04-21 07:09:41'),
(3678, 26, 32, '2015-12-21 01:53:03'),
(3679, 29, 40, '2015-08-30 03:12:25'),
(3680, 21, 37, '2015-10-25 12:16:12'),
(3681, 25, 30, '2015-08-04 22:46:49'),
(3682, 28, 28, '2015-09-18 20:33:53'),
(3683, 22, 16, '2016-02-24 00:34:30'),
(3684, 26, 37, '2015-07-21 00:21:28'),
(3685, 27, 13, '2015-10-01 12:05:09'),
(3686, 27, 10, '2015-12-14 07:24:25'),
(3687, 26, 28, '2015-06-17 13:02:51'),
(3688, 30, 16, '2015-08-19 23:25:12'),
(3689, 24, 1, '2015-09-24 12:57:32'),
(3690, 21, 23, '2015-07-23 22:58:14'),
(3691, 29, 18, '2015-04-23 22:44:00'),
(3692, 23, 3, '2015-12-15 12:50:20'),
(3693, 21, 26, '2015-12-12 20:24:05'),
(3694, 25, 38, '2015-08-22 06:31:44'),
(3695, 21, 40, '2015-11-12 15:44:27'),
(3696, 27, 4, '2015-06-19 02:01:54'),
(3697, 23, 35, '2015-12-29 12:07:15'),
(3698, 30, 5, '2015-06-03 19:11:41'),
(3699, 28, 13, '2016-04-14 08:57:44'),
(3700, 26, 20, '2015-11-02 09:46:37'),
(3701, 30, 27, '2015-07-09 05:36:09'),
(3702, 27, 25, '2016-03-18 04:44:35'),
(3703, 22, 36, '2015-09-08 12:58:10'),
(3704, 27, 12, '2015-07-29 18:12:27'),
(3705, 26, 36, '2015-09-08 20:58:15'),
(3706, 23, 26, '2015-12-03 13:19:24'),
(3707, 24, 39, '2015-12-04 01:05:57'),
(3708, 22, 38, '2015-11-06 10:24:13'),
(3709, 25, 17, '2016-02-26 04:15:55'),
(3710, 30, 20, '2015-07-28 04:51:05'),
(3711, 28, 7, '2015-08-14 17:01:31'),
(3712, 28, 22, '2015-12-16 22:38:27'),
(3713, 21, 22, '2015-05-05 12:38:02'),
(3714, 22, 9, '2016-04-16 15:51:51'),
(3715, 23, 31, '2015-10-02 14:17:19'),
(3716, 29, 31, '2015-12-04 17:26:14'),
(3717, 26, 3, '2015-09-25 02:47:50'),
(3718, 28, 32, '2016-04-18 11:19:05'),
(3719, 26, 25, '2015-06-20 04:59:58'),
(3720, 30, 39, '2015-10-18 17:24:08'),
(3721, 30, 29, '2016-02-24 01:20:01'),
(3722, 27, 40, '2015-04-29 14:28:32'),
(3723, 23, 26, '2015-07-20 14:11:27'),
(3724, 25, 18, '2015-07-02 23:18:05'),
(3725, 22, 17, '2015-11-21 02:24:31'),
(3726, 25, 38, '2015-05-13 19:44:15'),
(3727, 27, 28, '2015-05-01 04:33:23'),
(3728, 24, 7, '2015-10-11 00:53:32'),
(3729, 30, 40, '2015-08-05 05:23:47'),
(3730, 29, 10, '2016-03-16 16:26:19'),
(3731, 23, 33, '2015-11-08 01:18:33'),
(3732, 24, 25, '2015-12-01 16:48:21'),
(3733, 25, 22, '2016-02-24 03:02:20'),
(3734, 29, 17, '2016-03-13 09:30:39'),
(3735, 23, 11, '2015-09-24 17:44:19'),
(3736, 26, 19, '2015-08-23 12:30:27'),
(3737, 22, 3, '2015-12-13 22:10:02'),
(3738, 24, 6, '2016-03-31 16:35:42'),
(3739, 23, 24, '2015-12-07 02:31:47'),
(3740, 24, 13, '2015-07-19 06:20:30'),
(3741, 23, 27, '2016-01-31 03:11:25'),
(3742, 21, 25, '2015-05-04 19:56:10'),
(3743, 27, 32, '2015-08-25 08:58:59'),
(3744, 22, 20, '2016-03-20 00:37:40'),
(3745, 26, 17, '2015-05-02 00:15:09'),
(3746, 28, 25, '2015-12-22 12:39:13'),
(3747, 30, 28, '2015-07-27 03:15:58'),
(3748, 26, 17, '2016-04-10 17:00:31'),
(3749, 28, 27, '2015-12-01 03:21:06'),
(3750, 28, 8, '2015-05-15 06:26:20'),
(3751, 23, 12, '2015-10-31 10:52:31'),
(3752, 27, 36, '2015-06-15 01:13:51'),
(3753, 23, 16, '2016-01-05 21:48:15'),
(3754, 22, 36, '2016-01-22 15:29:17'),
(3755, 22, 40, '2016-01-15 15:47:02'),
(3756, 24, 30, '2016-02-23 04:08:03'),
(3757, 27, 8, '2015-12-19 11:45:36'),
(3758, 30, 10, '2015-12-10 08:43:39'),
(3759, 22, 19, '2015-09-12 14:00:54'),
(3760, 27, 36, '2015-09-17 03:33:05'),
(3761, 24, 25, '2015-11-13 23:05:19'),
(3762, 30, 36, '2016-02-25 06:03:27'),
(3763, 23, 39, '2015-07-27 07:36:21'),
(3764, 27, 17, '2016-01-20 08:58:51'),
(3765, 27, 9, '2015-12-31 03:42:59'),
(3766, 30, 30, '2016-02-23 01:42:08'),
(3767, 26, 7, '2015-10-12 17:37:29'),
(3768, 30, 19, '2015-05-27 18:42:17'),
(3769, 22, 14, '2015-05-14 13:46:28'),
(3770, 30, 19, '2015-09-17 11:15:09'),
(3771, 28, 8, '2015-07-26 23:32:30'),
(3772, 21, 16, '2015-06-02 03:40:58'),
(3773, 21, 30, '2015-06-24 11:01:14'),
(3774, 24, 11, '2015-08-18 20:28:35'),
(3775, 22, 1, '2015-09-29 03:41:50'),
(3776, 25, 33, '2016-01-27 05:54:05'),
(3777, 22, 1, '2015-12-12 02:09:03'),
(3778, 30, 13, '2015-08-15 19:10:40'),
(3779, 22, 12, '2015-11-03 22:02:37'),
(3780, 26, 17, '2015-07-05 15:34:42'),
(3781, 21, 24, '2016-01-06 18:47:01'),
(3782, 21, 10, '2015-06-18 07:43:36'),
(3783, 30, 39, '2015-08-21 09:53:53'),
(3784, 29, 38, '2016-01-12 18:01:29'),
(3785, 24, 39, '2015-07-31 23:04:53'),
(3786, 28, 22, '2015-06-29 13:26:49'),
(3787, 23, 1, '2015-09-03 06:23:57'),
(3788, 27, 11, '2015-11-13 10:04:13'),
(3789, 22, 40, '2015-07-22 05:57:07'),
(3790, 24, 35, '2016-02-12 19:02:30'),
(3791, 21, 1, '2016-02-21 02:28:51'),
(3792, 30, 30, '2015-06-26 13:26:46'),
(3793, 26, 33, '2015-10-18 14:46:35'),
(3794, 24, 15, '2015-11-24 22:39:59'),
(3795, 23, 24, '2016-02-16 00:55:29'),
(3796, 29, 24, '2016-01-10 13:06:16'),
(3797, 27, 26, '2015-07-30 03:05:54'),
(3798, 24, 40, '2015-06-06 00:40:37'),
(3799, 24, 14, '2016-04-07 22:36:53'),
(3800, 29, 6, '2015-05-19 00:57:36'),
(3801, 28, 29, '2016-03-21 12:02:34'),
(3802, 29, 32, '2015-10-03 23:59:17'),
(3803, 21, 27, '2015-10-23 13:34:50'),
(3804, 23, 1, '2015-10-08 18:31:53'),
(3805, 22, 23, '2015-07-31 04:18:36'),
(3806, 29, 8, '2015-08-02 05:35:28'),
(3807, 28, 17, '2015-07-02 05:07:21'),
(3808, 21, 34, '2015-10-21 06:55:31'),
(3809, 24, 39, '2015-04-30 05:26:24'),
(3810, 24, 37, '2015-06-18 12:09:55'),
(3811, 30, 19, '2016-04-20 12:42:57'),
(3812, 21, 35, '2015-09-24 01:58:56'),
(3813, 30, 22, '2015-12-28 12:44:21'),
(3814, 24, 35, '2015-11-07 11:31:16'),
(3815, 22, 13, '2015-10-27 15:22:50'),
(3816, 26, 6, '2015-06-12 18:29:27'),
(3817, 25, 1, '2015-08-25 07:08:38'),
(3818, 21, 29, '2015-08-29 15:57:53'),
(3819, 21, 40, '2016-03-06 07:56:04'),
(3820, 25, 19, '2015-04-27 02:15:45'),
(3821, 23, 9, '2015-06-26 03:43:32'),
(3822, 23, 6, '2015-07-02 02:09:12'),
(3823, 22, 10, '2015-06-02 09:41:46'),
(3824, 28, 12, '2015-06-08 05:22:52'),
(3825, 21, 36, '2016-03-24 12:16:28'),
(3826, 26, 28, '2015-08-29 16:20:58'),
(3827, 21, 8, '2015-09-24 01:19:18'),
(3828, 22, 9, '2015-10-30 06:24:28'),
(3829, 23, 1, '2015-11-02 14:54:40'),
(3830, 28, 30, '2015-09-12 17:10:20'),
(3831, 30, 35, '2015-09-08 19:15:28'),
(3832, 25, 15, '2015-12-31 11:33:30'),
(3833, 26, 32, '2016-02-13 23:33:05'),
(3834, 28, 30, '2015-11-30 07:57:08'),
(3835, 21, 11, '2015-11-17 02:21:54'),
(3836, 24, 37, '2015-11-06 06:00:15'),
(3837, 27, 39, '2015-08-04 10:56:49'),
(3838, 24, 5, '2015-06-25 07:05:59'),
(3839, 27, 8, '2015-09-06 03:02:15'),
(3840, 23, 31, '2015-12-04 16:02:52'),
(3841, 30, 16, '2015-12-19 02:32:54'),
(3842, 30, 18, '2015-09-03 19:50:56'),
(3843, 24, 37, '2015-09-14 18:33:37'),
(3844, 22, 20, '2015-05-26 14:09:38'),
(3845, 29, 20, '2016-02-23 16:25:10'),
(3846, 27, 15, '2015-06-11 04:02:01'),
(3847, 22, 8, '2015-07-31 06:15:08'),
(3848, 21, 27, '2015-08-05 03:36:13'),
(3849, 28, 22, '2015-07-11 15:19:45'),
(3850, 23, 40, '2015-10-19 15:47:46'),
(3851, 24, 20, '2015-07-18 08:46:07'),
(3852, 28, 26, '2016-02-10 07:32:18'),
(3853, 21, 18, '2015-05-06 09:54:24'),
(3854, 24, 8, '2016-01-12 05:52:01'),
(3855, 21, 30, '2016-04-10 06:23:42'),
(3856, 30, 33, '2015-05-30 02:13:30'),
(3857, 29, 23, '2015-09-13 23:51:11'),
(3858, 23, 30, '2015-07-24 09:46:18'),
(3859, 27, 25, '2015-10-01 04:28:21'),
(3860, 27, 27, '2015-05-25 10:33:47'),
(3861, 24, 23, '2015-10-15 04:35:28'),
(3862, 28, 11, '2016-02-07 02:50:09'),
(3863, 29, 20, '2015-10-27 16:34:58'),
(3864, 29, 4, '2016-04-11 06:48:58'),
(3865, 27, 3, '2015-06-15 23:19:02'),
(3866, 26, 26, '2016-01-06 21:46:37'),
(3867, 26, 6, '2015-07-21 23:22:26'),
(3868, 21, 31, '2015-06-15 14:50:22'),
(3869, 27, 33, '2015-10-02 15:40:02'),
(3870, 25, 26, '2015-05-21 05:19:30'),
(3871, 23, 20, '2015-10-24 08:46:05'),
(3872, 29, 37, '2015-11-22 10:49:05'),
(3873, 28, 21, '2015-12-31 14:42:50'),
(3874, 21, 35, '2015-05-30 18:40:10'),
(3875, 30, 36, '2015-06-15 09:01:25'),
(3876, 28, 17, '2015-05-28 06:44:30'),
(3877, 28, 37, '2016-01-07 04:59:13'),
(3878, 23, 24, '2015-08-07 01:45:48'),
(3879, 21, 9, '2016-02-17 01:41:28'),
(3880, 27, 26, '2015-05-18 04:03:27'),
(3881, 23, 37, '2016-04-20 03:29:14'),
(3882, 25, 22, '2016-03-15 07:29:44'),
(3883, 25, 22, '2015-07-20 06:32:35'),
(3884, 24, 29, '2015-08-30 14:15:15'),
(3885, 23, 38, '2016-03-25 16:56:46'),
(3886, 29, 4, '2016-02-05 06:29:46'),
(3887, 29, 30, '2016-03-23 08:47:43'),
(3888, 26, 17, '2016-03-04 23:22:26'),
(3889, 28, 10, '2015-10-26 02:33:25'),
(3890, 29, 28, '2016-03-18 12:44:33'),
(3891, 24, 37, '2015-05-25 14:27:44'),
(3892, 23, 11, '2015-08-14 21:35:03'),
(3893, 28, 29, '2016-04-17 01:18:19'),
(3894, 21, 33, '2015-05-01 23:49:30'),
(3895, 29, 27, '2015-07-16 10:26:25'),
(3896, 22, 27, '2016-02-22 02:14:19'),
(3897, 27, 4, '2015-11-16 17:19:29'),
(3898, 27, 33, '2015-11-15 12:39:26'),
(3899, 26, 37, '2016-01-30 10:06:18'),
(3900, 26, 34, '2015-08-02 20:12:57'),
(3901, 26, 16, '2015-05-30 00:08:06'),
(3902, 27, 5, '2015-05-26 19:41:01'),
(3903, 24, 26, '2015-11-01 05:46:35'),
(3904, 29, 23, '2015-09-26 05:08:57'),
(3905, 24, 5, '2015-12-27 19:52:00'),
(3906, 30, 15, '2015-08-12 05:07:01'),
(3907, 22, 39, '2015-05-24 03:00:10'),
(3908, 24, 38, '2015-04-30 04:26:05'),
(3909, 25, 14, '2016-02-10 08:45:35'),
(3910, 30, 3, '2016-04-03 00:17:44'),
(3911, 29, 37, '2015-12-28 03:05:18'),
(3912, 25, 17, '2015-08-31 15:41:20'),
(3913, 29, 12, '2015-09-11 23:06:59'),
(3914, 30, 39, '2015-07-18 23:53:55'),
(3915, 29, 36, '2016-04-03 14:56:16'),
(3916, 25, 14, '2015-06-23 02:36:13'),
(3917, 22, 26, '2015-12-17 17:42:07'),
(3918, 24, 15, '2015-10-29 07:50:17'),
(3919, 23, 29, '2015-08-25 22:40:29'),
(3920, 21, 40, '2015-08-09 00:32:42'),
(3921, 25, 11, '2015-11-16 20:36:36'),
(3922, 22, 11, '2015-08-08 08:16:28'),
(3923, 30, 4, '2015-12-21 23:01:35'),
(3924, 22, 15, '2015-06-17 13:24:48'),
(3925, 30, 21, '2015-05-19 02:40:46'),
(3926, 22, 39, '2015-08-06 21:22:00'),
(3927, 24, 17, '2015-12-08 23:57:15'),
(3928, 26, 38, '2016-03-30 20:04:47'),
(3929, 28, 2, '2015-10-09 11:33:39'),
(3930, 22, 13, '2015-05-08 04:50:48'),
(3931, 29, 30, '2015-10-27 08:30:52'),
(3932, 28, 11, '2015-12-29 19:12:50'),
(3933, 23, 26, '2016-03-07 12:40:49'),
(3934, 22, 22, '2015-08-04 19:40:22'),
(3935, 26, 16, '2015-04-29 15:47:57'),
(3936, 27, 14, '2015-09-16 02:07:11'),
(3937, 24, 5, '2016-04-03 10:01:13'),
(3938, 22, 26, '2015-12-27 20:07:53'),
(3939, 21, 25, '2015-07-02 10:57:12'),
(3940, 27, 28, '2015-08-19 18:34:39'),
(3941, 22, 36, '2015-07-27 05:18:27'),
(3942, 21, 8, '2016-03-02 06:35:16'),
(3943, 25, 9, '2015-12-06 16:14:32'),
(3944, 25, 20, '2015-07-29 13:17:08'),
(3945, 25, 10, '2016-04-03 06:23:11'),
(3946, 23, 6, '2016-02-10 04:00:46'),
(3947, 30, 35, '2015-08-19 03:14:02'),
(3948, 23, 5, '2015-06-28 17:21:49'),
(3949, 24, 12, '2016-02-12 02:55:50'),
(3950, 24, 23, '2016-04-05 10:55:45'),
(3951, 30, 2, '2015-12-09 15:27:43'),
(3952, 28, 18, '2016-02-19 13:16:21'),
(3953, 23, 28, '2016-04-10 18:28:28'),
(3954, 25, 35, '2016-01-03 12:04:11'),
(3955, 25, 7, '2016-02-11 21:05:07'),
(3956, 23, 3, '2015-10-16 15:07:31'),
(3957, 26, 37, '2015-05-01 11:37:06'),
(3958, 21, 17, '2015-06-18 00:17:49'),
(3959, 24, 26, '2015-08-14 08:07:33'),
(3960, 21, 30, '2015-07-10 22:26:22'),
(3961, 28, 26, '2015-08-27 03:36:55'),
(3962, 29, 2, '2015-08-19 01:16:00'),
(3963, 27, 31, '2015-04-24 01:10:05'),
(3964, 30, 25, '2015-10-10 00:19:30'),
(3965, 28, 11, '2015-11-29 03:09:33'),
(3966, 22, 14, '2015-05-22 03:10:46'),
(3967, 28, 13, '2016-02-12 06:27:19'),
(3968, 24, 17, '2016-02-26 06:26:04'),
(3969, 21, 5, '2015-12-15 14:12:32'),
(3970, 23, 29, '2016-04-18 03:58:03'),
(3971, 27, 11, '2016-01-10 06:23:32'),
(3972, 21, 40, '2015-06-19 12:12:20'),
(3973, 21, 27, '2015-06-16 18:32:32'),
(3974, 25, 33, '2015-10-17 10:39:44'),
(3975, 27, 39, '2016-03-11 08:38:50'),
(3976, 30, 29, '2016-01-18 17:17:33'),
(3977, 26, 18, '2015-07-20 13:07:27'),
(3978, 28, 7, '2016-04-16 03:31:59'),
(3979, 29, 15, '2015-05-30 22:35:53'),
(3980, 30, 2, '2015-08-04 06:16:11'),
(3981, 22, 17, '2015-09-12 23:42:48'),
(3982, 29, 1, '2015-05-16 10:28:46'),
(3983, 22, 27, '2015-10-11 04:31:34'),
(3984, 30, 26, '2015-07-15 02:17:04'),
(3985, 28, 4, '2015-05-11 06:25:27'),
(3986, 29, 38, '2015-06-12 05:57:14'),
(3987, 28, 6, '2015-06-18 17:45:57'),
(3988, 28, 2, '2016-02-27 00:19:14'),
(3989, 28, 40, '2015-10-13 15:35:03'),
(3990, 28, 35, '2015-05-26 19:45:30'),
(3991, 27, 37, '2015-06-16 09:30:19'),
(3992, 28, 23, '2015-06-21 06:52:33'),
(3993, 29, 17, '2015-09-20 13:23:42'),
(3994, 23, 6, '2015-07-25 00:28:37'),
(3995, 21, 23, '2015-05-27 04:18:27'),
(3996, 27, 32, '2015-08-01 10:58:31'),
(3997, 30, 3, '2015-12-29 20:49:28'),
(3998, 24, 19, '2015-09-02 23:45:35'),
(3999, 21, 22, '2015-07-08 08:15:37'),
(4000, 26, 39, '2015-11-17 22:22:56'),
(4001, 28, 12, '2015-08-17 00:05:48'),
(4002, 27, 22, '2016-01-16 14:49:35'),
(4003, 23, 12, '2016-02-29 02:29:17'),
(4004, 26, 2, '2015-07-23 12:04:16'),
(4005, 25, 28, '2015-11-04 13:10:20'),
(4006, 29, 8, '2016-03-26 00:52:43'),
(4007, 27, 28, '2016-03-01 03:34:07'),
(4008, 30, 28, '2016-03-20 01:30:57'),
(4009, 24, 16, '2016-01-07 16:20:55'),
(4010, 25, 39, '2016-03-30 13:57:18'),
(4011, 30, 5, '2015-12-17 23:17:55'),
(4012, 25, 15, '2015-05-02 10:24:50'),
(4013, 29, 11, '2016-02-28 05:52:24'),
(4014, 22, 24, '2016-02-26 00:17:34'),
(4015, 21, 21, '2016-03-10 16:11:52'),
(4016, 22, 40, '2016-02-13 06:19:19'),
(4017, 25, 19, '2016-03-01 05:24:16'),
(4018, 26, 32, '2016-03-21 12:15:52'),
(4019, 23, 27, '2015-08-26 02:43:47'),
(4020, 29, 39, '2015-10-22 02:09:21'),
(4021, 28, 2, '2016-02-22 01:06:36'),
(4022, 22, 20, '2015-07-13 22:41:18'),
(4023, 22, 36, '2016-02-23 20:43:50'),
(4024, 24, 35, '2015-08-03 07:42:36'),
(4025, 29, 7, '2015-10-01 07:03:18'),
(4026, 29, 5, '2015-04-22 03:48:22'),
(4027, 22, 7, '2015-10-03 13:35:12'),
(4028, 26, 13, '2015-07-18 17:43:30'),
(4029, 27, 22, '2015-06-13 10:48:52'),
(4030, 21, 13, '2016-03-04 16:16:10'),
(4031, 21, 28, '2016-04-17 04:05:11'),
(4032, 22, 39, '2015-10-03 13:01:11'),
(4033, 21, 13, '2015-09-24 12:38:55'),
(4034, 21, 9, '2016-01-14 10:59:32'),
(4035, 27, 17, '2015-08-09 01:26:39'),
(4036, 21, 10, '2015-06-09 05:13:46'),
(4037, 26, 7, '2015-04-27 20:43:24'),
(4038, 26, 3, '2015-07-17 21:52:08'),
(4039, 21, 12, '2016-02-18 17:00:32'),
(4040, 22, 39, '2015-08-03 21:24:08'),
(4041, 29, 23, '2015-11-23 11:34:41'),
(4042, 30, 40, '2015-12-17 17:57:33'),
(4043, 24, 14, '2016-01-20 06:01:30'),
(4044, 23, 14, '2015-09-27 14:11:10'),
(4045, 26, 38, '2015-06-19 21:06:05'),
(4046, 25, 39, '2016-02-15 10:09:58'),
(4047, 29, 28, '2016-01-21 15:47:47'),
(4048, 21, 24, '2015-12-05 02:48:13'),
(4049, 24, 30, '2016-02-26 00:17:00'),
(4050, 29, 3, '2015-04-22 17:38:40'),
(4051, 26, 20, '2016-01-24 19:17:17'),
(4052, 22, 38, '2015-05-05 09:50:38'),
(4053, 24, 14, '2016-03-30 18:32:41'),
(4054, 30, 29, '2016-01-19 03:45:08'),
(4055, 30, 4, '2015-10-03 13:14:43'),
(4056, 21, 28, '2015-05-26 20:26:38'),
(4057, 22, 4, '2015-05-04 18:46:07'),
(4058, 23, 29, '2015-09-06 10:11:56'),
(4059, 27, 18, '2016-03-27 06:14:44'),
(4060, 27, 38, '2015-08-30 16:26:39'),
(4061, 22, 38, '2016-02-03 02:56:54'),
(4062, 22, 14, '2016-01-16 23:00:47'),
(4063, 28, 25, '2015-10-04 10:25:29'),
(4064, 25, 21, '2015-07-25 07:38:03'),
(4065, 29, 38, '2015-05-17 08:27:45'),
(4066, 30, 34, '2016-02-01 02:33:58'),
(4067, 23, 25, '2015-07-01 23:33:50'),
(4068, 30, 26, '2015-06-04 13:27:57'),
(4069, 26, 9, '2015-11-10 11:54:11'),
(4070, 22, 1, '2015-06-17 01:34:19'),
(4071, 27, 14, '2016-02-22 07:50:47'),
(4072, 25, 32, '2015-08-01 18:38:59'),
(4073, 21, 32, '2015-07-18 04:27:56'),
(4074, 28, 29, '2015-11-14 21:33:01'),
(4075, 23, 28, '2016-01-12 06:30:07'),
(4076, 30, 33, '2015-11-22 09:23:51'),
(4077, 21, 1, '2016-04-19 14:55:56'),
(4078, 30, 39, '2016-01-06 23:15:49'),
(4079, 26, 38, '2015-12-26 15:44:10'),
(4080, 21, 10, '2015-06-24 12:32:56'),
(4081, 21, 36, '2016-03-19 23:19:23'),
(4082, 27, 14, '2016-01-17 21:22:21'),
(4083, 24, 1, '2015-09-30 19:29:33'),
(4084, 23, 19, '2015-08-16 23:59:25'),
(4085, 25, 17, '2015-08-31 04:26:59'),
(4086, 27, 20, '2016-04-18 20:31:17'),
(4087, 22, 34, '2015-12-21 04:16:37'),
(4088, 26, 25, '2015-12-09 13:16:55'),
(4089, 29, 30, '2015-04-21 16:34:51'),
(4090, 28, 7, '2015-09-27 13:38:00'),
(4091, 29, 29, '2016-03-02 10:19:36'),
(4092, 25, 28, '2016-03-12 23:16:48'),
(4093, 21, 10, '2015-11-23 07:14:02'),
(4094, 21, 20, '2015-10-17 21:23:05'),
(4095, 23, 23, '2016-02-01 14:13:00'),
(4096, 22, 17, '2015-05-05 09:49:12'),
(4097, 26, 40, '2015-05-19 03:36:25'),
(4098, 28, 38, '2016-01-14 12:51:08'),
(4099, 21, 19, '2015-07-14 23:50:53'),
(4100, 27, 33, '2015-05-26 11:21:41'),
(4101, 23, 16, '2015-06-20 23:16:44');
INSERT INTO `mytable` (`id`, `user_id`, `feed_id`, `date_added`) VALUES
(4102, 30, 2, '2015-08-07 10:18:26'),
(4103, 27, 34, '2015-04-28 11:24:35'),
(4104, 24, 29, '2015-08-22 21:21:40'),
(4105, 24, 7, '2015-05-21 09:07:42'),
(4106, 28, 38, '2015-10-14 17:02:29'),
(4107, 25, 35, '2016-01-22 18:03:40'),
(4108, 25, 40, '2016-01-13 02:31:35'),
(4109, 24, 10, '2016-04-08 13:06:25'),
(4110, 30, 5, '2015-06-02 15:09:09'),
(4111, 26, 26, '2015-07-01 13:48:03'),
(4112, 26, 30, '2015-08-17 17:06:45'),
(4113, 27, 39, '2015-10-20 03:33:30'),
(4114, 28, 20, '2015-06-20 04:18:31'),
(4115, 21, 4, '2015-08-15 11:33:25'),
(4116, 22, 12, '2016-02-28 09:07:05'),
(4117, 28, 12, '2015-07-01 01:09:33'),
(4118, 24, 22, '2016-02-07 19:05:14'),
(4119, 26, 11, '2015-12-05 01:53:52'),
(4120, 28, 39, '2015-12-10 10:10:54'),
(4121, 25, 19, '2015-05-23 00:59:21'),
(4122, 24, 40, '2015-05-16 13:29:50'),
(4123, 27, 1, '2016-03-10 02:58:00'),
(4124, 23, 38, '2016-02-10 20:49:58'),
(4125, 28, 28, '2015-06-05 08:58:45'),
(4126, 30, 36, '2015-10-03 16:25:13'),
(4127, 25, 24, '2016-01-12 23:01:29'),
(4128, 27, 6, '2015-06-17 20:56:31'),
(4129, 23, 28, '2016-04-03 17:33:11'),
(4130, 30, 13, '2015-05-07 17:10:34'),
(4131, 22, 28, '2015-12-24 22:52:52'),
(4132, 30, 27, '2015-12-31 18:00:19'),
(4133, 23, 32, '2015-10-20 15:56:12'),
(4134, 29, 18, '2015-04-29 14:18:23'),
(4135, 25, 30, '2016-01-11 07:59:45'),
(4136, 22, 14, '2015-12-18 20:43:15'),
(4137, 25, 5, '2015-11-25 16:08:53'),
(4138, 22, 8, '2015-09-07 07:20:07'),
(4139, 27, 28, '2016-02-26 10:51:26'),
(4140, 30, 5, '2016-01-06 08:50:06'),
(4141, 29, 18, '2015-12-31 19:22:23'),
(4142, 23, 20, '2016-01-30 02:21:57'),
(4143, 25, 20, '2015-10-16 11:37:04'),
(4144, 24, 17, '2016-02-04 17:53:03'),
(4145, 26, 1, '2016-03-03 05:25:32'),
(4146, 29, 29, '2016-01-26 21:56:49'),
(4147, 24, 24, '2015-05-16 21:50:28'),
(4148, 25, 15, '2015-05-13 10:53:44'),
(4149, 26, 37, '2015-10-08 00:29:48'),
(4150, 21, 12, '2016-03-22 19:37:45'),
(4151, 26, 1, '2015-11-27 22:09:13'),
(4152, 25, 23, '2015-08-24 14:18:19'),
(4153, 27, 9, '2015-05-09 06:20:43'),
(4154, 28, 2, '2016-04-18 16:02:42'),
(4155, 28, 33, '2015-06-21 03:47:55'),
(4156, 22, 39, '2015-04-21 22:09:37'),
(4157, 29, 9, '2016-03-31 16:59:12'),
(4158, 22, 16, '2015-08-20 07:25:06'),
(4159, 22, 2, '2015-09-05 06:42:48'),
(4160, 25, 3, '2015-06-13 18:16:25'),
(4161, 27, 11, '2016-01-16 22:38:34'),
(4162, 24, 18, '2016-04-16 20:46:54'),
(4163, 28, 25, '2015-05-23 21:08:49'),
(4164, 22, 25, '2016-04-09 07:09:02'),
(4165, 23, 24, '2015-08-06 20:59:24'),
(4166, 28, 12, '2015-08-30 08:13:35'),
(4167, 27, 30, '2016-04-11 10:17:50'),
(4168, 23, 29, '2015-08-24 20:37:47'),
(4169, 23, 3, '2016-04-16 02:28:00'),
(4170, 23, 37, '2015-04-27 16:42:52'),
(4171, 24, 37, '2015-06-26 20:52:53'),
(4172, 22, 1, '2015-04-29 05:13:54'),
(4173, 25, 8, '2015-11-24 01:09:48'),
(4174, 22, 38, '2016-03-22 08:53:15'),
(4175, 24, 39, '2015-11-14 02:03:53'),
(4176, 23, 35, '2016-03-27 13:23:42'),
(4177, 28, 36, '2015-08-23 00:39:09'),
(4178, 29, 1, '2015-06-30 11:40:02'),
(4179, 28, 27, '2015-06-17 02:33:39'),
(4180, 24, 18, '2016-03-12 08:48:23'),
(4181, 21, 5, '2016-03-17 20:36:25'),
(4182, 30, 6, '2015-08-06 14:56:52'),
(4183, 27, 32, '2016-04-14 21:51:21'),
(4184, 30, 29, '2016-04-07 12:36:10'),
(4185, 22, 17, '2015-10-26 22:10:18'),
(4186, 25, 18, '2015-11-15 14:48:59'),
(4187, 26, 28, '2016-02-08 01:19:07'),
(4188, 25, 7, '2015-07-07 18:49:50'),
(4189, 28, 32, '2015-05-11 00:04:34'),
(4190, 30, 21, '2016-01-27 10:44:35'),
(4191, 22, 32, '2015-08-21 06:02:33'),
(4192, 23, 18, '2016-03-07 08:35:43'),
(4193, 21, 23, '2015-08-30 22:10:04'),
(4194, 26, 31, '2015-09-05 10:12:36'),
(4195, 30, 14, '2015-04-27 07:41:16'),
(4196, 24, 36, '2015-07-26 13:05:41'),
(4197, 21, 20, '2016-04-01 23:09:13'),
(4198, 29, 36, '2016-01-08 10:30:39'),
(4199, 22, 26, '2015-07-14 22:58:09'),
(4200, 23, 14, '2015-05-23 18:16:44'),
(4201, 21, 36, '2015-09-13 23:41:14'),
(4202, 29, 16, '2015-10-02 11:38:53'),
(4203, 27, 34, '2016-03-10 05:58:34'),
(4204, 28, 19, '2015-08-07 21:53:11'),
(4205, 26, 28, '2016-03-07 18:26:09'),
(4206, 25, 9, '2016-02-15 12:47:40'),
(4207, 23, 15, '2015-07-10 02:04:04'),
(4208, 25, 28, '2016-01-08 20:44:19'),
(4209, 30, 25, '2015-09-09 07:44:33'),
(4210, 25, 37, '2015-08-21 10:00:13'),
(4211, 26, 27, '2015-06-01 20:16:18'),
(4212, 28, 13, '2016-03-25 17:57:02'),
(4213, 22, 22, '2015-05-13 15:17:12'),
(4214, 21, 11, '2015-10-23 22:18:02'),
(4215, 24, 3, '2015-08-06 05:34:40'),
(4216, 28, 9, '2015-07-23 15:03:42'),
(4217, 25, 37, '2016-02-10 09:22:15'),
(4218, 23, 12, '2016-01-21 23:22:31'),
(4219, 24, 3, '2015-12-03 16:15:12'),
(4220, 26, 20, '2015-12-20 17:02:17'),
(4221, 23, 16, '2015-06-16 09:08:36'),
(4222, 29, 35, '2015-07-23 14:08:10'),
(4223, 23, 40, '2015-07-01 15:30:21'),
(4224, 22, 3, '2015-04-26 12:38:47'),
(4225, 26, 33, '2016-01-21 02:51:43'),
(4226, 26, 8, '2016-03-31 10:31:39'),
(4227, 30, 7, '2015-08-08 20:29:32'),
(4228, 23, 6, '2015-08-11 02:05:40'),
(4229, 29, 9, '2015-04-30 02:35:09'),
(4230, 27, 2, '2015-07-15 14:45:07'),
(4231, 25, 20, '2015-09-10 22:08:15'),
(4232, 29, 35, '2015-10-21 09:22:24'),
(4233, 27, 35, '2015-08-13 19:06:00'),
(4234, 23, 11, '2015-08-28 18:24:10'),
(4235, 26, 37, '2015-08-09 17:39:33'),
(4236, 23, 31, '2016-02-29 21:26:06'),
(4237, 23, 26, '2015-09-24 03:15:17'),
(4238, 23, 14, '2015-12-31 08:15:47'),
(4239, 29, 12, '2015-05-14 18:38:55'),
(4240, 21, 33, '2016-03-17 08:30:37'),
(4241, 21, 4, '2015-07-01 10:42:11'),
(4242, 27, 8, '2015-06-22 18:55:35'),
(4243, 28, 13, '2015-05-26 15:15:13'),
(4244, 21, 18, '2015-12-05 07:32:05'),
(4245, 29, 7, '2015-11-11 14:14:51'),
(4246, 30, 33, '2016-01-29 19:45:24'),
(4247, 22, 25, '2015-10-23 15:58:50'),
(4248, 24, 14, '2015-12-06 12:43:59'),
(4249, 30, 26, '2015-09-25 17:26:34'),
(4250, 28, 3, '2015-05-05 20:43:26'),
(4251, 25, 40, '2015-12-04 14:28:34'),
(4252, 30, 1, '2015-12-12 00:14:50'),
(4253, 30, 33, '2016-03-09 12:34:09'),
(4254, 26, 9, '2015-05-17 00:21:52'),
(4255, 30, 12, '2016-03-16 07:52:27'),
(4256, 29, 19, '2015-12-22 11:21:30'),
(4257, 21, 25, '2015-05-05 05:06:50'),
(4258, 22, 33, '2015-07-22 14:26:07'),
(4259, 22, 34, '2015-07-25 07:20:35'),
(4260, 21, 6, '2015-10-30 06:00:36'),
(4261, 22, 5, '2015-08-22 15:46:32'),
(4262, 30, 22, '2016-03-13 15:03:39'),
(4263, 26, 37, '2016-01-08 02:50:52'),
(4264, 21, 11, '2016-03-22 16:48:45'),
(4265, 29, 23, '2015-10-23 19:50:43'),
(4266, 24, 27, '2016-04-11 18:20:18'),
(4267, 27, 13, '2015-10-16 01:15:15'),
(4268, 23, 28, '2016-03-11 05:09:46'),
(4269, 29, 23, '2016-01-16 13:54:48'),
(4270, 21, 34, '2016-01-09 04:11:13'),
(4271, 30, 33, '2015-06-30 17:22:31'),
(4272, 23, 36, '2016-02-24 06:07:04'),
(4273, 28, 22, '2015-08-01 09:42:14'),
(4274, 21, 38, '2015-12-04 15:57:11'),
(4275, 21, 21, '2015-05-05 22:38:33'),
(4276, 28, 31, '2016-02-22 17:14:43'),
(4277, 21, 14, '2016-03-02 12:08:37'),
(4278, 29, 38, '2015-05-06 06:24:21'),
(4279, 25, 12, '2016-03-08 10:17:03'),
(4280, 29, 24, '2015-04-23 15:38:29'),
(4281, 23, 29, '2015-06-07 07:23:40'),
(4282, 22, 10, '2015-08-08 19:31:14'),
(4283, 21, 26, '2016-01-17 16:10:33'),
(4284, 30, 23, '2015-12-07 14:53:57'),
(4285, 24, 15, '2015-12-21 13:02:00'),
(4286, 21, 32, '2015-09-08 13:36:18'),
(4287, 28, 30, '2015-12-27 15:35:26'),
(4288, 30, 4, '2016-03-13 22:32:06'),
(4289, 24, 18, '2015-07-15 04:38:59'),
(4290, 27, 18, '2015-06-30 11:11:06'),
(4291, 21, 40, '2016-02-06 08:15:32'),
(4292, 25, 18, '2015-08-22 14:41:47'),
(4293, 23, 16, '2016-03-26 05:21:20'),
(4294, 26, 27, '2015-09-07 12:02:58'),
(4295, 22, 14, '2015-08-13 01:30:31'),
(4296, 21, 16, '2016-02-20 12:09:05'),
(4297, 27, 5, '2015-10-13 15:15:39'),
(4298, 25, 26, '2015-09-04 15:15:40'),
(4299, 25, 2, '2015-07-06 17:01:48'),
(4300, 21, 40, '2015-09-07 12:09:02'),
(4301, 27, 28, '2015-05-12 20:02:44'),
(4302, 23, 11, '2015-07-05 18:32:54'),
(4303, 21, 4, '2016-02-14 04:43:04'),
(4304, 30, 33, '2016-04-05 16:27:34'),
(4305, 26, 33, '2015-10-09 01:58:59'),
(4306, 22, 18, '2015-08-04 15:26:13'),
(4307, 24, 17, '2016-03-07 17:07:45'),
(4308, 22, 16, '2016-02-11 14:27:16'),
(4309, 27, 22, '2015-07-20 14:39:32'),
(4310, 28, 18, '2015-09-14 10:33:25'),
(4311, 23, 33, '2015-11-30 15:03:08'),
(4312, 27, 4, '2016-02-10 07:21:57'),
(4313, 30, 22, '2016-04-01 07:47:26'),
(4314, 29, 1, '2015-11-02 05:27:32'),
(4315, 25, 21, '2016-01-22 04:16:49'),
(4316, 30, 37, '2015-08-21 21:48:26'),
(4317, 22, 24, '2015-09-08 19:32:14'),
(4318, 27, 30, '2015-07-27 18:16:47'),
(4319, 27, 25, '2016-03-01 03:31:01'),
(4320, 27, 40, '2015-07-18 13:28:31'),
(4321, 30, 26, '2015-11-18 03:13:21'),
(4322, 24, 29, '2015-08-21 09:41:42'),
(4323, 27, 39, '2016-01-10 05:56:53'),
(4324, 26, 19, '2016-02-12 05:33:40'),
(4325, 29, 28, '2015-07-18 22:07:31'),
(4326, 25, 24, '2015-07-26 08:09:13'),
(4327, 24, 24, '2015-05-25 11:39:49'),
(4328, 27, 38, '2016-04-13 02:24:05'),
(4329, 23, 37, '2016-02-17 19:26:57'),
(4330, 26, 2, '2015-12-11 11:33:33'),
(4331, 29, 39, '2015-08-31 01:42:54'),
(4332, 21, 24, '2015-06-14 09:34:48'),
(4333, 26, 35, '2016-02-15 22:17:20'),
(4334, 25, 12, '2015-12-22 11:42:59'),
(4335, 26, 36, '2016-01-31 04:09:20'),
(4336, 26, 31, '2016-04-05 10:39:00'),
(4337, 25, 17, '2015-04-30 05:50:13'),
(4338, 28, 14, '2016-02-08 10:26:12'),
(4339, 25, 2, '2015-12-14 00:32:38'),
(4340, 28, 4, '2015-06-12 06:10:09'),
(4341, 29, 25, '2015-10-07 08:07:47'),
(4342, 22, 11, '2015-11-14 06:48:15'),
(4343, 22, 27, '2015-12-12 14:01:45'),
(4344, 25, 17, '2015-06-30 13:11:53'),
(4345, 25, 40, '2015-08-06 18:13:11'),
(4346, 23, 32, '2015-12-06 22:03:23'),
(4347, 30, 7, '2015-06-22 17:23:45'),
(4348, 30, 15, '2015-11-07 08:54:18'),
(4349, 21, 34, '2015-12-27 10:32:58'),
(4350, 28, 7, '2015-10-07 23:16:50'),
(4351, 28, 39, '2015-11-20 19:01:10'),
(4352, 29, 24, '2016-04-07 18:53:20'),
(4353, 23, 37, '2015-06-27 20:32:07'),
(4354, 22, 8, '2015-10-07 01:38:32'),
(4355, 29, 21, '2015-05-24 11:32:50'),
(4356, 27, 16, '2015-12-13 15:08:48'),
(4357, 24, 17, '2015-12-04 05:29:15'),
(4358, 21, 2, '2015-08-22 03:19:18'),
(4359, 21, 12, '2015-10-18 13:40:54'),
(4360, 22, 14, '2016-03-18 16:16:33'),
(4361, 23, 22, '2015-12-17 03:25:06'),
(4362, 26, 24, '2016-04-09 04:49:11'),
(4363, 26, 31, '2015-11-07 08:30:09'),
(4364, 22, 18, '2016-01-19 06:38:16'),
(4365, 22, 6, '2016-04-10 12:35:12'),
(4366, 30, 31, '2016-02-13 02:58:06'),
(4367, 30, 6, '2015-11-21 15:55:53'),
(4368, 22, 23, '2016-02-08 14:10:30'),
(4369, 21, 6, '2015-07-18 06:55:20'),
(4370, 24, 17, '2015-09-08 19:25:41'),
(4371, 27, 2, '2015-04-24 03:59:15'),
(4372, 22, 18, '2015-10-30 02:05:51'),
(4373, 23, 18, '2015-04-26 05:44:20'),
(4374, 29, 35, '2016-03-08 06:25:28'),
(4375, 25, 35, '2015-07-09 18:55:57'),
(4376, 29, 7, '2015-11-24 10:19:13'),
(4377, 30, 13, '2015-08-20 04:47:12'),
(4378, 27, 31, '2015-05-23 13:17:54'),
(4379, 25, 24, '2015-07-17 14:57:20'),
(4380, 30, 37, '2015-12-20 05:38:59'),
(4381, 27, 2, '2016-04-02 21:08:05'),
(4382, 25, 30, '2015-07-01 01:40:16'),
(4383, 24, 1, '2016-01-13 16:36:41'),
(4384, 27, 26, '2015-06-13 13:32:32'),
(4385, 24, 14, '2016-02-20 05:31:25'),
(4386, 22, 16, '2015-12-01 06:10:58'),
(4387, 30, 24, '2016-01-16 06:38:10'),
(4388, 28, 35, '2015-08-17 19:51:20'),
(4389, 30, 18, '2015-06-03 12:23:26'),
(4390, 27, 13, '2016-02-12 08:32:00'),
(4391, 22, 17, '2015-11-21 07:25:43'),
(4392, 24, 21, '2015-11-19 03:12:59'),
(4393, 26, 30, '2015-11-28 12:25:51'),
(4394, 26, 24, '2015-09-11 14:57:01'),
(4395, 24, 36, '2016-02-01 20:36:50'),
(4396, 29, 3, '2015-08-26 08:30:48'),
(4397, 26, 36, '2015-05-19 22:03:02'),
(4398, 26, 5, '2015-05-14 06:26:54'),
(4399, 24, 12, '2016-03-04 13:02:07'),
(4400, 25, 40, '2016-03-22 21:12:43'),
(4401, 26, 28, '2015-09-16 20:57:31'),
(4402, 26, 18, '2015-06-09 23:43:05'),
(4403, 27, 4, '2015-07-21 03:39:22'),
(4404, 21, 17, '2015-12-08 12:32:07'),
(4405, 26, 35, '2015-08-31 22:38:36'),
(4406, 28, 4, '2015-11-30 13:39:23'),
(4407, 25, 22, '2015-10-23 09:16:38'),
(4408, 29, 9, '2015-12-20 08:07:02'),
(4409, 30, 37, '2015-07-31 00:40:13'),
(4410, 26, 11, '2015-08-24 22:00:40'),
(4411, 28, 33, '2015-06-12 00:18:01'),
(4412, 27, 22, '2015-07-02 21:39:05'),
(4413, 25, 30, '2016-03-12 11:17:01'),
(4414, 28, 30, '2015-10-25 02:16:58'),
(4415, 22, 10, '2015-04-27 22:04:18'),
(4416, 27, 3, '2015-05-10 16:01:49'),
(4417, 30, 31, '2015-10-24 14:23:55'),
(4418, 24, 9, '2015-08-07 18:29:13'),
(4419, 29, 24, '2015-06-03 13:46:49'),
(4420, 21, 4, '2015-05-22 16:12:05'),
(4421, 27, 38, '2015-08-26 04:48:52'),
(4422, 21, 20, '2015-11-21 14:15:18'),
(4423, 26, 8, '2016-03-05 06:14:23'),
(4424, 28, 11, '2016-02-14 00:17:55'),
(4425, 29, 17, '2015-06-13 15:05:01'),
(4426, 28, 40, '2015-05-07 17:11:29'),
(4427, 30, 4, '2015-11-26 23:19:08'),
(4428, 28, 32, '2015-07-01 07:36:45'),
(4429, 22, 29, '2015-10-28 12:52:11'),
(4430, 28, 36, '2015-06-03 22:02:41'),
(4431, 22, 28, '2016-01-07 10:39:18'),
(4432, 26, 1, '2016-02-21 07:34:32'),
(4433, 21, 2, '2015-11-25 02:20:03'),
(4434, 25, 1, '2015-08-01 06:46:29'),
(4435, 29, 3, '2015-06-14 03:16:04'),
(4436, 25, 1, '2015-05-12 19:12:40'),
(4437, 25, 34, '2016-01-18 23:27:44'),
(4438, 28, 7, '2015-06-04 04:11:48'),
(4439, 29, 5, '2015-06-30 02:36:13'),
(4440, 25, 26, '2015-05-04 19:47:03'),
(4441, 22, 12, '2015-05-07 23:00:50'),
(4442, 26, 31, '2015-04-24 12:03:02'),
(4443, 24, 20, '2015-05-13 14:58:07'),
(4444, 30, 30, '2015-08-29 09:31:18'),
(4445, 22, 39, '2015-07-23 18:21:14'),
(4446, 27, 3, '2015-12-04 23:59:26'),
(4447, 23, 5, '2015-10-13 09:18:57'),
(4448, 21, 17, '2016-01-26 11:12:57'),
(4449, 24, 8, '2015-06-16 11:17:51'),
(4450, 28, 20, '2015-07-28 00:55:51'),
(4451, 23, 34, '2015-06-08 05:29:49'),
(4452, 22, 7, '2015-07-17 18:57:21'),
(4453, 28, 2, '2015-07-23 22:53:37'),
(4454, 29, 29, '2016-02-28 07:15:02'),
(4455, 24, 27, '2015-07-26 00:19:33'),
(4456, 28, 30, '2015-04-29 00:46:28'),
(4457, 25, 33, '2016-03-22 13:37:57'),
(4458, 29, 15, '2016-02-14 19:09:19'),
(4459, 23, 2, '2016-02-26 18:06:15'),
(4460, 29, 17, '2015-11-21 17:07:24'),
(4461, 21, 11, '2015-10-02 14:20:44'),
(4462, 21, 21, '2015-09-19 05:25:12'),
(4463, 30, 38, '2016-03-05 08:51:29'),
(4464, 29, 19, '2015-07-23 14:46:23'),
(4465, 21, 23, '2015-07-11 02:01:45'),
(4466, 22, 40, '2015-10-08 06:29:58'),
(4467, 29, 6, '2015-11-14 16:37:13'),
(4468, 28, 38, '2015-07-10 21:54:17'),
(4469, 26, 17, '2015-08-08 21:41:32'),
(4470, 28, 16, '2015-07-03 05:29:16'),
(4471, 25, 11, '2015-09-10 05:52:20'),
(4472, 25, 32, '2016-04-05 14:46:13'),
(4473, 23, 26, '2015-09-02 12:56:29'),
(4474, 27, 35, '2015-05-23 11:36:23'),
(4475, 21, 34, '2015-09-18 03:13:15'),
(4476, 28, 18, '2016-01-30 02:24:09'),
(4477, 28, 21, '2015-08-05 21:35:59'),
(4478, 23, 31, '2015-10-21 18:28:00'),
(4479, 28, 16, '2015-12-31 23:14:48'),
(4480, 27, 34, '2015-08-30 16:24:27'),
(4481, 23, 22, '2015-06-13 16:12:30'),
(4482, 23, 6, '2016-02-04 06:17:57'),
(4483, 25, 25, '2016-03-25 00:06:16'),
(4484, 24, 4, '2016-02-19 00:03:19'),
(4485, 23, 8, '2016-01-16 11:07:28'),
(4486, 29, 11, '2016-04-20 00:30:36'),
(4487, 27, 2, '2016-04-10 15:23:12'),
(4488, 27, 13, '2016-04-12 06:37:32'),
(4489, 24, 19, '2015-09-03 10:03:58'),
(4490, 22, 20, '2015-09-10 06:08:27'),
(4491, 21, 38, '2015-11-21 16:02:22'),
(4492, 27, 4, '2015-06-19 13:15:16'),
(4493, 25, 23, '2016-01-07 04:03:15'),
(4494, 21, 37, '2015-07-23 17:38:04'),
(4495, 22, 17, '2016-03-14 20:15:53'),
(4496, 28, 31, '2016-03-28 07:22:38'),
(4497, 22, 13, '2015-11-25 20:34:57'),
(4498, 28, 19, '2015-09-07 12:07:50'),
(4499, 29, 1, '2015-10-20 12:30:59'),
(4500, 23, 27, '2016-01-17 22:51:49'),
(4501, 24, 25, '2015-06-11 13:21:02'),
(4502, 23, 2, '2016-03-19 23:57:23'),
(4503, 23, 6, '2015-07-02 00:12:02'),
(4504, 21, 7, '2015-08-09 23:04:42'),
(4505, 29, 13, '2016-02-09 16:17:32'),
(4506, 24, 38, '2015-12-03 23:05:04'),
(4507, 26, 1, '2016-01-24 21:50:50'),
(4508, 23, 14, '2015-10-11 18:19:06'),
(4509, 25, 16, '2015-08-03 15:28:38'),
(4510, 27, 38, '2015-07-27 11:15:52'),
(4511, 23, 25, '2016-03-21 16:00:56'),
(4512, 25, 18, '2015-05-23 20:20:23'),
(4513, 29, 17, '2015-12-02 01:39:03'),
(4514, 24, 11, '2015-05-02 06:17:21'),
(4515, 21, 28, '2016-02-07 20:12:00'),
(4516, 24, 2, '2015-09-08 07:34:11'),
(4517, 28, 31, '2015-09-17 03:27:32'),
(4518, 27, 33, '2015-07-07 19:28:54'),
(4519, 23, 17, '2015-05-05 23:29:40'),
(4520, 30, 2, '2016-03-25 10:33:23'),
(4521, 28, 20, '2015-10-07 18:10:30'),
(4522, 26, 7, '2015-09-04 06:32:16'),
(4523, 23, 21, '2015-08-31 19:13:39'),
(4524, 29, 8, '2015-09-20 08:11:12'),
(4525, 26, 36, '2015-12-04 14:12:37'),
(4526, 29, 34, '2016-04-17 19:34:59'),
(4527, 28, 40, '2015-05-25 08:08:18'),
(4528, 29, 20, '2015-09-13 01:11:38'),
(4529, 30, 14, '2015-05-23 05:25:46'),
(4530, 21, 12, '2015-06-29 13:01:58'),
(4531, 30, 34, '2015-07-04 23:19:42'),
(4532, 27, 15, '2015-12-18 17:51:28'),
(4533, 25, 3, '2015-05-02 13:07:25'),
(4534, 21, 15, '2015-11-01 01:08:26'),
(4535, 26, 30, '2016-03-30 01:22:13'),
(4536, 22, 6, '2016-02-22 20:34:58'),
(4537, 25, 37, '2016-01-16 21:27:50'),
(4538, 28, 39, '2015-06-01 18:15:26'),
(4539, 25, 25, '2015-12-05 02:41:41'),
(4540, 30, 4, '2016-02-07 22:37:08'),
(4541, 29, 33, '2016-04-19 22:15:49'),
(4542, 25, 30, '2016-04-20 11:15:12'),
(4543, 21, 36, '2015-07-30 14:04:29'),
(4544, 21, 36, '2015-10-17 07:07:49'),
(4545, 30, 32, '2015-09-28 14:12:22'),
(4546, 30, 31, '2015-10-25 02:25:23'),
(4547, 21, 7, '2015-12-29 09:23:46'),
(4548, 25, 37, '2015-07-10 06:30:18'),
(4549, 26, 27, '2015-11-29 03:59:00'),
(4550, 30, 39, '2015-11-06 07:22:00'),
(4551, 22, 22, '2016-01-13 15:45:28'),
(4552, 28, 27, '2015-10-02 06:07:10'),
(4553, 21, 9, '2015-05-01 15:07:02'),
(4554, 27, 1, '2016-04-03 15:15:20'),
(4555, 26, 27, '2016-02-09 03:28:52'),
(4556, 23, 4, '2015-06-23 23:15:18'),
(4557, 21, 8, '2016-04-14 23:29:16'),
(4558, 21, 40, '2015-04-30 13:21:02'),
(4559, 26, 40, '2015-11-23 15:55:20'),
(4560, 26, 29, '2015-09-24 07:03:12'),
(4561, 28, 17, '2015-04-29 12:35:48'),
(4562, 28, 14, '2016-02-23 17:48:59'),
(4563, 21, 12, '2016-03-13 11:12:40'),
(4564, 27, 14, '2016-03-11 10:21:51'),
(4565, 25, 19, '2015-09-14 11:11:18'),
(4566, 26, 24, '2015-07-05 09:59:35'),
(4567, 27, 30, '2015-04-30 22:29:36'),
(4568, 27, 25, '2015-11-21 14:45:30'),
(4569, 27, 14, '2016-01-16 18:16:04'),
(4570, 30, 24, '2015-11-11 16:56:36'),
(4571, 24, 29, '2015-09-08 14:32:58'),
(4572, 27, 39, '2016-03-15 12:25:04'),
(4573, 27, 8, '2016-01-05 23:57:23'),
(4574, 28, 5, '2015-05-27 12:12:57'),
(4575, 24, 12, '2015-11-12 06:59:43'),
(4576, 26, 20, '2015-04-25 18:26:23'),
(4577, 21, 24, '2015-11-01 21:01:23'),
(4578, 27, 1, '2015-07-05 16:40:08'),
(4579, 29, 9, '2015-12-25 18:26:21'),
(4580, 29, 39, '2015-09-16 14:45:57'),
(4581, 21, 18, '2015-09-30 09:10:11'),
(4582, 23, 36, '2016-03-31 21:35:42'),
(4583, 21, 21, '2015-05-10 17:44:40'),
(4584, 29, 29, '2016-01-12 16:16:34'),
(4585, 29, 22, '2015-10-15 17:42:48'),
(4586, 24, 36, '2015-05-02 00:52:18'),
(4587, 26, 25, '2015-05-20 19:51:11'),
(4588, 23, 37, '2016-01-28 18:50:52'),
(4589, 26, 5, '2015-06-09 01:19:45'),
(4590, 23, 22, '2015-10-12 15:58:40'),
(4591, 23, 29, '2015-09-25 07:09:23'),
(4592, 28, 4, '2015-08-30 02:17:51'),
(4593, 29, 2, '2015-10-09 18:00:07'),
(4594, 21, 9, '2015-08-28 06:46:47'),
(4595, 27, 19, '2015-12-18 14:23:06'),
(4596, 25, 30, '2016-02-05 06:00:23'),
(4597, 22, 7, '2015-07-12 05:35:25'),
(4598, 24, 27, '2015-08-30 23:26:07'),
(4599, 22, 20, '2015-12-02 08:12:43'),
(4600, 29, 30, '2016-02-28 08:33:24'),
(4601, 23, 26, '2015-12-23 01:14:24'),
(4602, 25, 34, '2015-12-20 04:42:21'),
(4603, 28, 32, '2015-12-31 19:12:18'),
(4604, 26, 36, '2015-11-30 19:37:06'),
(4605, 26, 6, '2016-02-27 07:00:44'),
(4606, 24, 22, '2016-03-03 10:00:42'),
(4607, 28, 15, '2015-12-23 21:15:51'),
(4608, 26, 26, '2016-04-16 03:15:29'),
(4609, 21, 33, '2015-10-21 12:10:52'),
(4610, 23, 35, '2015-07-05 18:11:49'),
(4611, 30, 5, '2015-09-09 05:12:37'),
(4612, 22, 26, '2015-08-24 19:06:03'),
(4613, 26, 7, '2015-09-19 05:22:21'),
(4614, 28, 27, '2016-01-07 02:32:23'),
(4615, 23, 23, '2015-12-20 13:15:35'),
(4616, 26, 17, '2015-12-19 12:50:04'),
(4617, 25, 21, '2015-07-29 22:02:51'),
(4618, 28, 4, '2015-12-18 09:20:51'),
(4619, 26, 2, '2015-04-25 06:11:14'),
(4620, 25, 10, '2016-02-12 18:01:39'),
(4621, 24, 40, '2016-03-10 23:47:36'),
(4622, 26, 34, '2015-12-03 16:02:38'),
(4623, 24, 6, '2016-01-05 14:13:24'),
(4624, 29, 29, '2015-08-03 21:56:13'),
(4625, 27, 34, '2015-05-04 01:12:22'),
(4626, 27, 22, '2015-07-23 01:38:02'),
(4627, 29, 1, '2015-10-23 02:16:49'),
(4628, 30, 38, '2015-08-24 01:21:09'),
(4629, 25, 31, '2015-05-03 21:12:39'),
(4630, 26, 4, '2015-11-18 23:57:49'),
(4631, 21, 9, '2015-06-17 15:40:53'),
(4632, 29, 6, '2015-05-02 11:58:47'),
(4633, 22, 36, '2015-05-10 19:57:25'),
(4634, 27, 37, '2016-03-30 19:25:25'),
(4635, 29, 27, '2015-08-24 13:50:48'),
(4636, 27, 36, '2015-09-03 09:29:58'),
(4637, 24, 20, '2015-07-08 01:08:22'),
(4638, 24, 12, '2015-08-01 23:07:06'),
(4639, 22, 30, '2015-10-07 02:43:02'),
(4640, 26, 32, '2015-07-16 18:08:11'),
(4641, 24, 17, '2016-02-13 19:47:45'),
(4642, 26, 28, '2015-12-15 15:28:49'),
(4643, 26, 2, '2015-08-21 09:16:32'),
(4644, 29, 37, '2015-10-07 14:54:09'),
(4645, 30, 27, '2015-09-11 05:44:57'),
(4646, 22, 25, '2015-11-12 02:09:04'),
(4647, 25, 11, '2015-06-16 07:37:01'),
(4648, 30, 28, '2015-09-25 22:27:06'),
(4649, 25, 32, '2015-09-20 15:59:38'),
(4650, 30, 2, '2016-03-14 16:49:39'),
(4651, 30, 13, '2016-02-17 05:11:36'),
(4652, 29, 27, '2016-02-18 03:44:37'),
(4653, 28, 23, '2015-11-13 01:32:49'),
(4654, 26, 30, '2016-01-02 07:46:10'),
(4655, 28, 9, '2015-05-01 06:01:49'),
(4656, 29, 36, '2015-07-09 00:23:20'),
(4657, 30, 11, '2015-12-01 23:49:42'),
(4658, 21, 35, '2016-03-21 04:34:08'),
(4659, 28, 20, '2016-03-08 01:01:27'),
(4660, 24, 18, '2015-11-24 04:02:36'),
(4661, 27, 27, '2015-10-01 18:38:51'),
(4662, 22, 6, '2016-03-24 04:44:03'),
(4663, 25, 17, '2015-10-29 01:47:33'),
(4664, 25, 32, '2015-07-03 01:23:04'),
(4665, 26, 20, '2015-09-21 04:50:58'),
(4666, 27, 6, '2015-12-29 16:56:57'),
(4667, 30, 14, '2015-07-15 01:28:45'),
(4668, 21, 37, '2016-03-04 03:57:26'),
(4669, 21, 16, '2015-10-10 06:03:41'),
(4670, 25, 40, '2015-11-25 21:31:03'),
(4671, 25, 33, '2015-08-09 12:15:37'),
(4672, 26, 29, '2015-04-25 13:07:52'),
(4673, 29, 4, '2016-02-16 05:33:59'),
(4674, 23, 30, '2015-06-11 21:39:49'),
(4675, 26, 8, '2016-01-27 17:38:12'),
(4676, 29, 18, '2016-01-09 13:30:14'),
(4677, 22, 30, '2016-02-18 08:18:18'),
(4678, 22, 26, '2016-03-06 12:54:45'),
(4679, 30, 21, '2015-10-30 08:41:50'),
(4680, 29, 1, '2015-06-04 07:59:46'),
(4681, 28, 38, '2015-04-23 11:24:55'),
(4682, 26, 34, '2015-06-15 05:12:36'),
(4683, 23, 23, '2015-05-24 20:09:16'),
(4684, 23, 8, '2016-01-20 18:59:47'),
(4685, 21, 38, '2015-12-05 14:25:19'),
(4686, 27, 22, '2015-08-03 20:29:16'),
(4687, 24, 5, '2016-03-28 14:24:28'),
(4688, 22, 40, '2016-02-08 23:09:17'),
(4689, 28, 1, '2016-04-06 12:24:22'),
(4690, 28, 11, '2016-03-18 18:02:02'),
(4691, 22, 40, '2016-04-19 11:24:13'),
(4692, 29, 9, '2015-10-05 21:34:09'),
(4693, 29, 2, '2015-11-22 02:47:42'),
(4694, 25, 4, '2015-05-01 19:02:22'),
(4695, 28, 20, '2015-06-27 19:05:33'),
(4696, 25, 16, '2015-04-28 16:30:58'),
(4697, 26, 37, '2015-08-15 10:28:24'),
(4698, 25, 25, '2015-11-01 21:24:14'),
(4699, 21, 8, '2016-02-02 15:26:09'),
(4700, 21, 31, '2015-12-24 13:51:23'),
(4701, 25, 31, '2016-03-31 23:15:16'),
(4702, 26, 40, '2015-06-03 20:36:36'),
(4703, 24, 35, '2016-01-18 12:51:50'),
(4704, 27, 25, '2015-09-23 02:47:57'),
(4705, 22, 20, '2016-02-26 10:12:27'),
(4706, 28, 1, '2015-11-07 14:02:55'),
(4707, 27, 13, '2015-05-02 00:17:26'),
(4708, 29, 16, '2015-10-05 19:13:36'),
(4709, 26, 21, '2015-05-26 03:56:27'),
(4710, 21, 33, '2015-06-08 21:17:11'),
(4711, 24, 40, '2015-08-04 10:02:23'),
(4712, 24, 9, '2015-06-24 11:19:49'),
(4713, 25, 34, '2015-10-19 14:46:46'),
(4714, 24, 18, '2015-12-26 22:40:47'),
(4715, 27, 14, '2015-07-19 22:57:13'),
(4716, 22, 29, '2015-11-21 14:20:59'),
(4717, 28, 35, '2016-02-24 05:15:48'),
(4718, 23, 36, '2015-09-26 07:18:20'),
(4719, 25, 37, '2016-02-19 05:22:39'),
(4720, 21, 19, '2016-01-22 13:15:23'),
(4721, 29, 28, '2016-04-13 16:17:22'),
(4722, 29, 33, '2015-06-25 08:36:51'),
(4723, 22, 7, '2015-09-17 19:30:54'),
(4724, 25, 36, '2015-07-06 17:29:10'),
(4725, 29, 18, '2016-04-04 21:27:04'),
(4726, 25, 13, '2015-12-21 21:14:59'),
(4727, 23, 37, '2015-12-31 10:47:57'),
(4728, 28, 8, '2015-09-16 17:03:43'),
(4729, 25, 2, '2015-06-06 15:40:04'),
(4730, 22, 5, '2016-03-08 01:01:17'),
(4731, 22, 4, '2015-06-01 03:30:33'),
(4732, 25, 32, '2016-04-15 00:41:53'),
(4733, 26, 14, '2015-11-17 02:10:34'),
(4734, 22, 27, '2015-09-04 01:40:05'),
(4735, 24, 17, '2015-07-02 01:53:34'),
(4736, 24, 28, '2016-01-18 00:03:42'),
(4737, 28, 17, '2016-02-29 09:53:23'),
(4738, 22, 25, '2015-10-09 09:01:57'),
(4739, 30, 24, '2015-12-16 20:06:37'),
(4740, 29, 6, '2015-09-16 00:22:10'),
(4741, 27, 5, '2015-06-11 00:28:29'),
(4742, 23, 25, '2015-09-16 23:37:12'),
(4743, 26, 4, '2016-02-14 03:23:02'),
(4744, 21, 26, '2015-10-23 06:05:27'),
(4745, 28, 17, '2016-01-28 15:32:36'),
(4746, 26, 29, '2015-10-30 16:07:35'),
(4747, 25, 31, '2015-11-03 14:18:15'),
(4748, 30, 36, '2015-09-02 07:57:20'),
(4749, 22, 21, '2015-12-05 16:13:26'),
(4750, 26, 38, '2015-11-14 08:01:07'),
(4751, 21, 18, '2016-02-13 10:04:44'),
(4752, 22, 9, '2015-04-21 04:14:31'),
(4753, 27, 12, '2015-04-23 17:50:39'),
(4754, 30, 13, '2015-05-29 11:41:54'),
(4755, 21, 8, '2015-09-13 14:34:36'),
(4756, 23, 16, '2016-04-08 05:41:11'),
(4757, 23, 2, '2016-02-10 23:38:09'),
(4758, 22, 31, '2015-11-20 10:08:32'),
(4759, 24, 1, '2015-05-25 07:41:52'),
(4760, 22, 1, '2016-02-01 02:06:06'),
(4761, 26, 4, '2015-08-07 02:24:41'),
(4762, 27, 3, '2015-12-26 09:54:30'),
(4763, 26, 16, '2016-04-03 21:14:14'),
(4764, 28, 3, '2015-09-24 17:14:38'),
(4765, 25, 31, '2015-06-13 13:06:21'),
(4766, 28, 17, '2015-07-10 09:18:10'),
(4767, 22, 7, '2016-04-03 02:02:40'),
(4768, 25, 12, '2015-12-14 22:31:38'),
(4769, 30, 18, '2015-12-22 05:44:06'),
(4770, 27, 28, '2015-04-29 12:01:38'),
(4771, 21, 33, '2015-09-03 15:29:40'),
(4772, 27, 32, '2015-08-27 22:17:30'),
(4773, 24, 36, '2015-11-09 12:08:35'),
(4774, 29, 13, '2015-09-05 13:10:17'),
(4775, 28, 32, '2015-10-24 23:02:07'),
(4776, 29, 26, '2015-10-18 01:08:56'),
(4777, 30, 13, '2015-10-20 08:35:59'),
(4778, 29, 14, '2015-06-29 23:14:09'),
(4779, 29, 32, '2015-08-23 10:40:07'),
(4780, 29, 12, '2016-01-10 23:31:42'),
(4781, 24, 19, '2015-09-18 07:36:24'),
(4782, 24, 27, '2015-07-06 23:11:02'),
(4783, 22, 32, '2016-02-12 13:36:51'),
(4784, 22, 19, '2015-05-09 07:18:29'),
(4785, 22, 2, '2016-03-17 21:06:32'),
(4786, 26, 13, '2016-01-26 17:37:34'),
(4787, 21, 18, '2016-01-29 06:17:25'),
(4788, 25, 19, '2015-05-26 19:01:17'),
(4789, 30, 17, '2015-12-19 03:33:09'),
(4790, 28, 20, '2015-11-03 22:38:34'),
(4791, 25, 40, '2016-01-18 09:09:48'),
(4792, 27, 28, '2016-03-15 18:44:58'),
(4793, 30, 22, '2015-11-14 00:36:12'),
(4794, 27, 24, '2015-06-20 17:47:17'),
(4795, 26, 23, '2015-09-29 13:49:32'),
(4796, 21, 13, '2016-01-26 15:12:56'),
(4797, 30, 37, '2015-10-08 01:43:38'),
(4798, 27, 38, '2015-08-01 16:01:26'),
(4799, 23, 13, '2015-05-23 11:58:04'),
(4800, 21, 20, '2015-07-07 14:11:59'),
(4801, 30, 25, '2015-11-15 18:29:22'),
(4802, 23, 35, '2015-09-16 22:29:26'),
(4803, 23, 29, '2015-12-26 07:24:15'),
(4804, 27, 17, '2015-08-01 18:37:50'),
(4805, 30, 35, '2015-09-27 23:33:34'),
(4806, 21, 27, '2015-06-01 14:16:46'),
(4807, 30, 3, '2016-03-20 16:14:04'),
(4808, 25, 14, '2016-01-04 00:25:55'),
(4809, 27, 16, '2015-12-17 21:49:49'),
(4810, 21, 22, '2015-12-13 01:58:20'),
(4811, 21, 18, '2015-10-30 23:34:35'),
(4812, 22, 34, '2015-08-28 17:53:03'),
(4813, 30, 10, '2015-08-22 00:28:21'),
(4814, 23, 8, '2015-11-16 15:37:35'),
(4815, 24, 35, '2015-05-04 06:31:24'),
(4816, 30, 40, '2016-01-31 02:47:05'),
(4817, 27, 8, '2016-01-23 21:02:38'),
(4818, 26, 33, '2015-11-01 01:36:49'),
(4819, 24, 23, '2016-04-03 03:57:37'),
(4820, 30, 9, '2015-07-13 02:07:01'),
(4821, 21, 30, '2015-11-02 20:31:20'),
(4822, 29, 20, '2015-09-12 03:18:08'),
(4823, 25, 33, '2015-06-06 16:58:29'),
(4824, 28, 31, '2015-12-20 07:50:44'),
(4825, 21, 24, '2015-04-22 03:31:10'),
(4826, 22, 34, '2016-03-21 18:09:22'),
(4827, 25, 16, '2015-07-12 20:50:05'),
(4828, 25, 23, '2015-08-25 00:19:01'),
(4829, 26, 4, '2015-08-28 03:14:31'),
(4830, 24, 40, '2015-10-03 22:57:18'),
(4831, 22, 36, '2015-12-03 12:35:28'),
(4832, 26, 15, '2015-07-23 17:55:09'),
(4833, 28, 5, '2015-05-18 23:29:13'),
(4834, 21, 33, '2016-03-29 11:47:58'),
(4835, 24, 1, '2015-07-31 10:26:06'),
(4836, 26, 37, '2015-07-05 19:09:10'),
(4837, 25, 11, '2015-07-05 07:52:43'),
(4838, 29, 36, '2015-06-08 09:29:46'),
(4839, 22, 38, '2015-12-28 17:39:32'),
(4840, 21, 31, '2015-07-01 08:22:39'),
(4841, 22, 5, '2015-04-25 00:18:55'),
(4842, 24, 38, '2015-05-05 18:30:10'),
(4843, 28, 38, '2016-02-18 10:32:25'),
(4844, 28, 23, '2015-05-20 21:31:19'),
(4845, 26, 35, '2015-10-08 01:16:11'),
(4846, 28, 32, '2015-06-30 20:43:44'),
(4847, 21, 9, '2015-11-25 07:45:07'),
(4848, 29, 2, '2015-11-29 09:05:06'),
(4849, 27, 1, '2015-12-21 18:08:28'),
(4850, 24, 24, '2015-06-01 09:46:06'),
(4851, 21, 39, '2016-04-03 04:59:24'),
(4852, 30, 5, '2016-04-05 03:02:06'),
(4853, 26, 33, '2015-06-28 01:46:26'),
(4854, 28, 15, '2015-11-08 13:36:33'),
(4855, 22, 5, '2016-01-02 17:33:43'),
(4856, 27, 12, '2015-11-11 22:51:23'),
(4857, 27, 35, '2016-01-21 06:37:04'),
(4858, 28, 35, '2015-12-24 10:01:24'),
(4859, 24, 37, '2015-12-03 20:38:16'),
(4860, 25, 3, '2015-06-04 07:25:26'),
(4861, 23, 15, '2015-12-11 04:58:10'),
(4862, 22, 13, '2015-06-16 08:42:43'),
(4863, 21, 10, '2015-08-29 02:12:59'),
(4864, 21, 13, '2015-08-17 12:44:23'),
(4865, 29, 16, '2015-04-29 07:25:49'),
(4866, 22, 3, '2015-12-14 05:55:47'),
(4867, 26, 7, '2015-12-03 15:29:32'),
(4868, 26, 21, '2015-10-26 01:16:40'),
(4869, 27, 13, '2016-03-10 13:28:49'),
(4870, 23, 3, '2015-10-29 03:06:05'),
(4871, 22, 13, '2015-09-01 17:15:56'),
(4872, 30, 31, '2016-03-15 14:56:05'),
(4873, 28, 25, '2016-01-16 09:29:24'),
(4874, 22, 39, '2015-05-05 16:40:37'),
(4875, 29, 8, '2015-11-29 20:34:18'),
(4876, 23, 28, '2015-10-01 06:04:54'),
(4877, 23, 2, '2015-12-12 06:57:35'),
(4878, 24, 5, '2015-05-15 06:22:45'),
(4879, 25, 13, '2015-12-09 17:49:23'),
(4880, 25, 16, '2015-05-12 23:12:40'),
(4881, 28, 1, '2015-12-11 17:41:47'),
(4882, 25, 12, '2016-01-12 11:08:17'),
(4883, 27, 30, '2015-09-07 10:42:43'),
(4884, 25, 27, '2015-11-29 19:22:13'),
(4885, 24, 3, '2015-07-24 10:11:28'),
(4886, 30, 14, '2015-04-29 09:41:06'),
(4887, 24, 25, '2015-11-26 12:22:53'),
(4888, 26, 39, '2015-10-22 16:41:52'),
(4889, 28, 22, '2015-09-13 05:04:23'),
(4890, 24, 36, '2015-11-07 19:16:51'),
(4891, 29, 36, '2016-02-09 22:51:33'),
(4892, 24, 12, '2015-09-03 19:49:40'),
(4893, 21, 31, '2015-12-23 13:22:21'),
(4894, 28, 11, '2015-05-05 01:15:12'),
(4895, 29, 3, '2016-02-06 02:23:01'),
(4896, 27, 40, '2015-10-15 17:49:20'),
(4897, 26, 10, '2015-05-16 07:44:21'),
(4898, 28, 11, '2015-06-03 16:18:02'),
(4899, 22, 30, '2016-03-23 12:20:39'),
(4900, 25, 25, '2015-12-08 09:18:09'),
(4901, 23, 10, '2015-10-19 04:15:04'),
(4902, 26, 39, '2015-11-18 17:34:27'),
(4903, 22, 3, '2016-03-06 23:56:24'),
(4904, 30, 28, '2015-10-02 08:54:32'),
(4905, 26, 13, '2015-10-04 08:47:33'),
(4906, 22, 12, '2015-06-07 20:40:15'),
(4907, 30, 7, '2016-03-10 10:05:07'),
(4908, 21, 32, '2016-03-26 09:14:31'),
(4909, 25, 19, '2016-01-04 21:12:17'),
(4910, 21, 32, '2015-10-07 10:51:37'),
(4911, 28, 27, '2015-06-13 14:26:40'),
(4912, 27, 38, '2016-02-11 23:41:11'),
(4913, 22, 2, '2015-06-30 14:21:57'),
(4914, 24, 39, '2016-04-15 23:50:29'),
(4915, 27, 33, '2015-06-13 03:35:26'),
(4916, 23, 24, '2015-06-29 19:48:04'),
(4917, 22, 39, '2015-05-10 14:22:41'),
(4918, 30, 7, '2015-10-09 21:33:28'),
(4919, 26, 25, '2015-09-12 01:12:26'),
(4920, 24, 12, '2016-02-29 13:03:30'),
(4921, 26, 20, '2016-02-07 15:47:42'),
(4922, 23, 25, '2015-07-08 14:39:58'),
(4923, 26, 29, '2015-12-23 17:17:08'),
(4924, 23, 10, '2015-07-28 00:01:24'),
(4925, 23, 5, '2015-09-21 21:17:56'),
(4926, 26, 18, '2015-08-19 03:41:49'),
(4927, 25, 15, '2016-02-09 21:15:12'),
(4928, 28, 23, '2015-08-13 13:57:42'),
(4929, 21, 38, '2015-12-02 08:49:03'),
(4930, 27, 16, '2016-01-28 03:29:22'),
(4931, 26, 34, '2015-12-23 04:56:08'),
(4932, 30, 17, '2015-11-26 16:14:31'),
(4933, 28, 1, '2015-12-21 00:58:42'),
(4934, 22, 8, '2015-11-11 11:54:56'),
(4935, 29, 25, '2015-05-27 22:29:58'),
(4936, 30, 3, '2015-07-20 04:58:09'),
(4937, 21, 15, '2016-03-18 11:18:28'),
(4938, 22, 5, '2015-08-06 20:48:14'),
(4939, 25, 35, '2016-04-14 16:17:23'),
(4940, 29, 26, '2015-06-23 03:49:28'),
(4941, 26, 13, '2015-10-06 03:57:48'),
(4942, 24, 37, '2015-08-27 07:46:50'),
(4943, 30, 9, '2015-05-27 10:47:13'),
(4944, 22, 12, '2015-07-13 22:52:03'),
(4945, 21, 16, '2016-03-09 09:56:00'),
(4946, 29, 2, '2015-08-06 22:16:48'),
(4947, 21, 2, '2016-04-20 01:08:17'),
(4948, 30, 12, '2015-10-21 12:29:10'),
(4949, 21, 32, '2016-03-10 06:26:54'),
(4950, 25, 35, '2016-01-28 02:06:18'),
(4951, 27, 8, '2016-03-24 17:39:22'),
(4952, 23, 8, '2016-04-10 11:00:35'),
(4953, 23, 33, '2016-03-20 22:05:45'),
(4954, 26, 11, '2015-08-23 09:23:39'),
(4955, 25, 13, '2016-04-11 12:37:39'),
(4956, 28, 34, '2015-07-25 01:00:53'),
(4957, 21, 12, '2015-06-02 06:15:01'),
(4958, 21, 34, '2015-10-25 10:42:32'),
(4959, 21, 34, '2016-02-16 01:44:06'),
(4960, 21, 38, '2016-04-15 18:51:33'),
(4961, 25, 4, '2015-09-10 05:15:43'),
(4962, 26, 40, '2016-01-10 13:50:16'),
(4963, 28, 39, '2015-10-15 16:25:17'),
(4964, 26, 34, '2015-12-30 13:00:22'),
(4965, 27, 36, '2015-11-01 08:40:13'),
(4966, 25, 33, '2015-11-18 20:38:12'),
(4967, 23, 25, '2015-07-14 12:22:16'),
(4968, 25, 40, '2016-03-10 18:42:21'),
(4969, 24, 29, '2015-10-15 08:17:04'),
(4970, 23, 17, '2015-05-20 16:01:45'),
(4971, 26, 18, '2015-12-17 17:53:13'),
(4972, 29, 6, '2015-10-17 02:45:11'),
(4973, 26, 25, '2015-07-10 14:34:22'),
(4974, 30, 36, '2016-03-23 07:35:16'),
(4975, 24, 18, '2015-05-25 21:23:08'),
(4976, 24, 3, '2015-08-13 21:31:08'),
(4977, 24, 23, '2015-11-04 08:13:59'),
(4978, 26, 19, '2015-11-20 08:02:22'),
(4979, 27, 31, '2015-06-05 09:55:54'),
(4980, 30, 32, '2015-11-01 22:58:51'),
(4981, 21, 39, '2016-01-05 21:52:24'),
(4982, 21, 11, '2015-10-15 03:59:09'),
(4983, 28, 12, '2015-06-06 06:26:54'),
(4984, 27, 29, '2016-03-12 17:41:06'),
(4985, 30, 28, '2015-08-17 17:52:31'),
(4986, 25, 10, '2015-07-06 17:51:15'),
(4987, 27, 24, '2015-07-28 01:09:35'),
(4988, 27, 8, '2015-09-30 20:08:46'),
(4989, 23, 21, '2015-10-21 20:11:39'),
(4990, 21, 17, '2016-02-04 13:24:31'),
(4991, 29, 32, '2015-05-10 09:46:28'),
(4992, 25, 18, '2015-09-28 13:44:41'),
(4993, 26, 8, '2015-11-02 00:17:54'),
(4994, 23, 13, '2015-06-27 00:32:58'),
(4995, 28, 21, '2016-01-03 21:27:13'),
(4996, 28, 1, '2016-01-04 02:28:54'),
(4997, 30, 23, '2016-01-08 04:16:09'),
(4998, 21, 22, '2015-12-28 03:01:09'),
(4999, 27, 3, '2015-05-02 10:14:15'),
(5000, 30, 17, '2015-11-29 17:36:40'),
(5001, 29, 26, '2015-11-13 04:34:36'),
(5002, 27, 36, '2016-03-16 17:02:49'),
(5003, 27, 18, '2016-04-12 04:17:50'),
(5004, 25, 28, '2015-06-03 06:16:08'),
(5005, 27, 35, '2015-05-03 16:43:43'),
(5006, 21, 36, '2015-06-24 13:15:55'),
(5007, 22, 21, '2016-02-17 22:13:30'),
(5008, 24, 7, '2015-06-18 17:39:49'),
(5009, 24, 20, '2016-02-05 19:40:36'),
(5010, 23, 18, '2015-09-04 06:26:11'),
(5011, 23, 22, '2016-01-26 23:44:54'),
(5012, 30, 29, '2016-01-21 03:12:03'),
(5013, 28, 12, '2015-12-11 12:41:52'),
(5014, 30, 31, '2016-03-02 13:03:48'),
(5015, 24, 30, '2015-11-27 23:09:55'),
(5016, 28, 39, '2015-07-01 22:50:26'),
(5017, 26, 9, '2015-06-23 23:00:48'),
(5018, 27, 2, '2015-09-05 23:36:19'),
(5019, 30, 24, '2016-01-01 10:54:51'),
(5020, 29, 23, '2015-08-13 22:41:20'),
(5021, 26, 38, '2015-04-29 08:03:21'),
(5022, 28, 16, '2015-04-26 06:32:38'),
(5023, 26, 40, '2015-05-19 16:02:31'),
(5024, 25, 18, '2016-03-31 20:30:57'),
(5025, 24, 11, '2015-11-13 07:01:12'),
(5026, 29, 2, '2015-04-21 04:03:39'),
(5027, 24, 19, '2015-07-06 17:43:23'),
(5028, 30, 9, '2016-02-21 17:43:48'),
(5029, 30, 8, '2015-06-06 04:06:28'),
(5030, 27, 4, '2015-10-22 14:29:10'),
(5031, 25, 38, '2016-02-25 21:18:09'),
(5032, 22, 39, '2015-09-22 08:50:09'),
(5033, 25, 34, '2016-03-31 05:02:34'),
(5034, 21, 8, '2015-12-04 16:08:26'),
(5035, 28, 21, '2015-07-26 01:34:46'),
(5036, 26, 10, '2015-11-26 09:07:23'),
(5037, 24, 3, '2015-12-24 10:50:48'),
(5038, 21, 25, '2016-03-15 09:26:17'),
(5039, 22, 30, '2015-09-14 14:45:34'),
(5040, 21, 1, '2015-05-16 04:07:20'),
(5041, 30, 34, '2015-10-12 21:02:29'),
(5042, 25, 29, '2016-03-18 00:48:47'),
(5043, 30, 30, '2016-02-28 00:49:17'),
(5044, 24, 10, '2015-10-22 17:25:31'),
(5045, 29, 14, '2015-06-01 12:53:53'),
(5046, 29, 35, '2015-10-29 15:37:49'),
(5047, 27, 8, '2015-08-30 23:37:44'),
(5048, 21, 4, '2016-01-01 23:36:27'),
(5049, 23, 30, '2015-07-23 19:17:55'),
(5050, 22, 36, '2015-06-29 02:03:48'),
(5051, 21, 5, '2015-04-24 11:34:50'),
(5052, 24, 34, '2015-10-28 13:34:30'),
(5053, 24, 40, '2015-07-19 03:12:40'),
(5054, 30, 12, '2015-10-07 10:06:35'),
(5055, 25, 37, '2015-06-13 13:49:09'),
(5056, 21, 35, '2016-03-25 12:38:48'),
(5057, 25, 20, '2015-10-06 17:51:17'),
(5058, 28, 27, '2015-06-21 18:55:02'),
(5059, 29, 14, '2015-10-18 09:30:34'),
(5060, 23, 1, '2015-04-25 20:39:09'),
(5061, 26, 11, '2015-12-03 01:14:54'),
(5062, 29, 4, '2015-10-17 17:38:02'),
(5063, 22, 14, '2015-09-15 13:50:14'),
(5064, 30, 20, '2015-07-21 08:51:56'),
(5065, 22, 23, '2015-10-11 17:29:25'),
(5066, 27, 16, '2015-06-07 23:25:07'),
(5067, 21, 3, '2015-12-10 15:30:16'),
(5068, 23, 3, '2015-10-01 12:08:19'),
(5069, 27, 16, '2015-05-27 05:20:55'),
(5070, 29, 28, '2015-05-28 04:31:22'),
(5071, 24, 10, '2015-09-21 17:31:10'),
(5072, 23, 16, '2015-10-18 02:48:32'),
(5073, 21, 29, '2016-03-31 04:37:56'),
(5074, 27, 1, '2015-09-05 05:13:17'),
(5075, 28, 37, '2015-08-20 19:19:46'),
(5076, 21, 23, '2016-01-28 01:14:42'),
(5077, 24, 21, '2016-01-23 00:34:04'),
(5078, 27, 25, '2015-08-22 03:47:38'),
(5079, 23, 16, '2016-02-06 04:30:27'),
(5080, 29, 19, '2015-06-25 06:11:19'),
(5081, 30, 25, '2015-10-24 05:28:18'),
(5082, 26, 20, '2015-10-15 12:46:15'),
(5083, 26, 15, '2015-12-07 05:32:43'),
(5084, 23, 12, '2016-03-26 13:48:36'),
(5085, 21, 17, '2016-02-07 21:32:59'),
(5086, 27, 10, '2015-08-29 02:06:09'),
(5087, 22, 33, '2016-04-18 20:59:12'),
(5088, 29, 18, '2015-08-28 05:01:56'),
(5089, 21, 34, '2016-01-23 14:56:22'),
(5090, 21, 30, '2015-06-08 09:08:26'),
(5091, 25, 15, '2015-06-19 18:58:34'),
(5092, 29, 40, '2016-03-31 14:52:19'),
(5093, 23, 23, '2016-01-03 15:52:11'),
(5094, 22, 1, '2015-05-25 16:15:28'),
(5095, 26, 2, '2015-09-26 13:44:07'),
(5096, 25, 14, '2015-11-04 01:40:33'),
(5097, 27, 22, '2015-05-25 16:32:30'),
(5098, 24, 15, '2015-10-15 17:42:30'),
(5099, 25, 14, '2015-05-21 19:42:58'),
(5100, 28, 25, '2016-03-27 19:04:49'),
(5101, 22, 2, '2016-03-03 05:30:00'),
(5102, 29, 36, '2015-12-09 02:59:27'),
(5103, 21, 19, '2016-02-06 16:37:31'),
(5104, 24, 24, '2016-01-22 06:57:49'),
(5105, 21, 10, '2015-11-18 13:43:13'),
(5106, 30, 24, '2016-02-16 00:43:57'),
(5107, 30, 22, '2016-01-08 11:00:38'),
(5108, 27, 12, '2016-01-29 06:24:07'),
(5109, 23, 16, '2015-10-26 17:17:16'),
(5110, 25, 22, '2016-01-11 18:17:54'),
(5111, 23, 2, '2015-08-31 19:55:36'),
(5112, 23, 17, '2015-08-14 21:53:48'),
(5113, 25, 25, '2015-11-13 14:24:04'),
(5114, 22, 16, '2015-05-01 09:16:16'),
(5115, 22, 6, '2015-12-10 13:29:26'),
(5116, 29, 16, '2015-09-26 17:17:53'),
(5117, 27, 1, '2015-09-18 11:48:02'),
(5118, 29, 25, '2015-10-18 15:06:22'),
(5119, 30, 25, '2015-10-06 09:45:01'),
(5120, 29, 21, '2015-06-15 11:30:42'),
(5121, 21, 30, '2016-02-06 10:30:06'),
(5122, 27, 12, '2015-11-27 07:24:44'),
(5123, 24, 24, '2015-12-22 09:27:49'),
(5124, 28, 34, '2015-11-10 13:03:06'),
(5125, 24, 26, '2016-02-25 06:15:18'),
(5126, 25, 2, '2015-10-25 06:34:55'),
(5127, 26, 3, '2015-06-26 17:29:29'),
(5128, 30, 9, '2015-12-19 16:00:16'),
(5129, 21, 39, '2016-03-09 05:49:49'),
(5130, 23, 32, '2016-01-18 12:34:17'),
(5131, 21, 23, '2015-04-27 10:52:42'),
(5132, 26, 8, '2015-09-17 19:25:18'),
(5133, 26, 40, '2016-03-30 11:55:44'),
(5134, 29, 29, '2015-07-29 05:11:46'),
(5135, 26, 26, '2015-04-27 04:17:32'),
(5136, 23, 31, '2016-03-31 18:31:18'),
(5137, 28, 12, '2016-04-16 12:21:12'),
(5138, 22, 9, '2015-11-11 21:31:30'),
(5139, 26, 5, '2015-12-06 04:13:42'),
(5140, 24, 38, '2015-05-27 11:19:51'),
(5141, 25, 22, '2015-10-25 11:06:33'),
(5142, 28, 24, '2015-09-23 09:32:19'),
(5143, 29, 24, '2016-01-09 06:35:23'),
(5144, 27, 28, '2016-03-01 15:10:14'),
(5145, 29, 20, '2015-08-04 11:15:02'),
(5146, 25, 33, '2015-10-12 13:03:24'),
(5147, 25, 16, '2015-05-02 11:44:00'),
(5148, 22, 8, '2015-10-09 03:07:31'),
(5149, 25, 13, '2015-04-27 10:04:48'),
(5150, 26, 34, '2015-07-10 06:53:24'),
(5151, 23, 18, '2015-11-09 06:39:05'),
(5152, 29, 28, '2015-12-03 01:04:42'),
(5153, 23, 1, '2015-12-06 22:55:15'),
(5154, 27, 25, '2015-07-03 10:03:10'),
(5155, 24, 8, '2015-12-01 15:39:06'),
(5156, 21, 11, '2015-10-23 07:33:05'),
(5157, 26, 13, '2016-04-09 18:38:26'),
(5158, 28, 15, '2016-01-04 13:24:47'),
(5159, 28, 28, '2015-11-30 09:19:16'),
(5160, 21, 18, '2015-08-27 12:45:30'),
(5161, 22, 28, '2015-07-04 03:00:35'),
(5162, 26, 24, '2016-03-08 13:37:32'),
(5163, 24, 13, '2016-03-05 18:43:45'),
(5164, 30, 27, '2016-03-29 19:25:50'),
(5165, 29, 25, '2015-09-05 18:17:09'),
(5166, 29, 17, '2015-06-02 03:22:31'),
(5167, 28, 6, '2015-07-01 14:18:08'),
(5168, 29, 6, '2015-08-25 23:12:09'),
(5169, 22, 11, '2016-01-19 22:42:50'),
(5170, 27, 30, '2015-08-07 10:47:25'),
(5171, 30, 38, '2015-06-27 10:35:32'),
(5172, 29, 11, '2016-03-04 03:01:43'),
(5173, 25, 12, '2015-08-17 16:13:50'),
(5174, 28, 25, '2015-07-03 09:59:26'),
(5175, 29, 28, '2015-10-28 16:49:00'),
(5176, 21, 38, '2015-12-10 09:35:05'),
(5177, 24, 11, '2015-09-02 03:32:22'),
(5178, 30, 38, '2015-11-19 13:42:51'),
(5179, 27, 15, '2015-04-22 19:14:45'),
(5180, 28, 40, '2015-07-28 03:55:35'),
(5181, 23, 10, '2015-12-23 09:46:52'),
(5182, 25, 29, '2015-10-31 16:26:52'),
(5183, 27, 31, '2016-03-22 02:18:20'),
(5184, 23, 19, '2015-08-24 11:52:47'),
(5185, 30, 37, '2015-06-25 17:34:42'),
(5186, 26, 38, '2016-01-21 17:37:52'),
(5187, 26, 15, '2015-06-23 06:56:47'),
(5188, 23, 12, '2015-09-02 10:07:13'),
(5189, 24, 14, '2016-02-03 02:36:44'),
(5190, 22, 1, '2015-08-03 07:32:07'),
(5191, 29, 9, '2015-04-23 18:17:23'),
(5192, 29, 39, '2015-11-08 15:33:52'),
(5193, 26, 17, '2015-06-27 11:20:42'),
(5194, 21, 31, '2015-08-01 00:04:17'),
(5195, 23, 4, '2015-08-19 00:13:17'),
(5196, 25, 17, '2015-12-23 10:24:56'),
(5197, 24, 19, '2015-06-02 03:47:51'),
(5198, 24, 24, '2015-11-06 18:33:50'),
(5199, 29, 37, '2015-08-30 07:46:34'),
(5200, 25, 37, '2015-07-20 23:07:44'),
(5201, 24, 39, '2015-05-18 04:26:55'),
(5202, 30, 27, '2015-07-30 15:01:24'),
(5203, 22, 20, '2015-11-01 15:40:14'),
(5204, 21, 30, '2015-11-20 09:58:01'),
(5205, 24, 38, '2015-09-01 17:28:39'),
(5206, 28, 29, '2015-09-17 19:31:08'),
(5207, 27, 3, '2015-05-26 07:46:47'),
(5208, 29, 8, '2016-01-10 01:35:15'),
(5209, 21, 38, '2016-03-08 12:35:25'),
(5210, 29, 7, '2015-07-09 14:45:14'),
(5211, 22, 31, '2015-06-07 15:24:52'),
(5212, 30, 15, '2015-08-08 04:21:51'),
(5213, 24, 24, '2016-03-14 20:25:02'),
(5214, 21, 31, '2016-01-16 18:43:03'),
(5215, 28, 34, '2015-07-14 02:10:34'),
(5216, 25, 27, '2015-05-06 16:42:24'),
(5217, 23, 17, '2016-03-29 07:26:20'),
(5218, 22, 34, '2016-02-29 06:55:24'),
(5219, 30, 1, '2016-01-03 07:27:30'),
(5220, 29, 23, '2015-05-28 05:34:04'),
(5221, 24, 28, '2016-03-19 05:16:49'),
(5222, 29, 15, '2015-09-12 00:11:35'),
(5223, 27, 3, '2015-06-08 06:44:39'),
(5224, 23, 18, '2015-05-13 06:18:00'),
(5225, 22, 35, '2015-10-30 00:41:16'),
(5226, 26, 15, '2016-02-11 20:39:22'),
(5227, 25, 11, '2016-01-23 22:00:23'),
(5228, 22, 16, '2016-02-25 20:35:36'),
(5229, 23, 38, '2016-02-02 04:32:41'),
(5230, 21, 17, '2016-02-17 12:39:45'),
(5231, 22, 12, '2016-02-19 17:58:50'),
(5232, 28, 32, '2016-02-18 21:58:18'),
(5233, 29, 36, '2015-11-21 16:30:22'),
(5234, 21, 37, '2016-02-17 03:19:01'),
(5235, 21, 39, '2015-05-22 18:11:06'),
(5236, 24, 28, '2016-02-04 19:05:40'),
(5237, 26, 6, '2015-12-18 16:06:48'),
(5238, 27, 35, '2015-04-26 06:01:06'),
(5239, 29, 11, '2015-09-26 07:51:15'),
(5240, 21, 21, '2016-02-02 02:22:42'),
(5241, 30, 36, '2015-10-22 02:50:28'),
(5242, 25, 27, '2015-06-23 05:32:11'),
(5243, 22, 38, '2016-04-02 00:22:25'),
(5244, 27, 13, '2016-02-06 03:44:40'),
(5245, 23, 23, '2016-03-23 17:51:47'),
(5246, 30, 40, '2016-03-06 15:44:53'),
(5247, 25, 16, '2015-09-02 05:54:48'),
(5248, 25, 13, '2015-10-09 08:24:16'),
(5249, 30, 19, '2015-08-17 12:45:54'),
(5250, 22, 9, '2015-05-16 12:28:47'),
(5251, 25, 38, '2016-01-17 13:05:38'),
(5252, 28, 2, '2015-09-17 16:21:16'),
(5253, 25, 12, '2016-01-15 07:25:32'),
(5254, 28, 7, '2016-03-25 09:41:38'),
(5255, 30, 10, '2015-09-05 13:35:56'),
(5256, 29, 20, '2015-05-15 01:42:49'),
(5257, 30, 5, '2015-12-11 21:01:10'),
(5258, 23, 28, '2016-03-16 05:32:17'),
(5259, 25, 3, '2015-10-31 16:42:25'),
(5260, 23, 26, '2015-11-07 06:09:04'),
(5261, 25, 18, '2016-04-13 04:58:37'),
(5262, 24, 21, '2015-08-19 23:29:10'),
(5263, 23, 33, '2015-11-25 16:15:36'),
(5264, 23, 15, '2015-06-16 15:03:56'),
(5265, 23, 40, '2015-06-04 16:30:02'),
(5266, 21, 26, '2015-09-27 11:18:31'),
(5267, 30, 8, '2015-12-02 13:17:35'),
(5268, 21, 32, '2016-01-10 22:54:16'),
(5269, 30, 3, '2015-11-10 15:55:21'),
(5270, 26, 37, '2015-11-07 11:56:24'),
(5271, 21, 21, '2015-07-17 11:15:17'),
(5272, 29, 28, '2015-12-01 17:44:57'),
(5273, 22, 40, '2015-05-29 18:32:54'),
(5274, 21, 6, '2015-11-04 09:19:18'),
(5275, 23, 40, '2016-01-03 13:14:12'),
(5276, 30, 9, '2015-12-02 21:06:35'),
(5277, 29, 9, '2015-11-12 06:55:07'),
(5278, 29, 22, '2015-06-04 01:26:03'),
(5279, 24, 8, '2015-10-03 18:50:43'),
(5280, 21, 13, '2015-04-27 04:21:43'),
(5281, 26, 6, '2015-06-28 15:50:02'),
(5282, 22, 3, '2015-12-22 10:18:17'),
(5283, 21, 34, '2015-09-28 10:59:59'),
(5284, 27, 20, '2015-05-06 16:11:28'),
(5285, 24, 17, '2016-03-21 02:16:36'),
(5286, 24, 39, '2015-04-22 01:36:52'),
(5287, 22, 10, '2015-12-18 11:31:37'),
(5288, 26, 10, '2015-11-16 12:26:22'),
(5289, 30, 33, '2016-01-05 08:03:40'),
(5290, 29, 4, '2015-10-29 12:39:03'),
(5291, 27, 29, '2015-05-14 22:28:58'),
(5292, 22, 37, '2016-02-21 23:56:05'),
(5293, 25, 4, '2015-11-28 10:22:41'),
(5294, 22, 25, '2016-03-12 14:28:02'),
(5295, 23, 31, '2015-12-24 02:07:49'),
(5296, 27, 18, '2016-03-24 12:14:05'),
(5297, 28, 31, '2015-08-21 16:06:22'),
(5298, 28, 29, '2016-02-20 20:44:27'),
(5299, 24, 36, '2015-12-11 14:23:35'),
(5300, 21, 13, '2015-11-21 13:16:16'),
(5301, 26, 15, '2015-09-17 08:25:00'),
(5302, 29, 3, '2015-05-12 08:32:19'),
(5303, 29, 36, '2015-05-21 16:29:10'),
(5304, 29, 26, '2016-01-08 00:59:58'),
(5305, 25, 15, '2016-02-15 14:42:37'),
(5306, 23, 38, '2015-09-11 17:53:47'),
(5307, 25, 9, '2015-07-10 14:28:40'),
(5308, 28, 20, '2015-07-24 12:18:32'),
(5309, 25, 31, '2015-04-24 05:13:16'),
(5310, 22, 33, '2016-04-05 04:58:40'),
(5311, 24, 18, '2015-09-28 21:39:02'),
(5312, 21, 18, '2015-05-17 01:24:50'),
(5313, 21, 32, '2015-07-17 11:49:33'),
(5314, 23, 6, '2016-02-26 21:50:32'),
(5315, 22, 14, '2016-03-20 11:37:55'),
(5316, 29, 14, '2015-09-23 08:08:15'),
(5317, 30, 26, '2015-07-28 13:51:40'),
(5318, 22, 16, '2016-04-16 10:16:01'),
(5319, 27, 21, '2015-11-05 03:52:41'),
(5320, 29, 22, '2015-08-11 20:22:10'),
(5321, 23, 28, '2016-01-26 18:14:22'),
(5322, 30, 36, '2015-12-12 22:27:47'),
(5323, 30, 23, '2015-11-30 14:52:38'),
(5324, 25, 21, '2016-01-30 16:02:46'),
(5325, 24, 26, '2015-10-31 21:30:46'),
(5326, 30, 8, '2015-09-03 08:19:41'),
(5327, 25, 27, '2015-12-07 16:14:12'),
(5328, 23, 30, '2015-12-02 05:52:44'),
(5329, 24, 29, '2015-10-28 06:40:24'),
(5330, 24, 13, '2015-08-13 11:53:12'),
(5331, 22, 38, '2016-04-09 15:36:27'),
(5332, 30, 30, '2015-11-23 15:05:05'),
(5333, 27, 9, '2015-07-19 20:41:08'),
(5334, 27, 2, '2016-02-28 01:18:51'),
(5335, 27, 21, '2015-07-08 08:16:10'),
(5336, 23, 28, '2016-02-26 13:03:34'),
(5337, 22, 39, '2015-10-08 03:21:27'),
(5338, 21, 9, '2015-12-06 20:19:25'),
(5339, 27, 21, '2016-02-15 11:36:45'),
(5340, 30, 36, '2016-04-10 01:07:43'),
(5341, 24, 14, '2015-11-23 12:56:51'),
(5342, 23, 21, '2015-08-02 02:16:11'),
(5343, 27, 21, '2015-10-25 00:22:57'),
(5344, 22, 20, '2016-02-12 00:03:22'),
(5345, 30, 7, '2016-04-01 15:23:32'),
(5346, 30, 35, '2015-07-28 06:18:28'),
(5347, 22, 17, '2015-08-18 17:08:00'),
(5348, 25, 17, '2015-06-23 09:02:16'),
(5349, 29, 2, '2015-09-07 01:50:15'),
(5350, 25, 12, '2016-03-24 10:56:44'),
(5351, 23, 6, '2015-10-26 12:13:33'),
(5352, 26, 10, '2015-09-08 21:44:36'),
(5353, 30, 6, '2016-04-08 03:57:26'),
(5354, 24, 14, '2015-08-31 01:18:02'),
(5355, 29, 19, '2015-06-09 15:03:56'),
(5356, 22, 2, '2016-02-19 17:39:58'),
(5357, 24, 14, '2015-09-21 04:19:53'),
(5358, 24, 14, '2016-01-17 16:47:27'),
(5359, 22, 24, '2015-06-18 13:39:15'),
(5360, 29, 35, '2015-05-13 19:52:35'),
(5361, 22, 27, '2015-07-11 12:19:11'),
(5362, 21, 38, '2015-12-27 18:10:47'),
(5363, 25, 26, '2015-12-20 22:38:12'),
(5364, 27, 22, '2015-12-21 16:20:33'),
(5365, 26, 17, '2016-02-16 14:54:51'),
(5366, 22, 22, '2015-12-13 03:56:33'),
(5367, 28, 3, '2016-01-26 12:26:26'),
(5368, 25, 40, '2015-09-22 01:42:30'),
(5369, 21, 1, '2016-04-18 05:05:09'),
(5370, 30, 4, '2016-03-25 19:56:53'),
(5371, 25, 10, '2016-02-24 16:02:13'),
(5372, 22, 21, '2015-08-21 22:40:59'),
(5373, 22, 38, '2016-02-19 01:36:39'),
(5374, 22, 10, '2015-06-02 04:13:42'),
(5375, 25, 39, '2016-03-09 21:43:29'),
(5376, 24, 30, '2016-01-08 21:25:13'),
(5377, 29, 5, '2015-05-09 09:15:53'),
(5378, 21, 26, '2016-01-14 08:52:02'),
(5379, 23, 30, '2016-04-03 07:07:10'),
(5380, 22, 26, '2015-08-09 04:35:50'),
(5381, 25, 6, '2015-09-07 01:57:10'),
(5382, 27, 9, '2015-11-07 19:08:09'),
(5383, 23, 30, '2015-11-29 18:07:12'),
(5384, 25, 2, '2015-05-10 14:26:18'),
(5385, 26, 29, '2015-07-21 03:07:33'),
(5386, 30, 14, '2015-04-30 19:11:17'),
(5387, 30, 23, '2015-12-11 01:50:45'),
(5388, 27, 30, '2015-08-17 17:52:55'),
(5389, 27, 1, '2015-05-02 03:38:10'),
(5390, 25, 14, '2015-06-19 20:01:25'),
(5391, 29, 27, '2015-12-25 03:49:59'),
(5392, 22, 32, '2016-01-26 01:51:39'),
(5393, 28, 11, '2015-08-13 23:09:42'),
(5394, 24, 37, '2015-05-31 02:26:59'),
(5395, 27, 28, '2015-11-24 05:44:07'),
(5396, 22, 11, '2016-04-06 02:37:35'),
(5397, 29, 27, '2015-07-15 08:09:59'),
(5398, 29, 27, '2016-02-05 16:13:25'),
(5399, 25, 21, '2016-02-21 05:17:43'),
(5400, 27, 29, '2015-08-06 22:28:21'),
(5401, 27, 17, '2016-03-13 14:41:05'),
(5402, 25, 17, '2015-11-02 11:43:44'),
(5403, 25, 36, '2016-03-11 12:11:38'),
(5404, 30, 40, '2015-09-10 09:40:05'),
(5405, 24, 37, '2016-01-17 19:10:43'),
(5406, 27, 16, '2015-06-04 05:16:43'),
(5407, 29, 32, '2015-08-13 10:33:56'),
(5408, 22, 32, '2015-08-25 10:47:26'),
(5409, 29, 33, '2015-10-06 14:01:39'),
(5410, 27, 11, '2016-03-09 03:45:26'),
(5411, 25, 18, '2016-01-16 08:56:49'),
(5412, 22, 24, '2015-10-23 07:27:33'),
(5413, 23, 37, '2015-08-14 11:33:42'),
(5414, 24, 6, '2016-04-05 15:16:49'),
(5415, 28, 3, '2015-12-22 22:54:30'),
(5416, 25, 18, '2015-08-18 04:16:26'),
(5417, 25, 14, '2016-01-15 22:02:17'),
(5418, 21, 36, '2015-11-26 04:41:05'),
(5419, 29, 30, '2016-03-16 00:03:33'),
(5420, 26, 11, '2015-08-11 20:49:26'),
(5421, 24, 32, '2016-03-21 13:01:27'),
(5422, 25, 28, '2015-07-27 21:09:28'),
(5423, 29, 29, '2015-08-09 02:11:45'),
(5424, 25, 35, '2015-10-13 11:14:58'),
(5425, 28, 13, '2016-03-04 19:18:33'),
(5426, 30, 21, '2015-11-18 16:17:16'),
(5427, 29, 31, '2016-01-12 17:26:35'),
(5428, 22, 14, '2015-05-18 12:39:16'),
(5429, 21, 18, '2015-11-16 08:29:18'),
(5430, 28, 21, '2016-02-15 12:13:07'),
(5431, 29, 34, '2015-11-22 23:23:12'),
(5432, 21, 32, '2015-12-01 04:14:57'),
(5433, 23, 19, '2015-09-22 13:25:45'),
(5434, 30, 16, '2015-07-14 19:07:48'),
(5435, 21, 4, '2015-07-05 07:09:17'),
(5436, 27, 7, '2016-02-01 13:09:53'),
(5437, 22, 3, '2015-08-18 13:07:11'),
(5438, 23, 18, '2015-10-05 13:47:52'),
(5439, 26, 12, '2015-12-20 04:39:33'),
(5440, 21, 25, '2015-07-01 12:48:01'),
(5441, 23, 23, '2015-08-29 18:34:39'),
(5442, 25, 34, '2015-07-22 22:00:16'),
(5443, 29, 31, '2016-03-29 06:48:07'),
(5444, 30, 25, '2016-03-08 21:08:18'),
(5445, 22, 33, '2015-11-13 10:35:14'),
(5446, 23, 1, '2015-06-22 11:33:11'),
(5447, 22, 18, '2015-09-13 10:36:10'),
(5448, 30, 20, '2015-05-02 15:13:58'),
(5449, 27, 25, '2015-11-23 13:16:29'),
(5450, 24, 13, '2015-05-25 23:37:35'),
(5451, 25, 17, '2015-10-23 15:56:57'),
(5452, 26, 14, '2016-02-27 20:50:32'),
(5453, 29, 19, '2015-09-02 17:37:17'),
(5454, 28, 26, '2016-02-13 23:25:40'),
(5455, 25, 1, '2015-06-18 02:45:37'),
(5456, 29, 22, '2016-03-05 14:05:07'),
(5457, 25, 20, '2015-11-07 14:01:25'),
(5458, 24, 11, '2015-04-23 22:15:53');
INSERT INTO `mytable` (`id`, `user_id`, `feed_id`, `date_added`) VALUES
(5459, 30, 32, '2015-07-10 20:32:55'),
(5460, 25, 37, '2016-03-29 20:10:08'),
(5461, 29, 15, '2015-08-30 06:27:42'),
(5462, 28, 14, '2015-07-07 08:43:05'),
(5463, 24, 14, '2016-03-15 00:14:47'),
(5464, 24, 14, '2016-03-17 11:14:22'),
(5465, 28, 3, '2016-01-07 08:48:44'),
(5466, 21, 9, '2016-03-25 07:33:32'),
(5467, 23, 17, '2015-05-03 16:34:59'),
(5468, 25, 30, '2015-09-06 13:07:51'),
(5469, 24, 23, '2015-12-24 09:59:09'),
(5470, 27, 34, '2015-12-23 06:16:44'),
(5471, 30, 22, '2015-07-01 16:51:26'),
(5472, 26, 37, '2015-08-23 16:50:01'),
(5473, 26, 37, '2015-09-06 18:24:45'),
(5474, 22, 35, '2015-07-18 12:54:51'),
(5475, 26, 2, '2016-02-06 17:13:37'),
(5476, 30, 6, '2015-09-08 05:28:47'),
(5477, 28, 15, '2015-12-28 10:29:57'),
(5478, 27, 16, '2015-06-27 01:37:06'),
(5479, 21, 9, '2015-08-22 02:04:22'),
(5480, 27, 9, '2015-05-22 15:34:11'),
(5481, 27, 34, '2015-05-09 02:03:02'),
(5482, 26, 6, '2015-07-16 01:36:31'),
(5483, 25, 28, '2015-09-05 11:16:05'),
(5484, 29, 35, '2016-03-20 20:30:34'),
(5485, 30, 40, '2015-07-23 15:37:26'),
(5486, 28, 13, '2015-05-18 10:37:54'),
(5487, 24, 4, '2015-09-12 08:58:00'),
(5488, 26, 27, '2015-09-27 20:59:29'),
(5489, 22, 15, '2016-02-14 18:11:12'),
(5490, 24, 3, '2015-06-11 16:19:23'),
(5491, 21, 23, '2015-05-19 12:38:05'),
(5492, 22, 33, '2016-04-19 05:09:52'),
(5493, 25, 15, '2015-08-19 05:51:32'),
(5494, 29, 1, '2015-07-15 12:58:12'),
(5495, 30, 1, '2016-01-06 21:46:58'),
(5496, 24, 33, '2015-06-23 15:59:47'),
(5497, 30, 19, '2015-05-03 13:32:42'),
(5498, 21, 34, '2015-12-29 19:20:40'),
(5499, 24, 30, '2016-03-07 05:59:11'),
(5500, 30, 21, '2016-04-19 03:30:32'),
(5501, 22, 40, '2016-03-31 05:27:16'),
(5502, 30, 8, '2015-06-25 09:00:34'),
(5503, 21, 22, '2015-09-19 00:52:04'),
(5504, 26, 12, '2015-09-21 10:38:31'),
(5505, 25, 15, '2015-08-26 12:23:41'),
(5506, 23, 22, '2015-10-07 09:54:54'),
(5507, 21, 25, '2016-03-28 04:37:04'),
(5508, 21, 19, '2015-05-02 03:11:54'),
(5509, 21, 14, '2015-07-12 02:19:14'),
(5510, 27, 9, '2016-04-14 11:06:29'),
(5511, 21, 35, '2015-05-28 11:36:39'),
(5512, 29, 32, '2015-04-22 00:59:06'),
(5513, 25, 27, '2015-11-17 03:47:01'),
(5514, 22, 26, '2016-02-20 12:27:58'),
(5515, 29, 17, '2015-04-22 02:04:23'),
(5516, 23, 16, '2015-08-01 12:37:37'),
(5517, 23, 30, '2015-07-12 06:22:13'),
(5518, 29, 37, '2015-11-29 07:31:51'),
(5519, 24, 11, '2015-07-27 21:12:00'),
(5520, 21, 24, '2016-01-31 23:56:24'),
(5521, 28, 40, '2016-01-03 23:45:44'),
(5522, 30, 12, '2015-10-31 13:04:34'),
(5523, 23, 27, '2015-12-21 15:31:38'),
(5524, 26, 24, '2016-02-20 13:51:58'),
(5525, 26, 31, '2015-08-09 13:35:22'),
(5526, 27, 32, '2015-06-15 03:21:57'),
(5527, 27, 23, '2015-11-01 20:22:17'),
(5528, 24, 32, '2016-02-25 02:13:06'),
(5529, 21, 9, '2016-02-25 10:25:18'),
(5530, 25, 23, '2015-08-25 08:47:51'),
(5531, 24, 15, '2016-02-04 08:01:03'),
(5532, 27, 34, '2015-11-16 21:18:41'),
(5533, 29, 5, '2015-10-27 02:57:56'),
(5534, 27, 17, '2015-12-10 22:14:45'),
(5535, 26, 12, '2015-06-18 01:03:31'),
(5536, 21, 25, '2015-12-12 01:39:13'),
(5537, 26, 32, '2015-11-28 20:31:51'),
(5538, 25, 4, '2016-02-25 10:06:21'),
(5539, 28, 11, '2016-04-08 19:08:15'),
(5540, 22, 37, '2015-11-23 11:44:49'),
(5541, 21, 15, '2015-10-30 09:31:55'),
(5542, 26, 22, '2015-08-22 04:53:21'),
(5543, 21, 19, '2015-06-03 05:29:16'),
(5544, 26, 12, '2015-11-26 14:59:00'),
(5545, 22, 23, '2016-04-13 18:58:06'),
(5546, 21, 6, '2015-11-28 17:23:11'),
(5547, 29, 1, '2015-06-20 22:56:59'),
(5548, 28, 24, '2015-10-03 10:40:16'),
(5549, 29, 27, '2015-10-04 23:36:23'),
(5550, 22, 3, '2015-12-22 20:34:17'),
(5551, 28, 9, '2015-05-14 10:10:07'),
(5552, 29, 19, '2015-07-04 09:12:40'),
(5553, 28, 23, '2016-03-11 12:44:38'),
(5554, 21, 11, '2016-01-06 05:05:30'),
(5555, 26, 4, '2015-05-17 09:58:50'),
(5556, 24, 18, '2016-03-25 14:17:31'),
(5557, 27, 23, '2015-05-31 13:21:56'),
(5558, 22, 12, '2015-12-27 11:36:11'),
(5559, 27, 30, '2015-06-29 16:34:34'),
(5560, 26, 23, '2015-06-19 18:53:51'),
(5561, 28, 40, '2016-03-23 00:22:18'),
(5562, 21, 33, '2015-08-11 22:12:57'),
(5563, 29, 23, '2016-02-19 19:23:13'),
(5564, 29, 27, '2015-12-14 04:06:37'),
(5565, 21, 7, '2015-11-30 07:26:04'),
(5566, 21, 39, '2016-02-29 12:46:12'),
(5567, 25, 29, '2015-11-20 21:49:53'),
(5568, 22, 15, '2015-07-26 02:48:26'),
(5569, 25, 32, '2016-03-22 20:56:21'),
(5570, 21, 21, '2015-10-24 15:33:10'),
(5571, 27, 32, '2015-07-31 06:31:17'),
(5572, 26, 21, '2015-10-08 03:45:14'),
(5573, 21, 38, '2015-11-24 03:50:36'),
(5574, 26, 7, '2015-09-09 18:37:55'),
(5575, 22, 33, '2015-09-10 02:18:27'),
(5576, 22, 26, '2015-11-16 08:25:24'),
(5577, 27, 11, '2015-12-12 13:42:15'),
(5578, 29, 35, '2016-03-09 02:28:47'),
(5579, 24, 37, '2016-02-23 21:44:37'),
(5580, 29, 15, '2015-09-08 20:08:56'),
(5581, 28, 20, '2016-03-26 13:56:14'),
(5582, 26, 31, '2015-10-28 19:17:00'),
(5583, 29, 28, '2016-03-28 17:21:03'),
(5584, 25, 32, '2015-11-12 17:16:21'),
(5585, 27, 2, '2015-10-17 04:58:41'),
(5586, 28, 2, '2015-10-25 07:45:35'),
(5587, 28, 5, '2015-07-09 22:55:45'),
(5588, 22, 38, '2015-06-16 02:19:22'),
(5589, 25, 20, '2015-06-24 13:11:30'),
(5590, 25, 13, '2015-07-12 13:26:08'),
(5591, 30, 21, '2015-10-22 09:19:10'),
(5592, 21, 17, '2016-02-25 20:44:44'),
(5593, 30, 24, '2015-07-21 23:15:10'),
(5594, 30, 37, '2015-08-09 21:06:54'),
(5595, 23, 31, '2016-03-31 00:14:36'),
(5596, 23, 31, '2015-07-26 10:16:48'),
(5597, 21, 9, '2015-09-21 20:26:27'),
(5598, 30, 20, '2015-08-18 01:03:25'),
(5599, 26, 16, '2016-02-01 22:47:21'),
(5600, 27, 3, '2016-01-28 21:26:46'),
(5601, 24, 7, '2016-04-04 16:51:47'),
(5602, 26, 12, '2015-06-04 07:51:16'),
(5603, 21, 8, '2015-10-07 21:14:35'),
(5604, 21, 35, '2015-07-23 10:54:17'),
(5605, 23, 38, '2016-01-11 10:50:36'),
(5606, 30, 12, '2015-10-16 15:34:32'),
(5607, 21, 12, '2015-06-11 08:11:27'),
(5608, 25, 2, '2015-07-01 10:36:04'),
(5609, 21, 30, '2015-11-10 01:38:46'),
(5610, 24, 6, '2015-10-01 07:07:54'),
(5611, 27, 39, '2016-03-26 14:42:31'),
(5612, 22, 24, '2015-06-02 13:35:32'),
(5613, 23, 26, '2015-11-08 03:20:01'),
(5614, 23, 13, '2016-02-21 17:20:58'),
(5615, 22, 14, '2015-11-27 20:23:59'),
(5616, 24, 10, '2016-03-07 08:42:56'),
(5617, 23, 21, '2015-05-11 03:00:49'),
(5618, 26, 17, '2015-05-23 14:00:50'),
(5619, 28, 14, '2015-07-17 22:53:38'),
(5620, 22, 31, '2015-10-23 16:58:22'),
(5621, 25, 9, '2015-12-17 15:36:38'),
(5622, 26, 1, '2015-06-19 23:11:27'),
(5623, 22, 29, '2015-10-02 19:14:15'),
(5624, 27, 13, '2015-08-03 11:28:03'),
(5625, 23, 5, '2015-12-21 19:48:19'),
(5626, 22, 40, '2016-03-15 05:13:27'),
(5627, 21, 33, '2016-02-17 16:07:15'),
(5628, 24, 30, '2015-08-01 11:34:28'),
(5629, 27, 29, '2015-05-18 11:58:13'),
(5630, 26, 8, '2015-05-04 09:57:52'),
(5631, 28, 6, '2015-08-29 11:58:16'),
(5632, 25, 39, '2016-01-02 11:40:14'),
(5633, 25, 28, '2016-01-24 04:14:17'),
(5634, 30, 21, '2016-02-21 16:09:26'),
(5635, 25, 25, '2015-11-04 00:21:43'),
(5636, 30, 2, '2016-02-12 09:40:36'),
(5637, 27, 7, '2016-04-20 11:47:03'),
(5638, 26, 15, '2015-11-03 07:13:58'),
(5639, 26, 30, '2016-01-03 10:45:24'),
(5640, 28, 38, '2015-09-09 23:31:50'),
(5641, 26, 28, '2015-04-27 05:07:34'),
(5642, 29, 10, '2016-03-12 06:15:01'),
(5643, 29, 20, '2015-10-05 21:48:33'),
(5644, 27, 2, '2015-08-05 09:46:43'),
(5645, 25, 24, '2016-03-15 04:08:32'),
(5646, 21, 5, '2015-04-23 02:45:50'),
(5647, 21, 15, '2015-11-27 08:24:45'),
(5648, 26, 18, '2016-02-19 03:27:52'),
(5649, 29, 30, '2015-11-28 10:45:32'),
(5650, 29, 26, '2015-08-12 19:38:26'),
(5651, 25, 24, '2016-01-24 05:49:48'),
(5652, 21, 31, '2016-03-12 02:24:17'),
(5653, 21, 9, '2015-10-22 17:21:26'),
(5654, 22, 19, '2015-09-12 09:13:48'),
(5655, 30, 35, '2015-05-09 10:56:48'),
(5656, 23, 39, '2016-03-24 12:12:36'),
(5657, 28, 34, '2015-04-21 19:08:52'),
(5658, 26, 17, '2015-10-20 17:53:59'),
(5659, 30, 27, '2015-09-06 17:18:28'),
(5660, 24, 32, '2015-07-01 00:50:42'),
(5661, 25, 34, '2016-01-14 15:08:03'),
(5662, 21, 4, '2016-02-27 23:11:12'),
(5663, 23, 8, '2015-05-22 08:58:22'),
(5664, 23, 28, '2016-03-22 09:13:38'),
(5665, 26, 6, '2015-10-04 11:09:30'),
(5666, 21, 26, '2015-05-06 15:02:41'),
(5667, 21, 38, '2015-11-09 21:21:53'),
(5668, 27, 8, '2016-03-16 01:17:20'),
(5669, 26, 16, '2015-07-15 22:05:09'),
(5670, 28, 25, '2015-05-09 12:52:53'),
(5671, 22, 36, '2015-09-08 11:53:06'),
(5672, 28, 38, '2016-03-04 23:58:33'),
(5673, 23, 25, '2016-01-17 12:07:07'),
(5674, 24, 29, '2015-05-28 16:27:12'),
(5675, 23, 11, '2015-11-13 12:59:36'),
(5676, 29, 18, '2016-03-04 07:38:09'),
(5677, 28, 36, '2015-10-20 22:21:17'),
(5678, 25, 12, '2015-09-25 18:22:50'),
(5679, 27, 8, '2016-02-27 12:37:06'),
(5680, 27, 17, '2015-04-25 21:47:21'),
(5681, 21, 33, '2015-11-28 16:58:32'),
(5682, 23, 37, '2016-03-11 03:39:31'),
(5683, 24, 26, '2015-06-18 15:59:57'),
(5684, 28, 8, '2015-12-19 05:18:00'),
(5685, 30, 7, '2015-07-04 19:42:48'),
(5686, 21, 22, '2016-04-02 14:11:16'),
(5687, 30, 5, '2015-11-13 21:00:05'),
(5688, 30, 21, '2015-08-22 02:15:59'),
(5689, 27, 28, '2016-03-27 04:15:55'),
(5690, 28, 5, '2015-07-20 13:24:22'),
(5691, 26, 20, '2015-04-23 21:08:35'),
(5692, 28, 23, '2015-05-05 04:38:15'),
(5693, 29, 31, '2015-07-07 10:25:56'),
(5694, 22, 15, '2015-11-11 09:05:55'),
(5695, 27, 10, '2015-09-03 10:14:57'),
(5696, 26, 16, '2015-09-29 05:57:26'),
(5697, 28, 26, '2015-09-08 14:12:19'),
(5698, 23, 40, '2016-04-02 17:13:31'),
(5699, 22, 28, '2015-05-20 14:29:16'),
(5700, 27, 36, '2015-09-01 03:45:01'),
(5701, 22, 26, '2015-04-22 12:31:01'),
(5702, 26, 30, '2016-03-17 23:43:41'),
(5703, 26, 37, '2015-05-21 15:47:39'),
(5704, 22, 31, '2015-06-06 01:54:10'),
(5705, 22, 25, '2015-04-27 15:23:51'),
(5706, 23, 10, '2016-04-14 17:51:18'),
(5707, 27, 18, '2015-08-16 14:03:23'),
(5708, 30, 34, '2015-12-29 13:44:55'),
(5709, 23, 19, '2015-09-24 01:21:29'),
(5710, 24, 37, '2015-12-28 12:50:05'),
(5711, 25, 18, '2016-02-22 22:14:26'),
(5712, 26, 6, '2015-08-24 08:05:34'),
(5713, 27, 15, '2015-12-25 09:14:08'),
(5714, 21, 26, '2015-08-19 20:00:20'),
(5715, 24, 33, '2015-10-07 17:22:22'),
(5716, 30, 19, '2016-02-15 14:59:06'),
(5717, 27, 31, '2015-08-02 04:23:50'),
(5718, 21, 32, '2016-02-06 09:55:43'),
(5719, 29, 40, '2016-02-02 14:21:19'),
(5720, 22, 28, '2016-02-28 18:52:45'),
(5721, 25, 27, '2016-02-14 19:41:35'),
(5722, 26, 21, '2016-01-18 00:53:30'),
(5723, 22, 13, '2015-05-02 04:14:16'),
(5724, 22, 32, '2016-04-01 20:27:52'),
(5725, 29, 32, '2016-01-27 21:20:11'),
(5726, 29, 2, '2015-11-13 02:20:57'),
(5727, 30, 38, '2016-01-23 05:40:04'),
(5728, 25, 9, '2015-06-19 05:51:42'),
(5729, 21, 34, '2016-03-29 19:37:42'),
(5730, 22, 27, '2015-09-18 13:55:29'),
(5731, 22, 19, '2015-05-01 16:03:50'),
(5732, 30, 6, '2015-09-20 13:44:12'),
(5733, 23, 37, '2015-11-04 22:47:07'),
(5734, 21, 7, '2015-09-09 16:48:05'),
(5735, 21, 12, '2015-08-21 13:29:59'),
(5736, 23, 38, '2015-07-24 11:11:24'),
(5737, 25, 17, '2015-11-04 14:38:27'),
(5738, 27, 27, '2015-10-30 14:47:26'),
(5739, 25, 40, '2015-05-16 23:00:14'),
(5740, 22, 14, '2015-12-12 16:23:06'),
(5741, 29, 12, '2015-12-25 12:05:12'),
(5742, 27, 26, '2015-09-05 17:24:50'),
(5743, 26, 35, '2015-12-26 13:14:12'),
(5744, 23, 15, '2015-06-12 16:12:11'),
(5745, 30, 21, '2015-08-23 20:25:49'),
(5746, 24, 29, '2015-07-28 02:39:52'),
(5747, 30, 29, '2015-11-21 00:17:55'),
(5748, 21, 30, '2015-07-25 22:24:58'),
(5749, 23, 33, '2016-03-28 02:13:46'),
(5750, 29, 32, '2016-03-13 05:47:09'),
(5751, 21, 40, '2015-12-09 15:14:25'),
(5752, 26, 19, '2016-03-29 01:55:33'),
(5753, 26, 20, '2015-06-05 04:47:09'),
(5754, 22, 8, '2015-10-29 08:48:34'),
(5755, 23, 36, '2015-04-28 05:30:50'),
(5756, 23, 8, '2016-01-30 19:29:42'),
(5757, 29, 13, '2015-09-16 00:24:51'),
(5758, 23, 24, '2016-03-17 20:04:53'),
(5759, 25, 4, '2016-03-31 15:38:41'),
(5760, 25, 34, '2015-08-05 10:26:52'),
(5761, 21, 31, '2015-10-20 09:06:34'),
(5762, 25, 36, '2015-10-17 11:29:42'),
(5763, 28, 31, '2015-11-29 18:11:58'),
(5764, 25, 8, '2016-03-06 02:19:41'),
(5765, 30, 10, '2015-12-21 21:42:57'),
(5766, 30, 6, '2015-08-24 04:06:08'),
(5767, 29, 23, '2016-04-17 11:47:56'),
(5768, 27, 20, '2015-07-30 09:16:28'),
(5769, 25, 18, '2015-10-27 17:37:03'),
(5770, 26, 8, '2015-08-23 00:57:45'),
(5771, 28, 39, '2016-01-13 18:47:21'),
(5772, 24, 37, '2016-01-31 16:57:49'),
(5773, 22, 19, '2015-07-20 02:16:34'),
(5774, 25, 39, '2015-12-21 01:44:41'),
(5775, 23, 14, '2015-11-24 02:01:44'),
(5776, 27, 39, '2015-10-11 12:36:30'),
(5777, 24, 23, '2015-08-13 21:39:58'),
(5778, 28, 28, '2016-01-19 07:42:04'),
(5779, 21, 6, '2015-07-14 10:48:26'),
(5780, 22, 14, '2015-08-11 02:07:40'),
(5781, 22, 28, '2016-04-08 07:05:05'),
(5782, 30, 6, '2016-02-13 06:10:34'),
(5783, 24, 17, '2015-07-17 19:08:43'),
(5784, 26, 4, '2016-01-05 13:49:09'),
(5785, 22, 33, '2016-03-15 11:51:57'),
(5786, 30, 7, '2015-08-08 18:01:23'),
(5787, 22, 16, '2016-03-25 14:53:28'),
(5788, 21, 31, '2016-02-06 16:55:50'),
(5789, 29, 13, '2015-06-20 10:43:48'),
(5790, 30, 28, '2016-02-19 08:30:13'),
(5791, 29, 13, '2015-08-26 16:08:24'),
(5792, 27, 32, '2016-02-07 06:45:33'),
(5793, 21, 14, '2015-07-20 10:53:45'),
(5794, 25, 27, '2015-11-03 17:09:46'),
(5795, 24, 24, '2015-04-22 04:58:19'),
(5796, 28, 8, '2015-04-29 04:03:28'),
(5797, 25, 14, '2015-05-13 06:41:58'),
(5798, 21, 15, '2015-07-20 08:08:16'),
(5799, 24, 12, '2016-03-14 14:07:42'),
(5800, 25, 12, '2015-11-29 07:25:46'),
(5801, 24, 34, '2015-08-24 08:33:38'),
(5802, 30, 13, '2016-03-01 13:43:33'),
(5803, 24, 15, '2015-09-11 18:57:39'),
(5804, 29, 24, '2016-01-06 16:59:58'),
(5805, 22, 18, '2015-11-06 23:59:03'),
(5806, 24, 12, '2016-02-23 23:20:19'),
(5807, 24, 23, '2015-06-23 10:42:29'),
(5808, 28, 32, '2015-06-24 23:40:54'),
(5809, 30, 9, '2015-08-10 18:03:01'),
(5810, 24, 10, '2015-05-20 19:14:09'),
(5811, 27, 19, '2015-09-21 03:16:31'),
(5812, 30, 21, '2015-09-24 06:54:10'),
(5813, 22, 11, '2015-08-14 05:19:46'),
(5814, 25, 3, '2015-07-06 10:45:08'),
(5815, 25, 35, '2015-11-20 15:25:23'),
(5816, 26, 15, '2015-11-07 13:53:04'),
(5817, 21, 29, '2015-11-03 01:45:34'),
(5818, 21, 10, '2015-08-04 08:48:05'),
(5819, 26, 37, '2015-09-29 07:23:34'),
(5820, 30, 38, '2016-04-14 02:49:13'),
(5821, 25, 5, '2016-03-08 03:26:35'),
(5822, 21, 13, '2015-12-07 05:54:42'),
(5823, 30, 7, '2016-04-20 05:42:15'),
(5824, 24, 32, '2015-06-12 11:35:10'),
(5825, 30, 33, '2015-08-19 13:55:26'),
(5826, 22, 33, '2015-06-20 16:12:10'),
(5827, 23, 40, '2016-04-06 22:53:43'),
(5828, 26, 7, '2015-12-31 17:32:11'),
(5829, 22, 16, '2015-10-29 03:18:51'),
(5830, 26, 39, '2015-10-04 20:50:49'),
(5831, 26, 31, '2015-10-06 15:13:50'),
(5832, 23, 25, '2015-06-01 23:29:33'),
(5833, 26, 14, '2016-01-17 21:11:08'),
(5834, 29, 4, '2015-08-29 10:12:11'),
(5835, 29, 32, '2015-04-21 08:51:16'),
(5836, 21, 15, '2016-03-03 18:20:34'),
(5837, 30, 34, '2015-11-29 01:54:33'),
(5838, 29, 5, '2015-05-01 06:04:18'),
(5839, 22, 34, '2016-01-20 03:27:57'),
(5840, 27, 28, '2016-01-15 16:14:45'),
(5841, 28, 2, '2015-08-31 09:20:15'),
(5842, 27, 3, '2015-07-13 16:16:02'),
(5843, 22, 30, '2016-04-04 02:13:22'),
(5844, 29, 27, '2016-04-13 12:02:35'),
(5845, 23, 15, '2015-09-09 07:50:44'),
(5846, 22, 1, '2015-06-06 17:58:56'),
(5847, 30, 18, '2015-12-13 12:07:15'),
(5848, 28, 18, '2016-02-24 22:50:30'),
(5849, 29, 27, '2016-02-05 20:06:12'),
(5850, 27, 21, '2015-10-11 21:52:20'),
(5851, 28, 26, '2015-05-10 10:39:15'),
(5852, 25, 31, '2015-11-05 03:31:28'),
(5853, 25, 20, '2016-01-12 11:55:01'),
(5854, 28, 38, '2015-06-10 09:28:11'),
(5855, 30, 37, '2016-01-24 05:18:12'),
(5856, 27, 32, '2016-01-22 21:32:31'),
(5857, 26, 30, '2015-10-04 22:11:30'),
(5858, 27, 35, '2015-08-20 00:43:12'),
(5859, 30, 13, '2015-05-29 09:15:00'),
(5860, 29, 33, '2016-03-22 16:31:02'),
(5861, 23, 10, '2015-10-05 00:26:39'),
(5862, 21, 36, '2015-06-27 20:02:42'),
(5863, 21, 17, '2015-12-27 10:36:56'),
(5864, 26, 20, '2015-11-06 17:03:45'),
(5865, 28, 40, '2015-07-25 22:46:42'),
(5866, 27, 12, '2015-09-21 16:46:13'),
(5867, 23, 13, '2016-01-29 22:25:31'),
(5868, 30, 39, '2015-07-11 06:09:22'),
(5869, 29, 19, '2015-11-12 06:25:30'),
(5870, 22, 33, '2016-02-25 22:55:08'),
(5871, 26, 10, '2016-02-19 12:01:13'),
(5872, 24, 24, '2015-07-13 13:41:26'),
(5873, 28, 31, '2015-11-19 11:20:35'),
(5874, 21, 29, '2015-12-05 19:52:16'),
(5875, 21, 7, '2016-03-31 22:29:48'),
(5876, 23, 37, '2016-03-20 08:17:00'),
(5877, 22, 15, '2016-03-29 18:13:07'),
(5878, 29, 35, '2015-11-16 20:16:07'),
(5879, 25, 5, '2015-09-13 13:06:49'),
(5880, 26, 31, '2015-10-20 11:00:38'),
(5881, 23, 16, '2015-06-19 14:49:45'),
(5882, 23, 28, '2015-04-30 21:52:21'),
(5883, 25, 21, '2015-05-07 00:53:23'),
(5884, 30, 35, '2015-08-15 00:42:57'),
(5885, 26, 26, '2016-02-05 13:42:14'),
(5886, 21, 13, '2016-01-04 09:01:52'),
(5887, 21, 35, '2015-12-29 19:27:47'),
(5888, 30, 35, '2016-04-08 06:59:17'),
(5889, 21, 40, '2015-06-15 06:32:27'),
(5890, 30, 2, '2015-12-14 14:59:20'),
(5891, 27, 2, '2015-06-29 01:23:55'),
(5892, 23, 7, '2015-05-15 14:51:05'),
(5893, 28, 22, '2015-11-14 13:14:33'),
(5894, 23, 17, '2016-04-17 15:07:42'),
(5895, 26, 2, '2016-02-23 09:02:12'),
(5896, 22, 19, '2016-03-01 00:55:03'),
(5897, 28, 17, '2015-06-12 18:33:52'),
(5898, 26, 33, '2016-01-10 15:39:11'),
(5899, 29, 39, '2015-08-20 00:39:58'),
(5900, 21, 11, '2015-09-19 20:52:57'),
(5901, 21, 33, '2015-05-21 21:28:32'),
(5902, 28, 4, '2015-12-19 11:25:32'),
(5903, 28, 12, '2015-05-05 05:01:37'),
(5904, 30, 12, '2015-09-10 03:11:04'),
(5905, 26, 26, '2015-12-04 07:38:12'),
(5906, 25, 14, '2015-10-01 03:14:52'),
(5907, 26, 33, '2016-03-05 22:12:44'),
(5908, 27, 1, '2016-03-07 04:05:41'),
(5909, 22, 39, '2015-04-25 15:27:23'),
(5910, 24, 28, '2015-04-28 14:33:40'),
(5911, 26, 18, '2015-07-29 22:35:33'),
(5912, 22, 35, '2015-04-29 11:22:56'),
(5913, 21, 24, '2015-10-28 08:33:08'),
(5914, 29, 12, '2015-04-25 14:38:35'),
(5915, 30, 26, '2015-09-11 05:34:15'),
(5916, 26, 9, '2015-08-28 22:54:57'),
(5917, 28, 32, '2015-08-15 15:29:36'),
(5918, 29, 4, '2015-10-01 15:10:04'),
(5919, 26, 9, '2015-12-09 11:32:37'),
(5920, 27, 21, '2016-01-10 15:24:06'),
(5921, 27, 36, '2015-06-09 04:56:45'),
(5922, 21, 35, '2015-10-30 09:19:23'),
(5923, 29, 39, '2015-12-27 08:16:45'),
(5924, 29, 31, '2015-06-17 15:35:41'),
(5925, 23, 2, '2015-06-08 20:40:32'),
(5926, 21, 29, '2016-02-06 10:41:11'),
(5927, 28, 27, '2015-06-04 11:44:54'),
(5928, 22, 17, '2015-05-26 02:33:48'),
(5929, 21, 31, '2015-10-05 13:31:56'),
(5930, 27, 20, '2016-02-09 13:18:29'),
(5931, 23, 38, '2015-10-03 23:23:22'),
(5932, 29, 3, '2015-12-10 13:42:29'),
(5933, 23, 18, '2016-02-26 06:46:32'),
(5934, 26, 38, '2015-12-19 15:47:20'),
(5935, 24, 40, '2015-09-09 00:27:19'),
(5936, 28, 10, '2015-10-27 06:27:20'),
(5937, 27, 20, '2015-05-10 11:04:02'),
(5938, 30, 25, '2015-11-18 15:03:54'),
(5939, 30, 17, '2016-01-19 22:03:16'),
(5940, 23, 40, '2016-01-12 15:11:06'),
(5941, 29, 1, '2015-12-25 23:40:02'),
(5942, 29, 7, '2015-11-21 10:26:41'),
(5943, 25, 40, '2015-09-03 13:22:29'),
(5944, 21, 8, '2015-04-23 16:11:24'),
(5945, 27, 12, '2016-02-14 17:44:30'),
(5946, 30, 25, '2015-12-14 04:36:15'),
(5947, 27, 29, '2015-08-11 05:24:03'),
(5948, 27, 16, '2015-05-07 22:53:58'),
(5949, 28, 18, '2016-02-24 01:47:45'),
(5950, 30, 11, '2015-08-05 14:48:49'),
(5951, 21, 21, '2016-01-10 07:13:01'),
(5952, 25, 2, '2015-11-13 02:05:10'),
(5953, 27, 19, '2015-05-14 16:11:01'),
(5954, 23, 37, '2015-05-11 06:55:18'),
(5955, 21, 37, '2015-05-11 07:04:12'),
(5956, 28, 37, '2016-03-04 03:30:53'),
(5957, 29, 14, '2015-10-10 03:08:59'),
(5958, 22, 14, '2015-08-23 12:35:10'),
(5959, 28, 20, '2015-09-18 10:33:28'),
(5960, 28, 6, '2015-06-20 16:54:51'),
(5961, 21, 24, '2015-05-29 04:53:26'),
(5962, 22, 27, '2015-12-03 05:02:30'),
(5963, 29, 31, '2015-12-04 12:45:20'),
(5964, 26, 16, '2015-10-04 20:09:37'),
(5965, 21, 36, '2015-10-30 14:01:24'),
(5966, 24, 38, '2015-12-27 10:39:51'),
(5967, 29, 19, '2016-01-03 01:58:03'),
(5968, 22, 33, '2015-06-18 08:44:31'),
(5969, 22, 13, '2016-02-05 20:11:02'),
(5970, 24, 7, '2015-10-08 20:20:18'),
(5971, 24, 30, '2015-06-17 11:04:19'),
(5972, 26, 26, '2015-05-25 02:11:33'),
(5973, 30, 19, '2015-05-05 02:14:08'),
(5974, 30, 2, '2016-02-07 02:13:10'),
(5975, 28, 14, '2015-11-09 03:35:52'),
(5976, 26, 27, '2015-11-05 05:13:25'),
(5977, 22, 1, '2015-11-06 16:01:49'),
(5978, 22, 9, '2015-10-13 08:16:06'),
(5979, 27, 3, '2015-07-19 00:15:04'),
(5980, 29, 29, '2016-04-03 17:36:12'),
(5981, 25, 15, '2015-10-19 16:32:09'),
(5982, 30, 14, '2015-11-25 11:10:41'),
(5983, 23, 9, '2015-07-03 07:15:23'),
(5984, 21, 7, '2015-11-22 08:27:40'),
(5985, 28, 10, '2015-06-04 03:52:18'),
(5986, 29, 32, '2015-07-27 15:42:20'),
(5987, 30, 20, '2015-09-10 07:46:28'),
(5988, 22, 33, '2015-07-12 07:20:29'),
(5989, 21, 34, '2016-02-25 23:16:41'),
(5990, 28, 39, '2016-02-26 00:31:30'),
(5991, 28, 39, '2016-04-18 10:43:15'),
(5992, 28, 10, '2016-04-19 20:39:25'),
(5993, 26, 8, '2015-05-03 16:05:42'),
(5994, 24, 20, '2016-02-19 13:49:56'),
(5995, 29, 36, '2016-04-10 16:53:21'),
(5996, 21, 9, '2016-01-11 00:57:43'),
(5997, 23, 29, '2016-04-05 09:46:19'),
(5998, 26, 28, '2016-01-13 22:36:13'),
(5999, 26, 12, '2015-10-18 12:37:27'),
(6000, 30, 18, '2015-09-09 02:00:54'),
(6001, 22, 36, '2016-01-17 09:36:24'),
(6002, 22, 38, '2015-12-10 10:04:23'),
(6003, 27, 1, '2016-02-16 08:41:16'),
(6004, 21, 25, '2015-11-07 20:36:53'),
(6005, 25, 7, '2016-02-20 11:27:57'),
(6006, 27, 18, '2015-12-06 10:44:57'),
(6007, 25, 23, '2015-10-11 19:45:22'),
(6008, 24, 30, '2015-06-27 14:26:17'),
(6009, 30, 35, '2015-10-21 23:23:54'),
(6010, 30, 19, '2015-05-16 04:51:16'),
(6011, 24, 38, '2015-08-29 10:03:44'),
(6012, 23, 39, '2016-02-02 08:24:33'),
(6013, 25, 21, '2016-01-18 06:59:31'),
(6014, 25, 10, '2016-04-01 16:42:42'),
(6015, 30, 34, '2015-07-06 21:14:27'),
(6016, 30, 30, '2016-02-20 14:58:12'),
(6017, 25, 27, '2015-11-18 08:05:11'),
(6018, 28, 4, '2016-01-03 10:34:03'),
(6019, 29, 22, '2015-10-18 21:11:39'),
(6020, 26, 29, '2016-01-30 14:00:37'),
(6021, 29, 15, '2016-02-20 08:19:32'),
(6022, 28, 17, '2015-04-25 01:08:25'),
(6023, 30, 38, '2016-02-17 10:04:19'),
(6024, 22, 17, '2016-03-28 00:05:02'),
(6025, 28, 31, '2016-01-13 15:28:11'),
(6026, 30, 40, '2015-11-03 16:31:26'),
(6027, 30, 37, '2015-08-18 17:13:41'),
(6028, 30, 34, '2016-03-16 04:32:07'),
(6029, 21, 3, '2015-10-27 16:39:27'),
(6030, 23, 2, '2015-08-22 01:41:40'),
(6031, 26, 35, '2015-05-31 07:07:06'),
(6032, 23, 1, '2015-08-27 19:18:07'),
(6033, 28, 40, '2015-09-25 09:04:25'),
(6034, 25, 15, '2016-01-21 13:07:33'),
(6035, 26, 10, '2016-02-06 00:37:05'),
(6036, 22, 14, '2016-03-01 07:25:49'),
(6037, 30, 3, '2015-08-27 17:20:22'),
(6038, 29, 8, '2015-08-12 05:47:50'),
(6039, 28, 28, '2015-09-18 14:49:07'),
(6040, 27, 37, '2015-06-15 19:53:12'),
(6041, 27, 3, '2015-11-10 22:04:29'),
(6042, 23, 21, '2015-12-26 09:38:55'),
(6043, 23, 7, '2016-01-11 00:45:14'),
(6044, 29, 11, '2016-02-09 22:14:48'),
(6045, 23, 28, '2015-05-10 16:36:01'),
(6046, 26, 39, '2015-10-28 07:32:50'),
(6047, 27, 21, '2015-12-31 14:10:22'),
(6048, 22, 36, '2016-03-20 02:48:20'),
(6049, 29, 1, '2015-10-14 23:11:13'),
(6050, 26, 30, '2015-07-09 18:51:27'),
(6051, 25, 28, '2016-04-18 23:08:57'),
(6052, 24, 36, '2016-01-12 12:17:31'),
(6053, 27, 34, '2015-12-09 12:06:11'),
(6054, 25, 30, '2016-03-13 19:25:36'),
(6055, 26, 5, '2016-02-18 03:09:15'),
(6056, 24, 23, '2015-12-05 12:43:42'),
(6057, 28, 33, '2016-03-22 06:33:56'),
(6058, 26, 17, '2016-01-21 01:13:18'),
(6059, 29, 6, '2015-06-20 05:35:13'),
(6060, 30, 39, '2016-01-30 05:16:47'),
(6061, 26, 13, '2016-01-14 05:22:53'),
(6062, 24, 7, '2015-12-20 04:58:29'),
(6063, 22, 21, '2016-02-09 11:40:59'),
(6064, 21, 1, '2016-04-09 17:12:08'),
(6065, 25, 7, '2015-08-07 16:30:04'),
(6066, 22, 2, '2015-10-26 11:23:30'),
(6067, 22, 16, '2015-07-28 12:34:44'),
(6068, 24, 33, '2015-10-11 08:16:29'),
(6069, 30, 24, '2016-01-25 16:49:10'),
(6070, 23, 6, '2015-04-27 17:07:02'),
(6071, 30, 3, '2015-09-28 23:54:36'),
(6072, 27, 1, '2015-06-21 02:53:48'),
(6073, 27, 30, '2016-01-23 02:17:28'),
(6074, 29, 17, '2015-07-07 21:25:22'),
(6075, 27, 10, '2016-03-16 11:49:04'),
(6076, 24, 14, '2015-07-03 06:28:08'),
(6077, 30, 40, '2016-04-08 07:15:55'),
(6078, 28, 4, '2015-04-28 02:34:43'),
(6079, 21, 38, '2015-07-23 17:22:29'),
(6080, 28, 14, '2015-10-16 12:27:21'),
(6081, 30, 10, '2015-08-14 21:52:01'),
(6082, 27, 33, '2015-06-02 06:30:02'),
(6083, 29, 35, '2016-02-14 10:24:32'),
(6084, 21, 13, '2016-03-30 12:58:28'),
(6085, 27, 18, '2016-01-10 23:06:54'),
(6086, 27, 8, '2016-03-20 15:02:16'),
(6087, 28, 3, '2015-07-05 13:16:51'),
(6088, 28, 31, '2015-11-14 11:34:10'),
(6089, 29, 11, '2015-08-25 06:26:48'),
(6090, 26, 21, '2015-04-25 03:48:21'),
(6091, 23, 14, '2015-12-15 02:10:09'),
(6092, 27, 6, '2015-07-11 19:17:58'),
(6093, 25, 33, '2015-12-26 15:22:55'),
(6094, 26, 34, '2015-12-15 04:24:14'),
(6095, 27, 29, '2016-03-15 00:01:16'),
(6096, 25, 19, '2015-10-04 08:30:36'),
(6097, 30, 26, '2015-11-05 15:38:29'),
(6098, 28, 11, '2015-09-06 10:58:38'),
(6099, 21, 12, '2016-03-20 04:32:17'),
(6100, 21, 40, '2015-09-23 04:42:57'),
(6101, 25, 12, '2015-09-15 10:27:57'),
(6102, 25, 28, '2016-03-29 05:08:19'),
(6103, 29, 29, '2015-05-16 14:12:40'),
(6104, 26, 26, '2016-04-08 08:06:19'),
(6105, 22, 34, '2015-10-20 17:58:19'),
(6106, 27, 37, '2015-10-11 19:55:53'),
(6107, 29, 25, '2015-09-11 05:49:12'),
(6108, 21, 2, '2015-07-08 21:00:04'),
(6109, 25, 31, '2016-01-30 12:19:01'),
(6110, 26, 9, '2015-09-24 15:55:33'),
(6111, 21, 26, '2015-09-15 23:28:26'),
(6112, 22, 26, '2015-05-25 12:03:33'),
(6113, 23, 31, '2016-02-21 13:54:27'),
(6114, 28, 9, '2015-11-05 22:19:14'),
(6115, 23, 26, '2016-01-12 21:13:25'),
(6116, 29, 22, '2016-02-06 12:10:29'),
(6117, 21, 39, '2015-08-20 19:49:53'),
(6118, 21, 20, '2015-06-17 15:18:27'),
(6119, 22, 39, '2015-10-09 11:00:21'),
(6120, 21, 11, '2015-05-16 07:30:32'),
(6121, 28, 7, '2015-10-01 09:18:52'),
(6122, 27, 1, '2016-01-09 11:32:08'),
(6123, 27, 19, '2015-08-06 09:25:43'),
(6124, 28, 20, '2016-02-22 03:15:55'),
(6125, 24, 10, '2015-12-28 08:33:16'),
(6126, 22, 36, '2016-04-07 02:19:23'),
(6127, 30, 23, '2015-12-05 15:18:18'),
(6128, 27, 39, '2016-01-28 14:33:03'),
(6129, 21, 19, '2016-02-22 00:18:53'),
(6130, 28, 1, '2015-05-01 08:14:42'),
(6131, 21, 6, '2015-09-30 08:53:26'),
(6132, 26, 13, '2016-02-06 10:54:37'),
(6133, 29, 32, '2015-04-29 21:34:53'),
(6134, 28, 26, '2015-11-25 12:32:48'),
(6135, 25, 30, '2015-11-07 12:29:22'),
(6136, 27, 22, '2015-12-04 23:10:12'),
(6137, 27, 14, '2015-08-24 10:22:52'),
(6138, 21, 3, '2015-10-17 01:38:20'),
(6139, 22, 18, '2015-05-10 01:12:30'),
(6140, 26, 3, '2016-01-05 21:38:38'),
(6141, 22, 28, '2015-09-17 17:51:35'),
(6142, 26, 7, '2015-04-30 04:45:20'),
(6143, 29, 37, '2015-08-12 08:01:25'),
(6144, 21, 8, '2015-10-26 04:41:42'),
(6145, 22, 32, '2015-11-07 01:59:13'),
(6146, 25, 18, '2015-12-07 01:08:55'),
(6147, 24, 40, '2016-03-05 19:30:31'),
(6148, 23, 26, '2015-08-10 22:17:28'),
(6149, 23, 11, '2016-02-07 11:47:05'),
(6150, 22, 4, '2016-04-20 03:29:23'),
(6151, 30, 24, '2015-06-03 14:28:18'),
(6152, 21, 31, '2015-05-17 11:36:35'),
(6153, 29, 37, '2015-08-05 03:22:13'),
(6154, 28, 3, '2016-03-18 21:50:06'),
(6155, 22, 25, '2015-06-23 01:12:13'),
(6156, 25, 36, '2015-09-28 17:18:42'),
(6157, 25, 27, '2015-09-29 13:35:58'),
(6158, 28, 25, '2015-06-18 12:54:41'),
(6159, 25, 7, '2015-06-28 11:52:22'),
(6160, 24, 16, '2015-08-19 23:31:02'),
(6161, 28, 4, '2015-05-26 02:45:34'),
(6162, 22, 12, '2015-05-25 14:38:20'),
(6163, 28, 38, '2015-07-29 22:47:16'),
(6164, 24, 36, '2015-05-05 23:52:46'),
(6165, 23, 18, '2016-02-27 17:30:34'),
(6166, 22, 37, '2015-09-09 05:43:27'),
(6167, 22, 14, '2015-10-09 22:54:00'),
(6168, 23, 25, '2016-03-15 10:50:03'),
(6169, 28, 7, '2015-10-04 06:35:43'),
(6170, 28, 4, '2015-12-24 07:13:20'),
(6171, 22, 9, '2015-09-07 02:25:20'),
(6172, 26, 33, '2015-06-14 10:35:07'),
(6173, 26, 5, '2015-08-12 03:13:53'),
(6174, 25, 14, '2016-01-23 05:17:22'),
(6175, 30, 32, '2015-11-07 07:05:08'),
(6176, 26, 34, '2015-07-26 10:51:20'),
(6177, 22, 39, '2015-09-13 04:14:40'),
(6178, 30, 1, '2016-03-20 18:35:51'),
(6179, 26, 27, '2015-05-09 03:47:38'),
(6180, 24, 17, '2015-07-03 18:10:20'),
(6181, 25, 24, '2015-10-22 10:57:05'),
(6182, 22, 16, '2015-10-15 08:40:34'),
(6183, 24, 39, '2015-06-08 22:39:20'),
(6184, 28, 21, '2016-01-04 17:43:02'),
(6185, 27, 20, '2015-10-18 16:31:12'),
(6186, 21, 34, '2015-11-02 19:58:53'),
(6187, 29, 22, '2015-12-20 14:36:55'),
(6188, 29, 20, '2015-06-08 09:56:11'),
(6189, 28, 8, '2015-10-23 02:47:33'),
(6190, 26, 9, '2015-10-16 15:19:44'),
(6191, 23, 23, '2015-08-08 14:57:19'),
(6192, 29, 37, '2015-05-07 20:35:54'),
(6193, 28, 10, '2016-03-13 16:51:47'),
(6194, 24, 30, '2016-02-15 00:18:15'),
(6195, 23, 34, '2016-03-28 02:17:30'),
(6196, 23, 1, '2016-02-08 10:36:28'),
(6197, 29, 15, '2015-10-08 10:54:09'),
(6198, 22, 38, '2015-08-07 12:22:31'),
(6199, 22, 37, '2015-06-11 04:20:05'),
(6200, 30, 35, '2015-05-16 21:47:12'),
(6201, 23, 38, '2016-03-22 14:37:52'),
(6202, 27, 29, '2015-07-20 21:24:29'),
(6203, 23, 26, '2015-04-29 15:58:59'),
(6204, 22, 7, '2016-02-01 21:51:28'),
(6205, 27, 1, '2015-06-29 03:34:52'),
(6206, 29, 32, '2015-05-06 07:56:50'),
(6207, 25, 31, '2016-04-09 10:45:07'),
(6208, 23, 10, '2016-04-02 08:06:17'),
(6209, 25, 9, '2016-04-14 04:58:53'),
(6210, 28, 15, '2015-07-28 03:51:47'),
(6211, 23, 26, '2016-04-10 08:58:19'),
(6212, 26, 40, '2015-08-26 08:37:38'),
(6213, 24, 2, '2016-03-25 21:20:08'),
(6214, 24, 28, '2015-06-24 00:20:27'),
(6215, 28, 7, '2015-10-05 21:24:08'),
(6216, 28, 2, '2015-10-27 15:23:06'),
(6217, 27, 6, '2015-07-19 11:55:09'),
(6218, 27, 36, '2016-02-20 06:50:19'),
(6219, 30, 20, '2015-10-20 11:53:03'),
(6220, 29, 13, '2015-11-10 21:23:07'),
(6221, 29, 35, '2015-08-15 02:18:39'),
(6222, 26, 27, '2015-11-08 16:10:17'),
(6223, 28, 26, '2015-10-12 08:00:19'),
(6224, 23, 24, '2015-06-10 15:30:17'),
(6225, 30, 39, '2016-04-15 04:34:48'),
(6226, 22, 8, '2015-11-07 11:23:41'),
(6227, 26, 33, '2016-01-12 14:56:01'),
(6228, 21, 33, '2016-02-02 21:31:28'),
(6229, 26, 32, '2015-07-04 07:44:47'),
(6230, 30, 28, '2015-10-27 11:52:33'),
(6231, 27, 22, '2016-03-10 11:41:28'),
(6232, 26, 12, '2015-09-03 15:57:08'),
(6233, 23, 18, '2015-05-30 04:26:46'),
(6234, 30, 37, '2015-09-22 10:58:18'),
(6235, 26, 31, '2015-08-27 08:08:08'),
(6236, 29, 40, '2015-05-22 19:26:52'),
(6237, 23, 19, '2015-12-31 07:18:37'),
(6238, 27, 17, '2015-12-14 14:42:00'),
(6239, 26, 21, '2016-01-28 07:30:47'),
(6240, 27, 20, '2016-02-19 19:15:25'),
(6241, 27, 6, '2015-10-03 05:40:01'),
(6242, 23, 37, '2015-05-17 18:33:13'),
(6243, 28, 39, '2015-05-05 03:33:07'),
(6244, 21, 8, '2015-12-08 12:09:41'),
(6245, 28, 32, '2015-08-15 07:04:07'),
(6246, 29, 19, '2015-09-12 08:46:59'),
(6247, 25, 15, '2015-12-27 00:32:08'),
(6248, 24, 19, '2015-11-05 04:09:02'),
(6249, 23, 5, '2015-07-13 02:37:01'),
(6250, 24, 26, '2015-06-24 16:03:48'),
(6251, 21, 28, '2015-10-18 04:40:27'),
(6252, 28, 35, '2015-11-17 22:16:05'),
(6253, 28, 17, '2016-03-10 07:24:54'),
(6254, 29, 34, '2015-05-10 17:48:27'),
(6255, 28, 17, '2015-05-23 20:37:51'),
(6256, 28, 35, '2016-01-29 04:47:07'),
(6257, 25, 16, '2016-02-09 09:48:17'),
(6258, 23, 19, '2015-11-25 15:31:15'),
(6259, 25, 25, '2015-04-23 09:44:22'),
(6260, 28, 13, '2016-02-03 18:51:55'),
(6261, 28, 23, '2016-03-30 19:40:07'),
(6262, 28, 9, '2016-01-13 07:34:23'),
(6263, 29, 1, '2016-01-02 04:05:17'),
(6264, 24, 4, '2016-04-08 20:55:27'),
(6265, 24, 33, '2015-10-03 03:35:38'),
(6266, 21, 25, '2015-08-29 07:14:59'),
(6267, 29, 5, '2016-03-24 07:09:59'),
(6268, 26, 6, '2015-11-28 01:57:25'),
(6269, 27, 6, '2016-02-02 11:40:00'),
(6270, 27, 1, '2015-12-24 07:13:44'),
(6271, 22, 38, '2015-11-11 01:38:02'),
(6272, 23, 36, '2016-02-12 18:11:25'),
(6273, 29, 32, '2016-03-29 04:56:53'),
(6274, 28, 2, '2015-12-16 04:54:16'),
(6275, 30, 32, '2015-10-19 04:57:37'),
(6276, 24, 18, '2015-06-17 00:00:49'),
(6277, 26, 15, '2016-02-20 20:02:03'),
(6278, 26, 25, '2015-08-25 13:38:18'),
(6279, 25, 30, '2016-03-03 02:04:21'),
(6280, 23, 27, '2015-10-07 22:24:39'),
(6281, 30, 2, '2015-04-23 22:07:15'),
(6282, 25, 23, '2015-08-06 05:34:19'),
(6283, 25, 34, '2015-08-04 20:51:17'),
(6284, 30, 7, '2015-04-26 19:09:08'),
(6285, 28, 6, '2015-10-04 15:55:09'),
(6286, 24, 23, '2015-10-09 15:39:32'),
(6287, 22, 38, '2015-11-16 22:55:30'),
(6288, 22, 2, '2015-06-15 07:23:49'),
(6289, 30, 23, '2016-01-25 01:13:10'),
(6290, 24, 4, '2015-07-26 13:55:02'),
(6291, 29, 10, '2015-12-18 12:21:44'),
(6292, 24, 11, '2015-10-19 11:31:16'),
(6293, 24, 32, '2016-04-19 18:05:28'),
(6294, 25, 35, '2016-04-16 19:41:02'),
(6295, 21, 6, '2015-09-10 23:00:28'),
(6296, 22, 36, '2015-11-12 21:33:44'),
(6297, 28, 16, '2015-05-27 00:52:56'),
(6298, 23, 35, '2015-09-21 20:59:56'),
(6299, 29, 7, '2015-10-15 19:21:55'),
(6300, 28, 34, '2015-10-21 09:12:49'),
(6301, 22, 27, '2016-01-23 13:00:34'),
(6302, 30, 13, '2015-08-22 19:26:38'),
(6303, 21, 12, '2016-01-13 22:36:35'),
(6304, 24, 14, '2015-05-16 12:07:11'),
(6305, 28, 13, '2015-11-28 20:52:50'),
(6306, 23, 23, '2016-02-04 04:57:39'),
(6307, 23, 20, '2015-05-16 17:31:15'),
(6308, 28, 9, '2015-05-23 21:13:59'),
(6309, 22, 40, '2016-01-30 19:03:24'),
(6310, 27, 7, '2016-03-20 18:11:16'),
(6311, 23, 19, '2015-04-24 15:25:34'),
(6312, 27, 11, '2015-05-21 07:26:44'),
(6313, 28, 13, '2016-01-07 15:09:37'),
(6314, 23, 21, '2015-08-10 20:56:05'),
(6315, 28, 31, '2015-09-24 06:51:08'),
(6316, 21, 36, '2015-11-30 19:13:14'),
(6317, 26, 13, '2015-04-22 16:23:15'),
(6318, 27, 3, '2015-10-31 13:41:28'),
(6319, 21, 8, '2016-01-13 11:25:43'),
(6320, 29, 24, '2016-02-14 06:06:09'),
(6321, 30, 34, '2015-05-10 23:11:10'),
(6322, 24, 34, '2016-03-22 04:54:58'),
(6323, 26, 30, '2016-04-10 14:15:32'),
(6324, 27, 27, '2015-10-03 13:57:13'),
(6325, 30, 26, '2015-08-21 08:27:08'),
(6326, 30, 25, '2015-10-28 19:42:41'),
(6327, 22, 2, '2015-09-22 22:03:25'),
(6328, 26, 40, '2016-01-26 08:22:05'),
(6329, 29, 15, '2015-12-13 23:54:15'),
(6330, 29, 29, '2015-10-10 07:28:30'),
(6331, 22, 36, '2015-09-03 21:29:11'),
(6332, 23, 10, '2016-01-04 15:52:52'),
(6333, 23, 2, '2015-12-20 21:13:49'),
(6334, 27, 31, '2015-12-15 20:31:33'),
(6335, 27, 7, '2015-05-14 01:02:34'),
(6336, 22, 12, '2015-12-11 18:46:21'),
(6337, 24, 39, '2015-10-26 15:11:36'),
(6338, 27, 21, '2016-04-08 23:35:30'),
(6339, 21, 8, '2016-02-29 13:36:36'),
(6340, 22, 31, '2016-03-21 11:51:28'),
(6341, 26, 21, '2016-04-14 19:16:43'),
(6342, 25, 2, '2015-09-07 22:18:36'),
(6343, 27, 25, '2015-08-03 10:44:30'),
(6344, 26, 22, '2015-08-09 14:36:20'),
(6345, 26, 34, '2016-04-03 01:11:09'),
(6346, 28, 9, '2015-10-14 05:54:25'),
(6347, 27, 33, '2015-07-29 21:40:17'),
(6348, 29, 8, '2015-08-07 20:55:12'),
(6349, 28, 15, '2015-12-07 16:03:32'),
(6350, 28, 32, '2015-05-04 06:37:03'),
(6351, 28, 30, '2016-03-20 09:27:17'),
(6352, 24, 3, '2016-01-09 22:01:04'),
(6353, 21, 12, '2015-09-08 17:46:30'),
(6354, 27, 26, '2015-11-04 16:06:51'),
(6355, 28, 35, '2015-10-12 13:48:20'),
(6356, 21, 3, '2015-06-27 00:09:09'),
(6357, 30, 37, '2016-03-12 15:57:32'),
(6358, 22, 32, '2016-04-11 10:11:18'),
(6359, 30, 17, '2015-11-17 03:03:39'),
(6360, 28, 35, '2015-08-27 04:27:11'),
(6361, 23, 12, '2016-02-09 01:59:32'),
(6362, 24, 27, '2015-11-09 07:46:43'),
(6363, 22, 5, '2015-07-03 19:30:43'),
(6364, 21, 2, '2015-12-29 00:28:44'),
(6365, 22, 18, '2016-04-09 19:56:41'),
(6366, 22, 38, '2016-02-17 11:35:31'),
(6367, 28, 9, '2015-12-10 08:57:20'),
(6368, 25, 30, '2015-09-10 17:47:25'),
(6369, 28, 15, '2016-03-25 17:55:01'),
(6370, 28, 34, '2015-11-07 11:23:19'),
(6371, 23, 8, '2015-12-18 18:37:51'),
(6372, 23, 19, '2015-07-19 23:53:10'),
(6373, 22, 22, '2015-05-19 02:34:25'),
(6374, 25, 2, '2015-10-14 22:56:46'),
(6375, 30, 8, '2016-01-24 14:04:54'),
(6376, 28, 33, '2015-12-07 03:48:06'),
(6377, 26, 17, '2015-05-19 15:52:37'),
(6378, 23, 9, '2015-05-12 14:12:23'),
(6379, 21, 34, '2015-05-11 06:13:09'),
(6380, 23, 25, '2015-08-30 14:47:29'),
(6381, 26, 1, '2016-02-26 10:11:19'),
(6382, 29, 36, '2016-02-29 08:00:14'),
(6383, 25, 40, '2015-08-09 04:12:44'),
(6384, 23, 10, '2015-08-19 00:24:41'),
(6385, 29, 31, '2015-12-15 10:03:12'),
(6386, 22, 17, '2015-07-28 23:25:20'),
(6387, 29, 4, '2015-07-12 17:12:11'),
(6388, 29, 28, '2015-06-04 23:40:33'),
(6389, 30, 16, '2015-10-29 00:28:06'),
(6390, 23, 26, '2016-03-09 18:51:13'),
(6391, 23, 19, '2015-11-14 21:43:32'),
(6392, 27, 39, '2016-02-10 09:00:48'),
(6393, 28, 4, '2015-05-11 22:59:55'),
(6394, 22, 26, '2015-12-18 06:01:24'),
(6395, 28, 16, '2015-05-14 23:21:31'),
(6396, 24, 19, '2015-11-12 03:46:51'),
(6397, 23, 17, '2016-02-17 08:23:01'),
(6398, 27, 20, '2015-12-17 15:45:25'),
(6399, 27, 10, '2015-11-22 09:56:38'),
(6400, 28, 35, '2015-11-10 23:15:56'),
(6401, 30, 17, '2016-01-16 14:42:36'),
(6402, 30, 32, '2015-11-23 17:45:53'),
(6403, 30, 16, '2016-02-02 11:32:11'),
(6404, 22, 30, '2015-11-12 03:57:24'),
(6405, 29, 28, '2015-05-30 16:46:03'),
(6406, 21, 34, '2016-04-10 11:41:36'),
(6407, 29, 18, '2015-11-16 01:01:22'),
(6408, 28, 11, '2015-10-23 09:57:48'),
(6409, 28, 7, '2015-10-17 14:19:16'),
(6410, 25, 29, '2015-09-23 16:52:08'),
(6411, 25, 6, '2015-05-07 13:42:30'),
(6412, 23, 17, '2015-11-01 18:07:12'),
(6413, 30, 35, '2016-01-15 18:23:49'),
(6414, 29, 7, '2015-10-22 22:53:07'),
(6415, 29, 1, '2015-08-03 19:07:01'),
(6416, 27, 37, '2015-11-21 05:15:17'),
(6417, 25, 5, '2015-12-30 00:39:51'),
(6418, 28, 17, '2016-02-04 22:26:50'),
(6419, 24, 21, '2016-03-16 05:11:44'),
(6420, 30, 13, '2015-12-15 07:19:23'),
(6421, 28, 33, '2016-04-01 02:28:01'),
(6422, 29, 11, '2015-10-22 02:10:48'),
(6423, 21, 34, '2016-01-26 10:41:28'),
(6424, 29, 20, '2015-05-06 23:22:31'),
(6425, 30, 9, '2015-08-02 23:32:27'),
(6426, 28, 16, '2015-06-03 05:38:19'),
(6427, 21, 2, '2015-05-30 17:27:52'),
(6428, 22, 14, '2015-11-26 07:32:22'),
(6429, 22, 4, '2015-07-24 00:23:06'),
(6430, 25, 15, '2015-07-31 07:43:34'),
(6431, 25, 34, '2015-09-08 05:10:57'),
(6432, 28, 34, '2015-11-06 01:32:39'),
(6433, 25, 7, '2015-09-13 23:07:07'),
(6434, 22, 21, '2016-02-09 20:29:54'),
(6435, 29, 40, '2015-06-27 22:37:34'),
(6436, 28, 7, '2016-03-31 17:13:44'),
(6437, 27, 7, '2015-04-26 21:04:48'),
(6438, 24, 6, '2015-09-17 17:36:07'),
(6439, 25, 33, '2015-06-14 13:05:09'),
(6440, 25, 23, '2015-06-08 21:57:04'),
(6441, 24, 30, '2015-11-19 23:05:56'),
(6442, 23, 17, '2015-08-05 23:09:41'),
(6443, 23, 31, '2015-12-01 16:35:53'),
(6444, 27, 40, '2015-05-22 21:12:33'),
(6445, 29, 24, '2015-08-30 01:47:13'),
(6446, 24, 14, '2016-01-10 08:20:00'),
(6447, 22, 21, '2016-03-26 05:53:29'),
(6448, 22, 3, '2016-01-27 05:31:33'),
(6449, 23, 5, '2015-07-23 17:18:10'),
(6450, 28, 36, '2016-03-15 13:30:45'),
(6451, 27, 39, '2016-01-13 22:15:19'),
(6452, 28, 23, '2015-05-21 00:09:37'),
(6453, 25, 28, '2015-07-16 23:36:14'),
(6454, 27, 29, '2015-11-17 20:45:26'),
(6455, 25, 27, '2015-10-09 22:16:06'),
(6456, 21, 4, '2015-12-15 15:59:42'),
(6457, 29, 16, '2016-01-20 18:12:01'),
(6458, 30, 34, '2015-11-11 06:35:38'),
(6459, 26, 36, '2016-01-18 07:19:33'),
(6460, 27, 34, '2015-12-10 05:17:16'),
(6461, 24, 12, '2015-09-03 05:49:41'),
(6462, 21, 34, '2015-12-21 16:40:19'),
(6463, 22, 34, '2015-06-29 09:09:40'),
(6464, 28, 19, '2016-01-24 14:52:54'),
(6465, 28, 2, '2015-07-08 10:14:53'),
(6466, 21, 21, '2015-10-26 09:32:56'),
(6467, 30, 38, '2015-09-22 08:16:04'),
(6468, 21, 2, '2015-09-04 06:27:47'),
(6469, 29, 4, '2015-12-26 13:37:04'),
(6470, 24, 28, '2016-01-29 05:18:59'),
(6471, 23, 7, '2015-12-01 15:05:15'),
(6472, 27, 13, '2016-01-22 11:04:18'),
(6473, 25, 8, '2015-10-15 02:22:16'),
(6474, 28, 4, '2015-12-29 01:39:51'),
(6475, 23, 14, '2016-01-24 10:33:36'),
(6476, 25, 19, '2015-12-16 15:08:13'),
(6477, 26, 34, '2015-09-06 22:19:49'),
(6478, 30, 37, '2016-03-22 01:08:26'),
(6479, 22, 20, '2015-09-16 03:17:20'),
(6480, 27, 36, '2015-07-07 09:38:20'),
(6481, 21, 6, '2015-10-04 02:37:35'),
(6482, 29, 3, '2016-04-16 11:00:16'),
(6483, 27, 18, '2015-10-05 04:35:52'),
(6484, 26, 24, '2016-02-10 06:47:56'),
(6485, 30, 32, '2015-12-06 00:37:41'),
(6486, 23, 26, '2016-01-03 14:28:16'),
(6487, 30, 21, '2015-12-08 16:28:59'),
(6488, 28, 18, '2016-02-10 21:48:11'),
(6489, 26, 9, '2015-10-31 12:59:32'),
(6490, 21, 34, '2015-08-10 09:00:20'),
(6491, 25, 37, '2015-07-15 17:48:01'),
(6492, 24, 24, '2015-05-04 20:37:10'),
(6493, 23, 33, '2016-03-27 09:24:38'),
(6494, 27, 35, '2015-06-17 08:29:28'),
(6495, 21, 14, '2015-12-08 12:39:26'),
(6496, 30, 34, '2016-03-22 12:01:44'),
(6497, 25, 14, '2015-09-07 17:51:55'),
(6498, 23, 36, '2016-01-13 09:41:38'),
(6499, 25, 28, '2015-09-13 05:34:04'),
(6500, 25, 11, '2015-07-14 12:57:08'),
(6501, 26, 15, '2015-10-14 19:24:19'),
(6502, 23, 18, '2016-02-19 13:00:01'),
(6503, 23, 11, '2015-05-07 23:55:37'),
(6504, 21, 25, '2015-07-14 08:57:36'),
(6505, 25, 36, '2015-06-23 01:57:26'),
(6506, 29, 2, '2015-10-15 17:24:54'),
(6507, 23, 33, '2016-02-11 23:24:25'),
(6508, 30, 16, '2015-08-09 12:40:46'),
(6509, 23, 36, '2015-08-26 02:06:07'),
(6510, 27, 29, '2016-03-23 12:39:07'),
(6511, 21, 37, '2016-02-06 02:42:00'),
(6512, 25, 18, '2016-03-11 15:18:07'),
(6513, 28, 37, '2015-12-15 03:33:57'),
(6514, 30, 37, '2015-08-18 22:25:55'),
(6515, 29, 7, '2015-08-21 23:45:49'),
(6516, 28, 33, '2016-02-13 17:43:10'),
(6517, 22, 2, '2015-08-14 05:38:03'),
(6518, 22, 31, '2015-11-04 09:24:56'),
(6519, 23, 7, '2015-04-24 21:06:51'),
(6520, 27, 31, '2015-11-14 07:44:49'),
(6521, 23, 25, '2015-04-21 09:19:37'),
(6522, 25, 14, '2016-02-20 07:39:06'),
(6523, 28, 36, '2016-01-18 11:24:37'),
(6524, 30, 12, '2015-07-21 17:01:46'),
(6525, 22, 14, '2015-09-26 17:14:48'),
(6526, 24, 24, '2015-10-31 18:07:26'),
(6527, 24, 32, '2015-10-15 21:57:15'),
(6528, 28, 11, '2016-04-12 08:56:56'),
(6529, 21, 11, '2016-01-31 21:04:35'),
(6530, 26, 5, '2015-05-09 05:53:06'),
(6531, 28, 23, '2015-08-16 08:41:07'),
(6532, 22, 24, '2016-02-24 12:11:13'),
(6533, 21, 30, '2016-01-08 02:26:45'),
(6534, 26, 35, '2015-06-10 14:34:47'),
(6535, 30, 3, '2015-07-03 01:24:36'),
(6536, 21, 3, '2016-03-05 08:19:22'),
(6537, 25, 37, '2015-05-19 12:44:53'),
(6538, 30, 24, '2016-01-01 11:34:31'),
(6539, 27, 10, '2015-11-10 17:48:06'),
(6540, 24, 34, '2015-11-15 10:31:36'),
(6541, 23, 19, '2015-07-01 11:49:27'),
(6542, 24, 30, '2015-11-15 20:21:32'),
(6543, 28, 14, '2015-07-21 21:50:57'),
(6544, 25, 16, '2015-06-20 15:50:44'),
(6545, 29, 3, '2015-08-08 19:43:58'),
(6546, 22, 8, '2016-04-01 20:12:20'),
(6547, 27, 22, '2015-11-14 20:45:29'),
(6548, 28, 11, '2015-09-21 02:03:13'),
(6549, 21, 1, '2015-10-23 20:19:25'),
(6550, 25, 20, '2015-08-10 10:34:17'),
(6551, 25, 3, '2015-11-08 02:31:39'),
(6552, 29, 16, '2015-09-26 00:59:58'),
(6553, 28, 1, '2016-02-10 20:22:48'),
(6554, 22, 31, '2015-09-21 12:28:52'),
(6555, 25, 5, '2015-06-26 03:59:41'),
(6556, 24, 24, '2015-05-07 01:56:41'),
(6557, 21, 16, '2015-10-31 01:23:43'),
(6558, 26, 21, '2015-06-25 04:15:01'),
(6559, 26, 6, '2015-07-09 03:59:59'),
(6560, 25, 38, '2015-08-07 17:19:49'),
(6561, 25, 3, '2016-03-24 11:34:38'),
(6562, 28, 16, '2015-09-08 07:10:00'),
(6563, 22, 6, '2015-07-06 04:23:14'),
(6564, 30, 31, '2015-07-20 03:29:27'),
(6565, 30, 11, '2015-09-19 17:41:54'),
(6566, 24, 3, '2015-09-18 22:10:37'),
(6567, 25, 3, '2015-08-15 05:37:12'),
(6568, 25, 17, '2015-11-24 21:29:19'),
(6569, 22, 8, '2015-09-22 03:07:26'),
(6570, 27, 38, '2015-09-04 21:42:23'),
(6571, 23, 26, '2015-06-22 03:33:56'),
(6572, 30, 26, '2016-02-27 13:56:50'),
(6573, 22, 2, '2015-09-14 03:42:25'),
(6574, 30, 26, '2016-03-13 21:52:52'),
(6575, 25, 7, '2015-11-12 03:04:20'),
(6576, 29, 16, '2015-09-22 18:54:45'),
(6577, 22, 10, '2015-07-22 09:07:12'),
(6578, 22, 6, '2015-04-27 20:39:12'),
(6579, 30, 16, '2015-10-13 22:25:37'),
(6580, 22, 11, '2016-04-15 15:32:46'),
(6581, 23, 9, '2015-07-08 08:46:10'),
(6582, 26, 9, '2015-11-01 21:33:09'),
(6583, 25, 2, '2015-06-03 06:47:58'),
(6584, 23, 4, '2015-10-13 03:11:29'),
(6585, 21, 20, '2016-04-03 06:51:22'),
(6586, 26, 14, '2016-04-09 03:31:09'),
(6587, 28, 38, '2015-10-31 06:28:29'),
(6588, 26, 20, '2016-04-17 10:19:45'),
(6589, 26, 12, '2015-08-13 07:25:01'),
(6590, 22, 4, '2015-08-24 17:57:12'),
(6591, 27, 4, '2016-01-27 07:54:51'),
(6592, 27, 38, '2015-07-31 06:48:21'),
(6593, 21, 31, '2015-10-18 20:00:02'),
(6594, 27, 33, '2016-02-03 17:40:02'),
(6595, 24, 10, '2016-04-08 03:30:27'),
(6596, 28, 32, '2015-08-17 00:52:21'),
(6597, 30, 12, '2015-09-26 08:43:24'),
(6598, 22, 32, '2015-06-18 01:07:57'),
(6599, 22, 13, '2016-02-14 02:33:00'),
(6600, 23, 22, '2016-03-08 13:44:51'),
(6601, 30, 15, '2015-11-23 05:33:48'),
(6602, 29, 22, '2016-03-20 08:52:05'),
(6603, 30, 10, '2016-02-04 01:06:30'),
(6604, 21, 27, '2016-01-06 07:09:11'),
(6605, 30, 17, '2015-11-11 02:37:24'),
(6606, 30, 29, '2016-01-01 13:46:59'),
(6607, 27, 30, '2015-11-27 14:53:30'),
(6608, 23, 7, '2015-12-25 08:58:22'),
(6609, 27, 18, '2015-10-07 20:46:59'),
(6610, 28, 1, '2015-09-04 03:28:47'),
(6611, 21, 33, '2015-11-12 02:23:51'),
(6612, 29, 12, '2016-03-19 12:18:49'),
(6613, 22, 19, '2015-05-12 07:33:37'),
(6614, 27, 30, '2016-04-18 06:58:25'),
(6615, 22, 26, '2016-03-22 13:49:36'),
(6616, 28, 36, '2015-06-12 01:49:29'),
(6617, 27, 37, '2016-01-22 06:12:45'),
(6618, 29, 33, '2015-10-31 07:58:06'),
(6619, 23, 13, '2015-08-26 03:07:00'),
(6620, 28, 4, '2016-01-13 06:08:34'),
(6621, 23, 20, '2016-03-14 05:09:34'),
(6622, 26, 19, '2015-10-11 07:07:52'),
(6623, 26, 26, '2016-02-02 21:04:06'),
(6624, 27, 31, '2015-10-07 18:19:01'),
(6625, 25, 29, '2016-04-17 21:19:59'),
(6626, 22, 31, '2015-05-19 14:33:29'),
(6627, 26, 14, '2015-09-30 20:16:00'),
(6628, 23, 2, '2015-09-17 00:42:05'),
(6629, 28, 17, '2016-01-17 14:46:41'),
(6630, 26, 30, '2015-10-23 13:34:42'),
(6631, 21, 25, '2015-10-31 16:04:45'),
(6632, 24, 4, '2015-12-31 10:05:24'),
(6633, 28, 15, '2015-06-11 14:08:00'),
(6634, 22, 25, '2016-01-24 15:00:07'),
(6635, 26, 27, '2015-09-12 05:06:09'),
(6636, 29, 31, '2015-11-13 10:46:21'),
(6637, 30, 4, '2016-03-16 10:42:29'),
(6638, 28, 8, '2015-06-19 09:34:31'),
(6639, 24, 23, '2015-04-26 02:44:30'),
(6640, 25, 27, '2015-04-21 13:11:18'),
(6641, 27, 11, '2015-06-17 08:09:47'),
(6642, 23, 32, '2015-08-12 06:49:56'),
(6643, 25, 33, '2015-09-04 00:12:19'),
(6644, 26, 19, '2015-11-14 04:54:34'),
(6645, 29, 7, '2016-02-08 00:42:02'),
(6646, 25, 28, '2015-05-14 17:16:11'),
(6647, 28, 1, '2015-09-04 19:15:33'),
(6648, 30, 32, '2015-08-14 07:48:05'),
(6649, 24, 30, '2015-07-25 04:47:58'),
(6650, 23, 24, '2015-08-18 01:09:53'),
(6651, 22, 15, '2016-02-18 18:18:35'),
(6652, 24, 19, '2016-03-09 11:38:25'),
(6653, 22, 6, '2016-02-15 05:26:54'),
(6654, 21, 37, '2016-02-03 22:09:51'),
(6655, 28, 25, '2015-12-15 15:25:43'),
(6656, 30, 39, '2016-02-07 05:44:12'),
(6657, 27, 22, '2015-06-29 09:03:11'),
(6658, 26, 27, '2016-01-01 02:27:37'),
(6659, 25, 19, '2015-10-17 09:54:13'),
(6660, 23, 19, '2016-03-10 03:41:02'),
(6661, 27, 23, '2015-05-11 05:02:14'),
(6662, 24, 18, '2016-04-07 19:24:32'),
(6663, 22, 24, '2016-01-04 17:54:01'),
(6664, 21, 39, '2015-09-28 03:55:36'),
(6665, 30, 26, '2015-05-10 03:08:38'),
(6666, 25, 1, '2015-08-23 17:40:19'),
(6667, 27, 20, '2015-09-03 15:09:20'),
(6668, 22, 21, '2015-09-07 03:31:55'),
(6669, 21, 30, '2015-12-21 14:31:16'),
(6670, 25, 15, '2015-09-17 15:40:38'),
(6671, 22, 35, '2015-11-06 09:42:14'),
(6672, 26, 17, '2016-02-11 14:42:05'),
(6673, 22, 26, '2016-01-23 18:03:12'),
(6674, 27, 39, '2016-03-29 23:02:40'),
(6675, 26, 4, '2015-10-18 04:59:20'),
(6676, 28, 15, '2015-11-11 04:01:56'),
(6677, 24, 16, '2015-08-11 21:38:45'),
(6678, 28, 3, '2015-10-21 10:10:52'),
(6679, 27, 32, '2016-01-27 22:09:58'),
(6680, 28, 38, '2015-12-03 09:28:07'),
(6681, 26, 12, '2016-03-09 22:07:58'),
(6682, 23, 19, '2016-02-06 10:43:20'),
(6683, 25, 29, '2016-03-28 17:33:05'),
(6684, 25, 22, '2015-08-01 00:39:59'),
(6685, 24, 37, '2015-11-07 12:11:37'),
(6686, 25, 30, '2015-10-28 14:15:48'),
(6687, 30, 12, '2015-10-04 11:51:57'),
(6688, 24, 35, '2016-01-05 20:22:01'),
(6689, 27, 9, '2015-06-16 12:41:16'),
(6690, 25, 22, '2015-10-15 19:33:08'),
(6691, 23, 10, '2015-09-13 05:26:59'),
(6692, 27, 30, '2016-03-23 23:53:31'),
(6693, 21, 4, '2015-08-03 07:55:33'),
(6694, 26, 5, '2015-10-21 08:38:29'),
(6695, 26, 33, '2015-07-13 10:25:37'),
(6696, 29, 34, '2015-12-08 06:31:09'),
(6697, 26, 23, '2015-06-01 13:53:04'),
(6698, 26, 35, '2015-11-30 07:16:48'),
(6699, 29, 29, '2015-09-07 17:48:32'),
(6700, 29, 26, '2016-04-03 21:38:27'),
(6701, 24, 2, '2015-05-13 23:35:03'),
(6702, 27, 39, '2015-05-19 20:55:54'),
(6703, 29, 14, '2016-03-08 11:46:51'),
(6704, 21, 26, '2016-02-28 13:14:32'),
(6705, 25, 25, '2015-05-25 00:40:46'),
(6706, 27, 12, '2016-01-20 15:09:44'),
(6707, 28, 33, '2016-02-09 05:22:44'),
(6708, 29, 25, '2015-12-19 08:58:51'),
(6709, 22, 15, '2015-08-13 10:53:17'),
(6710, 23, 11, '2015-08-08 22:42:42'),
(6711, 28, 20, '2015-10-24 18:55:17'),
(6712, 30, 11, '2015-08-31 13:30:54'),
(6713, 28, 10, '2015-05-19 00:10:37'),
(6714, 29, 6, '2016-02-04 12:41:25'),
(6715, 23, 8, '2015-04-28 05:57:34'),
(6716, 22, 23, '2015-06-07 05:41:56'),
(6717, 24, 4, '2015-07-30 04:48:07'),
(6718, 30, 27, '2015-07-08 17:48:47'),
(6719, 25, 1, '2015-11-29 16:12:30'),
(6720, 26, 19, '2015-06-26 13:01:13'),
(6721, 23, 25, '2015-09-11 08:34:12'),
(6722, 23, 10, '2015-12-24 04:14:38'),
(6723, 24, 25, '2016-02-23 14:15:32'),
(6724, 25, 39, '2016-01-01 01:15:02'),
(6725, 22, 34, '2015-05-28 06:37:22'),
(6726, 27, 35, '2015-06-13 15:44:04'),
(6727, 29, 12, '2016-01-09 17:47:13'),
(6728, 29, 34, '2016-03-10 12:19:15'),
(6729, 30, 14, '2015-06-06 08:35:54'),
(6730, 25, 3, '2016-02-05 03:55:08'),
(6731, 23, 32, '2015-11-22 17:23:58'),
(6732, 28, 14, '2016-03-03 18:31:07'),
(6733, 21, 10, '2015-09-19 02:45:21'),
(6734, 21, 23, '2016-04-05 11:33:17'),
(6735, 29, 16, '2015-05-21 22:29:38'),
(6736, 29, 14, '2015-08-25 00:43:56'),
(6737, 23, 39, '2015-11-02 02:55:19'),
(6738, 30, 9, '2016-03-19 15:32:42'),
(6739, 21, 1, '2015-11-29 05:28:42'),
(6740, 25, 4, '2015-10-21 00:46:44'),
(6741, 21, 39, '2015-04-28 18:41:48'),
(6742, 21, 17, '2015-08-06 20:04:31'),
(6743, 27, 32, '2016-04-06 17:42:49'),
(6744, 21, 21, '2015-06-16 06:10:50'),
(6745, 21, 8, '2015-06-28 07:09:40'),
(6746, 27, 24, '2016-01-16 13:24:28'),
(6747, 29, 15, '2015-04-22 08:23:04'),
(6748, 28, 35, '2016-03-09 18:28:10'),
(6749, 21, 31, '2016-02-27 04:11:39'),
(6750, 26, 23, '2015-05-22 21:27:43'),
(6751, 25, 23, '2015-08-26 18:32:13'),
(6752, 26, 2, '2015-10-09 06:20:19'),
(6753, 23, 26, '2015-07-24 18:37:38'),
(6754, 23, 7, '2016-03-14 04:32:48'),
(6755, 22, 4, '2016-02-21 15:56:34'),
(6756, 29, 7, '2015-10-26 14:08:06'),
(6757, 27, 39, '2016-01-22 06:38:33'),
(6758, 28, 32, '2016-03-03 07:21:41'),
(6759, 24, 35, '2016-02-12 15:06:22'),
(6760, 21, 5, '2015-09-23 13:00:30'),
(6761, 24, 20, '2015-05-21 14:02:23'),
(6762, 22, 38, '2015-11-02 21:19:04'),
(6763, 22, 10, '2016-04-02 18:12:42'),
(6764, 25, 13, '2015-10-22 20:38:51'),
(6765, 26, 28, '2016-01-20 20:16:24'),
(6766, 22, 32, '2016-01-30 12:54:53'),
(6767, 29, 11, '2016-02-19 21:23:21'),
(6768, 25, 34, '2015-07-26 07:35:07'),
(6769, 22, 13, '2015-11-24 12:00:05'),
(6770, 28, 27, '2016-04-10 02:16:11'),
(6771, 29, 7, '2015-11-16 10:57:57'),
(6772, 26, 36, '2015-05-09 18:49:21'),
(6773, 21, 6, '2015-05-19 22:19:04'),
(6774, 26, 8, '2015-06-30 20:32:19'),
(6775, 26, 33, '2015-05-03 10:28:00'),
(6776, 28, 9, '2015-12-31 06:47:19'),
(6777, 21, 14, '2015-09-07 12:08:57'),
(6778, 28, 20, '2016-04-06 16:08:28'),
(6779, 23, 25, '2016-04-03 20:28:09'),
(6780, 23, 39, '2015-12-13 23:27:43'),
(6781, 29, 37, '2016-04-04 11:52:21'),
(6782, 25, 28, '2015-12-19 04:23:22'),
(6783, 27, 23, '2015-06-19 11:00:55'),
(6784, 21, 32, '2015-07-16 01:38:13'),
(6785, 28, 35, '2015-04-23 18:11:22'),
(6786, 26, 5, '2015-06-28 14:41:43'),
(6787, 21, 40, '2016-04-11 01:14:50'),
(6788, 26, 27, '2015-11-16 16:14:48'),
(6789, 25, 37, '2015-11-14 14:24:10'),
(6790, 23, 13, '2016-01-16 19:54:28'),
(6791, 30, 34, '2016-03-08 17:03:51'),
(6792, 22, 31, '2016-04-15 14:39:11'),
(6793, 24, 6, '2015-07-02 20:04:09'),
(6794, 21, 13, '2015-11-20 20:44:25'),
(6795, 29, 4, '2016-04-13 18:34:41'),
(6796, 27, 33, '2015-09-29 14:32:51'),
(6797, 27, 18, '2015-08-29 03:10:11'),
(6798, 28, 22, '2015-07-27 06:14:56'),
(6799, 23, 27, '2016-02-19 14:59:03'),
(6800, 30, 3, '2015-08-22 13:46:52'),
(6801, 23, 13, '2016-02-11 20:19:51'),
(6802, 22, 24, '2015-07-25 06:59:25'),
(6803, 23, 22, '2016-04-17 02:01:24'),
(6804, 23, 39, '2015-12-19 03:43:38'),
(6805, 22, 33, '2015-10-23 14:55:22'),
(6806, 29, 1, '2015-09-09 12:07:42'),
(6807, 26, 19, '2016-01-31 03:12:02'),
(6808, 21, 40, '2015-06-04 15:30:25'),
(6809, 26, 28, '2015-09-27 22:36:56'),
(6810, 22, 32, '2015-06-30 19:26:46'),
(6811, 21, 16, '2015-06-02 11:26:35'),
(6812, 26, 9, '2015-09-09 12:24:42'),
(6813, 29, 9, '2016-02-28 19:04:16'),
(6814, 21, 35, '2015-09-02 01:28:53'),
(6815, 28, 29, '2015-08-13 12:20:04');
INSERT INTO `mytable` (`id`, `user_id`, `feed_id`, `date_added`) VALUES
(6816, 27, 38, '2015-12-10 02:58:13'),
(6817, 28, 17, '2015-11-28 22:59:14'),
(6818, 28, 8, '2015-11-14 05:53:51'),
(6819, 27, 26, '2015-09-20 09:37:56'),
(6820, 26, 15, '2015-06-21 07:40:23'),
(6821, 27, 34, '2016-03-06 23:50:30'),
(6822, 22, 23, '2016-03-30 10:32:42'),
(6823, 25, 1, '2015-12-20 18:22:48'),
(6824, 26, 20, '2016-02-21 12:22:52'),
(6825, 26, 6, '2015-05-05 14:11:18'),
(6826, 23, 17, '2016-02-28 14:52:16'),
(6827, 25, 36, '2016-01-06 01:07:08'),
(6828, 27, 34, '2015-11-30 14:14:41'),
(6829, 28, 31, '2016-01-09 07:01:18'),
(6830, 23, 34, '2015-12-25 04:00:57'),
(6831, 28, 20, '2015-05-06 15:08:17'),
(6832, 26, 7, '2016-04-10 05:57:50'),
(6833, 22, 26, '2016-02-27 00:16:48'),
(6834, 28, 14, '2016-03-17 21:33:13'),
(6835, 22, 11, '2016-04-16 02:50:59'),
(6836, 21, 25, '2015-12-01 16:26:31'),
(6837, 23, 33, '2015-06-23 12:43:16'),
(6838, 24, 5, '2016-04-09 10:55:49'),
(6839, 22, 5, '2015-09-23 10:12:45'),
(6840, 23, 39, '2015-05-30 17:29:18'),
(6841, 28, 30, '2016-01-18 02:49:27'),
(6842, 21, 18, '2016-03-24 12:37:57'),
(6843, 25, 15, '2015-08-10 17:27:22'),
(6844, 28, 20, '2016-02-06 08:07:44'),
(6845, 25, 35, '2015-09-24 08:08:11'),
(6846, 21, 29, '2016-03-20 19:13:39'),
(6847, 27, 36, '2016-01-29 15:45:46'),
(6848, 25, 34, '2015-05-29 11:52:33'),
(6849, 28, 26, '2015-12-07 21:55:01'),
(6850, 25, 32, '2015-06-28 17:26:50'),
(6851, 26, 23, '2015-09-07 05:34:39'),
(6852, 28, 25, '2016-02-18 17:20:57'),
(6853, 30, 11, '2015-09-01 18:11:17'),
(6854, 22, 8, '2016-03-08 03:34:58'),
(6855, 27, 31, '2015-09-28 08:07:26'),
(6856, 29, 29, '2015-07-06 17:14:19'),
(6857, 25, 5, '2015-06-13 01:28:10'),
(6858, 26, 34, '2015-08-19 07:45:26'),
(6859, 27, 7, '2016-01-17 04:15:40'),
(6860, 27, 4, '2016-03-30 05:33:04'),
(6861, 24, 21, '2015-09-02 19:28:48'),
(6862, 30, 13, '2015-09-29 10:51:53'),
(6863, 29, 23, '2016-01-01 15:45:57'),
(6864, 27, 15, '2015-07-20 17:36:40'),
(6865, 30, 24, '2015-05-25 16:56:03'),
(6866, 25, 39, '2016-04-16 19:11:51'),
(6867, 23, 14, '2015-06-01 02:46:17'),
(6868, 26, 15, '2016-03-22 13:28:38'),
(6869, 23, 2, '2016-01-19 21:22:19'),
(6870, 25, 39, '2016-02-07 08:41:36'),
(6871, 21, 26, '2015-11-03 09:04:18'),
(6872, 28, 13, '2015-07-29 10:21:50'),
(6873, 27, 32, '2015-08-28 22:44:07'),
(6874, 25, 15, '2015-12-12 04:00:33'),
(6875, 30, 14, '2015-11-25 00:04:06'),
(6876, 25, 27, '2015-06-19 11:23:44'),
(6877, 30, 21, '2015-12-21 09:35:47'),
(6878, 25, 27, '2015-09-28 20:20:12'),
(6879, 29, 12, '2015-08-12 20:10:37'),
(6880, 21, 3, '2016-01-18 01:59:11'),
(6881, 29, 13, '2015-09-04 12:32:53'),
(6882, 22, 36, '2015-10-03 12:07:50'),
(6883, 26, 12, '2015-07-20 00:21:39'),
(6884, 24, 33, '2016-04-19 03:43:18'),
(6885, 22, 20, '2015-05-30 13:06:52'),
(6886, 29, 31, '2016-01-19 06:10:52'),
(6887, 23, 21, '2016-02-03 14:35:29'),
(6888, 21, 40, '2015-08-31 19:08:18'),
(6889, 21, 4, '2016-03-10 08:52:43'),
(6890, 21, 39, '2015-11-04 19:26:45'),
(6891, 22, 2, '2015-09-28 23:19:28'),
(6892, 23, 21, '2015-09-29 17:09:18'),
(6893, 26, 16, '2015-05-17 04:17:13'),
(6894, 21, 32, '2016-03-14 23:36:03'),
(6895, 30, 34, '2016-02-17 07:36:26'),
(6896, 27, 28, '2015-10-16 01:52:58'),
(6897, 27, 5, '2015-04-23 10:19:23'),
(6898, 25, 20, '2015-11-29 03:20:34'),
(6899, 27, 26, '2015-05-15 10:55:30'),
(6900, 24, 7, '2016-03-29 19:23:53'),
(6901, 25, 23, '2015-05-06 00:12:41'),
(6902, 25, 2, '2015-09-19 18:15:14'),
(6903, 26, 23, '2015-09-16 13:58:47'),
(6904, 27, 10, '2015-06-26 10:35:05'),
(6905, 25, 15, '2015-12-30 04:49:41'),
(6906, 22, 1, '2016-03-27 18:18:13'),
(6907, 30, 32, '2016-02-07 23:55:48'),
(6908, 26, 31, '2015-12-12 13:46:41'),
(6909, 30, 10, '2015-07-24 10:28:08'),
(6910, 29, 13, '2015-05-02 00:01:11'),
(6911, 28, 31, '2015-07-06 00:32:44'),
(6912, 21, 15, '2016-01-25 16:39:54'),
(6913, 27, 38, '2015-06-25 01:49:26'),
(6914, 23, 17, '2015-10-02 22:37:35'),
(6915, 27, 29, '2015-05-26 09:53:11'),
(6916, 22, 7, '2015-05-17 15:02:48'),
(6917, 24, 17, '2015-06-12 17:47:41'),
(6918, 27, 11, '2016-03-17 02:36:43'),
(6919, 30, 38, '2015-10-20 06:07:42'),
(6920, 27, 4, '2015-11-06 07:16:53'),
(6921, 23, 5, '2015-09-17 21:34:38'),
(6922, 25, 29, '2016-04-20 10:54:02'),
(6923, 30, 22, '2015-08-29 21:32:53'),
(6924, 25, 34, '2015-12-13 11:05:45'),
(6925, 28, 3, '2015-08-14 08:30:30'),
(6926, 21, 20, '2015-05-29 15:33:17'),
(6927, 29, 12, '2016-01-30 23:08:54'),
(6928, 23, 38, '2016-01-18 14:58:05'),
(6929, 21, 10, '2016-02-25 09:40:26'),
(6930, 26, 18, '2015-06-02 14:17:23'),
(6931, 29, 25, '2015-08-30 06:46:30'),
(6932, 28, 4, '2016-01-25 23:58:57'),
(6933, 22, 37, '2015-10-16 00:40:41'),
(6934, 21, 38, '2015-10-29 10:22:43'),
(6935, 25, 35, '2016-03-19 09:05:36'),
(6936, 21, 30, '2015-10-15 02:47:11'),
(6937, 27, 33, '2016-03-29 22:57:46'),
(6938, 25, 32, '2015-08-28 05:10:31'),
(6939, 29, 12, '2016-01-12 21:10:30'),
(6940, 26, 32, '2016-02-06 10:19:07'),
(6941, 28, 21, '2015-12-03 02:43:33'),
(6942, 21, 32, '2015-09-25 02:02:08'),
(6943, 23, 15, '2015-11-10 21:21:03'),
(6944, 22, 34, '2015-10-11 16:16:09'),
(6945, 21, 10, '2016-02-18 20:35:23'),
(6946, 25, 11, '2015-11-13 19:34:41'),
(6947, 27, 22, '2015-04-28 12:42:22'),
(6948, 21, 17, '2015-12-18 14:08:39'),
(6949, 25, 9, '2015-10-13 18:02:02'),
(6950, 23, 9, '2015-09-30 16:42:30'),
(6951, 22, 40, '2015-11-13 03:28:06'),
(6952, 24, 5, '2016-02-10 09:40:35'),
(6953, 25, 4, '2016-02-23 08:57:34'),
(6954, 26, 30, '2015-05-31 21:44:29'),
(6955, 24, 15, '2016-03-30 07:37:59'),
(6956, 29, 40, '2015-10-06 07:08:45'),
(6957, 24, 14, '2015-10-17 23:42:03'),
(6958, 28, 4, '2015-05-28 16:13:57'),
(6959, 29, 6, '2015-06-09 03:06:14'),
(6960, 29, 5, '2016-02-04 22:45:51'),
(6961, 30, 31, '2015-05-01 02:01:56'),
(6962, 21, 12, '2015-12-28 00:53:24'),
(6963, 30, 35, '2015-09-12 18:50:50'),
(6964, 30, 25, '2016-01-02 11:36:32'),
(6965, 26, 23, '2015-06-17 15:49:38'),
(6966, 22, 12, '2016-02-26 19:20:52'),
(6967, 27, 11, '2015-08-26 21:19:50'),
(6968, 28, 1, '2015-07-03 19:40:29'),
(6969, 29, 19, '2015-10-09 10:03:38'),
(6970, 27, 28, '2016-03-20 14:28:01'),
(6971, 21, 17, '2016-03-15 05:48:57'),
(6972, 30, 31, '2015-04-29 21:49:15'),
(6973, 21, 19, '2015-05-25 16:37:20'),
(6974, 23, 21, '2016-03-30 10:42:59'),
(6975, 30, 8, '2015-10-06 17:48:55'),
(6976, 24, 17, '2015-12-26 22:40:08'),
(6977, 30, 25, '2015-06-05 16:10:58'),
(6978, 30, 13, '2015-04-28 12:49:36'),
(6979, 27, 7, '2016-02-11 19:34:13'),
(6980, 26, 40, '2016-01-25 18:22:32'),
(6981, 28, 19, '2015-08-01 09:27:21'),
(6982, 28, 12, '2015-09-17 08:07:37'),
(6983, 28, 35, '2016-01-30 21:35:57'),
(6984, 21, 26, '2015-07-22 20:42:30'),
(6985, 28, 19, '2015-11-02 01:15:01'),
(6986, 28, 12, '2016-03-06 20:52:31'),
(6987, 26, 6, '2015-06-29 05:00:08'),
(6988, 24, 3, '2016-02-12 19:05:49'),
(6989, 21, 25, '2016-03-28 21:48:05'),
(6990, 27, 27, '2016-01-11 19:43:53'),
(6991, 23, 28, '2015-10-06 04:43:01'),
(6992, 28, 22, '2016-02-07 03:26:54'),
(6993, 29, 36, '2015-09-26 14:18:22'),
(6994, 27, 3, '2015-05-18 21:34:34'),
(6995, 25, 19, '2015-12-31 07:58:13'),
(6996, 27, 29, '2015-12-26 08:02:35'),
(6997, 22, 18, '2015-06-24 19:42:21'),
(6998, 29, 4, '2015-10-03 22:15:25'),
(6999, 26, 15, '2015-05-07 08:01:42'),
(7000, 22, 14, '2015-07-01 22:57:31'),
(7001, 29, 32, '2015-11-03 07:16:40'),
(7002, 27, 24, '2015-05-07 23:33:18'),
(7003, 22, 17, '2015-07-07 18:08:44'),
(7004, 24, 24, '2015-05-23 07:02:39'),
(7005, 25, 16, '2015-11-15 07:31:43'),
(7006, 26, 40, '2015-10-15 16:16:27'),
(7007, 26, 11, '2015-08-12 20:15:29'),
(7008, 26, 28, '2016-02-24 22:44:38'),
(7009, 26, 40, '2016-01-17 18:10:07'),
(7010, 21, 19, '2015-10-23 06:14:17'),
(7011, 21, 26, '2016-02-09 13:51:28'),
(7012, 27, 10, '2015-08-15 21:12:35'),
(7013, 26, 5, '2015-09-12 16:56:09'),
(7014, 28, 35, '2015-06-10 10:27:54'),
(7015, 27, 15, '2016-01-01 03:43:40'),
(7016, 26, 1, '2015-11-03 03:09:29'),
(7017, 21, 16, '2015-10-02 18:28:24'),
(7018, 26, 28, '2016-01-10 21:10:50'),
(7019, 25, 31, '2015-11-18 07:13:12'),
(7020, 21, 40, '2016-01-06 05:31:20'),
(7021, 28, 6, '2015-10-02 01:16:22'),
(7022, 21, 24, '2016-03-03 03:43:04'),
(7023, 26, 35, '2016-03-04 21:56:36'),
(7024, 23, 6, '2015-11-19 00:32:34'),
(7025, 28, 20, '2016-03-15 03:33:10'),
(7026, 30, 27, '2015-05-01 13:38:44'),
(7027, 25, 8, '2015-05-06 10:28:38'),
(7028, 22, 11, '2015-10-13 10:18:17'),
(7029, 28, 32, '2016-01-01 10:46:46'),
(7030, 26, 24, '2015-08-26 20:38:43'),
(7031, 25, 2, '2015-12-24 15:57:13'),
(7032, 22, 31, '2016-03-20 01:08:04'),
(7033, 25, 30, '2016-03-26 11:29:08'),
(7034, 21, 10, '2015-12-04 12:17:58'),
(7035, 29, 5, '2015-09-23 16:35:18'),
(7036, 22, 7, '2016-03-05 20:01:22'),
(7037, 25, 15, '2016-01-11 20:31:09'),
(7038, 28, 29, '2015-05-04 12:41:57'),
(7039, 29, 17, '2015-11-02 22:50:17'),
(7040, 29, 9, '2016-02-02 23:20:20'),
(7041, 22, 34, '2016-04-08 15:41:11'),
(7042, 24, 18, '2015-11-12 13:09:38'),
(7043, 26, 13, '2015-07-20 03:50:08'),
(7044, 28, 3, '2015-07-10 10:39:57'),
(7045, 22, 23, '2015-08-28 10:24:29'),
(7046, 27, 2, '2015-09-30 16:28:14'),
(7047, 23, 4, '2016-03-02 07:37:58'),
(7048, 23, 2, '2016-04-05 01:03:09'),
(7049, 25, 5, '2015-04-27 14:22:52'),
(7050, 25, 4, '2016-04-14 04:37:22'),
(7051, 29, 5, '2016-01-06 02:52:46'),
(7052, 27, 9, '2015-10-12 21:37:33'),
(7053, 22, 22, '2015-08-15 11:09:05'),
(7054, 29, 18, '2015-07-17 11:36:21'),
(7055, 22, 36, '2016-03-22 03:05:39'),
(7056, 25, 4, '2015-10-06 14:39:58'),
(7057, 30, 29, '2016-01-01 20:06:01'),
(7058, 27, 14, '2016-01-21 21:55:32'),
(7059, 29, 13, '2015-08-24 11:42:51'),
(7060, 30, 3, '2015-04-29 22:03:03'),
(7061, 25, 34, '2015-11-19 22:54:18'),
(7062, 28, 21, '2015-10-13 18:59:57'),
(7063, 25, 19, '2016-02-07 03:45:06'),
(7064, 23, 38, '2016-01-12 12:54:59'),
(7065, 22, 24, '2016-01-11 21:47:30'),
(7066, 26, 17, '2016-01-15 10:31:28'),
(7067, 21, 4, '2015-05-01 21:37:43'),
(7068, 25, 35, '2015-10-14 13:51:41'),
(7069, 24, 1, '2015-06-11 07:14:44'),
(7070, 21, 36, '2015-09-22 01:50:55'),
(7071, 30, 11, '2015-09-29 12:11:50'),
(7072, 21, 31, '2015-12-10 09:06:22'),
(7073, 30, 32, '2015-10-15 01:20:17'),
(7074, 29, 1, '2016-03-28 20:18:45'),
(7075, 24, 20, '2015-09-19 10:54:39'),
(7076, 23, 14, '2015-10-21 22:15:21'),
(7077, 30, 17, '2015-10-12 05:16:23'),
(7078, 23, 2, '2015-07-06 00:55:06'),
(7079, 22, 4, '2016-01-15 10:54:19'),
(7080, 26, 31, '2015-08-29 05:19:38'),
(7081, 30, 32, '2015-08-24 06:57:04'),
(7082, 25, 28, '2015-09-17 20:15:07'),
(7083, 25, 28, '2015-11-23 21:07:50'),
(7084, 21, 7, '2016-03-16 07:15:55'),
(7085, 26, 32, '2016-02-21 20:49:20'),
(7086, 24, 16, '2015-09-13 06:40:00'),
(7087, 22, 28, '2015-09-30 18:54:22'),
(7088, 28, 30, '2015-06-12 05:37:32'),
(7089, 21, 40, '2015-07-04 06:55:43'),
(7090, 29, 19, '2016-03-12 21:02:57'),
(7091, 26, 28, '2015-06-01 00:16:37'),
(7092, 29, 24, '2016-04-12 17:07:33'),
(7093, 29, 21, '2015-08-01 18:11:40'),
(7094, 27, 20, '2015-09-28 15:32:16'),
(7095, 30, 13, '2016-01-22 10:05:01'),
(7096, 23, 20, '2015-09-26 20:36:35'),
(7097, 22, 34, '2016-01-17 18:30:13'),
(7098, 26, 12, '2015-05-15 19:05:52'),
(7099, 21, 30, '2016-03-02 09:54:31'),
(7100, 22, 3, '2016-03-18 16:54:34'),
(7101, 29, 34, '2015-10-04 12:43:01'),
(7102, 23, 35, '2016-03-23 00:01:44'),
(7103, 22, 37, '2016-03-25 22:07:47'),
(7104, 28, 21, '2016-03-02 01:58:43'),
(7105, 30, 2, '2015-12-01 12:28:05'),
(7106, 21, 11, '2015-09-18 09:38:38'),
(7107, 29, 39, '2016-04-13 08:22:41'),
(7108, 21, 34, '2016-02-13 04:56:01'),
(7109, 24, 13, '2015-05-31 15:06:18'),
(7110, 29, 14, '2015-07-01 11:47:28'),
(7111, 23, 8, '2016-04-18 10:35:36'),
(7112, 26, 24, '2015-12-29 06:48:25'),
(7113, 25, 16, '2016-03-18 06:42:32'),
(7114, 22, 22, '2015-08-10 06:53:35'),
(7115, 25, 29, '2015-11-29 06:17:25'),
(7116, 21, 28, '2015-09-07 19:12:16'),
(7117, 26, 4, '2015-07-17 03:01:18'),
(7118, 23, 11, '2015-06-03 22:49:25'),
(7119, 23, 23, '2015-04-30 01:35:12'),
(7120, 29, 33, '2016-01-12 06:26:48'),
(7121, 24, 15, '2015-12-14 05:21:49'),
(7122, 23, 17, '2015-05-21 08:05:10'),
(7123, 24, 26, '2015-10-26 17:34:51'),
(7124, 27, 37, '2015-11-04 17:29:05'),
(7125, 22, 2, '2015-10-21 07:01:54'),
(7126, 21, 24, '2015-10-02 10:33:14'),
(7127, 27, 26, '2015-07-14 06:56:52'),
(7128, 28, 5, '2016-02-08 22:42:30'),
(7129, 27, 30, '2015-08-08 01:22:16'),
(7130, 24, 16, '2015-12-28 14:08:06'),
(7131, 26, 1, '2015-11-02 15:07:32'),
(7132, 21, 8, '2015-09-12 11:27:30'),
(7133, 24, 40, '2015-09-11 06:44:37'),
(7134, 22, 40, '2015-07-21 10:52:35'),
(7135, 23, 38, '2015-10-30 14:56:13'),
(7136, 23, 1, '2015-06-03 20:34:55'),
(7137, 30, 23, '2016-03-20 20:56:02'),
(7138, 29, 13, '2015-05-19 14:01:13'),
(7139, 24, 32, '2015-11-02 13:40:29'),
(7140, 24, 19, '2015-08-25 08:18:09'),
(7141, 23, 39, '2016-02-14 16:07:14'),
(7142, 24, 8, '2015-05-06 20:47:45'),
(7143, 29, 26, '2016-03-07 08:07:28'),
(7144, 23, 11, '2015-09-15 11:16:17'),
(7145, 26, 22, '2015-04-21 13:52:34'),
(7146, 21, 36, '2016-01-01 14:42:06'),
(7147, 21, 39, '2015-08-10 22:18:03'),
(7148, 26, 16, '2015-09-09 21:23:25'),
(7149, 24, 8, '2016-01-27 11:25:59'),
(7150, 29, 24, '2016-02-26 05:07:31'),
(7151, 23, 13, '2016-02-08 09:59:46'),
(7152, 30, 12, '2015-05-01 02:30:39'),
(7153, 23, 37, '2015-04-24 01:49:49'),
(7154, 29, 6, '2015-09-11 10:01:50'),
(7155, 29, 21, '2015-06-10 12:47:32'),
(7156, 24, 38, '2015-09-05 11:16:46'),
(7157, 27, 30, '2016-04-10 21:45:31'),
(7158, 28, 25, '2015-06-06 11:27:32'),
(7159, 21, 34, '2016-03-09 03:00:36'),
(7160, 25, 20, '2016-01-19 20:31:11'),
(7161, 23, 9, '2016-04-03 16:25:38'),
(7162, 29, 13, '2015-08-14 15:41:06'),
(7163, 21, 14, '2015-05-31 10:13:27'),
(7164, 28, 40, '2015-12-12 11:20:37'),
(7165, 30, 26, '2016-03-19 03:10:21'),
(7166, 29, 36, '2015-12-03 13:27:34'),
(7167, 28, 16, '2016-03-05 10:14:14'),
(7168, 25, 26, '2016-03-15 14:07:53'),
(7169, 23, 16, '2016-04-08 16:31:51'),
(7170, 29, 4, '2015-06-24 02:10:54'),
(7171, 30, 24, '2015-06-23 18:40:30'),
(7172, 30, 4, '2016-03-03 04:14:43'),
(7173, 28, 16, '2015-06-30 12:14:14'),
(7174, 25, 11, '2015-10-12 07:53:27'),
(7175, 28, 37, '2015-08-22 11:18:05'),
(7176, 22, 7, '2015-10-15 20:20:49'),
(7177, 24, 18, '2015-10-07 02:41:35'),
(7178, 26, 10, '2016-02-15 21:17:02'),
(7179, 27, 34, '2015-07-25 16:57:42'),
(7180, 22, 38, '2016-01-25 09:04:28'),
(7181, 29, 5, '2016-04-13 20:30:34'),
(7182, 29, 3, '2016-03-20 17:36:15'),
(7183, 26, 9, '2016-04-05 03:22:58'),
(7184, 24, 21, '2015-12-26 12:24:20'),
(7185, 23, 37, '2015-04-25 03:13:59'),
(7186, 22, 26, '2015-09-27 08:51:34'),
(7187, 23, 23, '2015-09-06 02:19:39'),
(7188, 24, 33, '2015-09-04 05:43:34'),
(7189, 24, 9, '2015-09-16 07:40:49'),
(7190, 24, 32, '2015-09-27 07:16:19'),
(7191, 24, 38, '2015-07-04 18:20:23'),
(7192, 24, 16, '2016-04-13 21:12:20'),
(7193, 25, 30, '2016-02-27 13:23:57'),
(7194, 25, 8, '2015-12-24 10:44:23'),
(7195, 22, 34, '2015-12-07 03:08:30'),
(7196, 25, 32, '2016-04-20 15:28:23'),
(7197, 25, 27, '2015-08-21 02:03:01'),
(7198, 22, 37, '2015-07-24 04:24:00'),
(7199, 21, 23, '2015-12-08 05:05:59'),
(7200, 24, 32, '2016-03-20 02:35:29'),
(7201, 24, 28, '2016-02-26 13:25:26'),
(7202, 30, 37, '2015-04-27 19:51:38'),
(7203, 27, 29, '2016-03-13 18:33:58'),
(7204, 21, 26, '2016-04-17 17:26:35'),
(7205, 30, 5, '2015-04-21 23:38:12'),
(7206, 24, 15, '2015-10-30 18:24:28'),
(7207, 27, 34, '2016-02-14 18:30:45'),
(7208, 27, 37, '2015-08-04 16:12:11'),
(7209, 26, 19, '2015-09-01 23:23:14'),
(7210, 25, 11, '2015-09-13 14:34:19'),
(7211, 21, 6, '2015-12-12 18:57:51'),
(7212, 25, 14, '2015-10-16 10:27:55'),
(7213, 23, 15, '2015-12-25 23:03:06'),
(7214, 30, 20, '2015-08-25 23:34:59'),
(7215, 30, 36, '2015-06-25 19:51:15'),
(7216, 23, 30, '2015-12-23 15:08:07'),
(7217, 27, 27, '2016-04-02 07:50:48'),
(7218, 22, 8, '2015-10-12 19:59:51'),
(7219, 28, 30, '2015-08-16 07:49:43'),
(7220, 23, 11, '2015-06-04 18:43:07'),
(7221, 29, 30, '2016-02-08 07:56:03'),
(7222, 25, 17, '2016-02-16 07:23:14'),
(7223, 25, 5, '2016-01-09 23:25:00'),
(7224, 26, 33, '2016-01-21 14:06:19'),
(7225, 29, 12, '2016-01-30 22:04:45'),
(7226, 30, 35, '2015-11-12 22:02:26'),
(7227, 29, 6, '2015-11-12 13:03:56'),
(7228, 23, 22, '2015-10-07 02:37:32'),
(7229, 21, 14, '2015-11-03 23:55:11'),
(7230, 29, 3, '2015-07-18 10:48:35'),
(7231, 22, 26, '2015-08-27 10:01:14'),
(7232, 30, 34, '2015-05-10 03:29:36'),
(7233, 24, 17, '2015-05-20 17:29:33'),
(7234, 25, 18, '2015-10-28 17:21:02'),
(7235, 25, 32, '2015-07-14 21:21:25'),
(7236, 30, 24, '2015-09-04 11:38:38'),
(7237, 23, 9, '2015-12-22 00:15:23'),
(7238, 27, 27, '2015-12-22 23:04:59'),
(7239, 26, 33, '2015-05-14 03:15:11'),
(7240, 24, 36, '2015-06-18 03:04:09'),
(7241, 21, 12, '2015-12-12 23:26:38'),
(7242, 21, 36, '2015-05-02 02:37:12'),
(7243, 21, 38, '2016-03-05 23:03:13'),
(7244, 23, 22, '2015-06-19 19:09:05'),
(7245, 24, 32, '2015-04-21 08:53:30'),
(7246, 23, 13, '2015-08-04 13:07:27'),
(7247, 29, 15, '2015-07-02 06:12:19'),
(7248, 27, 36, '2015-06-23 14:32:10'),
(7249, 28, 29, '2015-11-22 15:17:09'),
(7250, 30, 6, '2015-07-08 14:48:32'),
(7251, 21, 16, '2016-01-16 06:16:57'),
(7252, 25, 21, '2015-08-03 16:55:12'),
(7253, 29, 3, '2016-01-08 05:24:08'),
(7254, 26, 38, '2015-12-21 09:41:46'),
(7255, 26, 6, '2015-12-11 07:50:16'),
(7256, 24, 26, '2015-07-09 02:21:58'),
(7257, 29, 36, '2015-11-04 01:39:44'),
(7258, 22, 33, '2015-06-17 07:52:52'),
(7259, 24, 33, '2015-11-07 03:39:13'),
(7260, 24, 10, '2015-07-31 23:44:25'),
(7261, 26, 40, '2016-04-09 21:49:14'),
(7262, 29, 30, '2015-06-26 21:54:30'),
(7263, 29, 32, '2015-10-21 05:38:01'),
(7264, 25, 1, '2015-05-05 10:11:49'),
(7265, 21, 2, '2016-04-04 10:24:30'),
(7266, 30, 13, '2015-04-26 22:26:35'),
(7267, 21, 39, '2016-02-13 17:50:19'),
(7268, 26, 13, '2015-10-16 10:43:50'),
(7269, 26, 34, '2016-03-03 02:05:46'),
(7270, 29, 16, '2015-10-06 13:01:29'),
(7271, 24, 27, '2015-06-21 21:57:50'),
(7272, 26, 25, '2015-11-01 14:44:16'),
(7273, 29, 28, '2016-02-18 18:31:41'),
(7274, 23, 35, '2015-08-29 08:29:42'),
(7275, 22, 30, '2015-05-23 16:46:02'),
(7276, 26, 29, '2015-05-06 03:39:18'),
(7277, 28, 33, '2016-01-28 17:55:24'),
(7278, 21, 18, '2015-07-18 12:50:26'),
(7279, 26, 30, '2015-05-23 13:54:55'),
(7280, 22, 12, '2016-02-18 07:40:03'),
(7281, 27, 37, '2015-09-28 21:34:25'),
(7282, 21, 2, '2015-09-12 01:24:47'),
(7283, 22, 11, '2015-11-05 05:25:38'),
(7284, 26, 10, '2015-06-28 01:16:09'),
(7285, 28, 21, '2016-01-23 14:07:01'),
(7286, 29, 31, '2015-08-22 10:40:30'),
(7287, 24, 16, '2015-08-31 04:41:20'),
(7288, 30, 26, '2016-03-08 12:55:52'),
(7289, 22, 25, '2016-01-11 08:47:04'),
(7290, 21, 23, '2015-04-22 16:35:04'),
(7291, 22, 30, '2015-09-16 22:44:47'),
(7292, 27, 4, '2015-10-07 15:47:05'),
(7293, 25, 35, '2015-09-15 04:56:28'),
(7294, 29, 34, '2016-03-24 12:49:37'),
(7295, 25, 20, '2015-05-12 12:49:25'),
(7296, 23, 29, '2015-12-02 22:22:23'),
(7297, 26, 15, '2015-05-28 04:11:51'),
(7298, 24, 10, '2016-02-01 15:50:54'),
(7299, 24, 27, '2016-03-15 06:23:13'),
(7300, 23, 32, '2015-05-25 16:56:50'),
(7301, 23, 18, '2015-09-09 15:29:50'),
(7302, 29, 26, '2015-10-28 11:48:24'),
(7303, 24, 14, '2015-05-20 05:35:49'),
(7304, 26, 32, '2016-03-24 15:32:43'),
(7305, 25, 19, '2016-01-31 16:50:35'),
(7306, 25, 18, '2015-09-07 03:12:55'),
(7307, 30, 36, '2015-06-13 04:21:03'),
(7308, 23, 24, '2015-11-17 21:19:28'),
(7309, 21, 30, '2015-08-20 10:47:31'),
(7310, 26, 35, '2015-11-17 17:43:13'),
(7311, 23, 29, '2015-10-03 23:03:01'),
(7312, 21, 38, '2016-01-26 19:29:44'),
(7313, 29, 12, '2015-09-06 02:02:04'),
(7314, 26, 12, '2015-09-30 20:45:46'),
(7315, 22, 10, '2015-08-17 02:02:48'),
(7316, 21, 6, '2015-11-24 12:05:56'),
(7317, 29, 36, '2015-11-04 12:46:39'),
(7318, 25, 33, '2016-02-12 15:47:47'),
(7319, 21, 26, '2016-01-19 18:05:23'),
(7320, 28, 5, '2015-12-10 07:07:35'),
(7321, 23, 10, '2015-07-02 09:26:56'),
(7322, 23, 27, '2016-03-19 07:53:33'),
(7323, 25, 40, '2015-08-13 01:20:29'),
(7324, 29, 33, '2016-04-07 22:39:38'),
(7325, 25, 5, '2016-01-11 01:34:10'),
(7326, 25, 39, '2015-06-28 12:24:30'),
(7327, 24, 34, '2016-03-01 17:17:48'),
(7328, 26, 26, '2015-05-18 03:52:52'),
(7329, 21, 13, '2015-12-01 15:59:32'),
(7330, 23, 10, '2016-01-14 14:37:46'),
(7331, 21, 33, '2015-08-17 22:41:31'),
(7332, 22, 40, '2015-10-07 21:26:28'),
(7333, 27, 16, '2016-02-14 22:04:52'),
(7334, 23, 7, '2015-08-10 17:21:04'),
(7335, 29, 6, '2016-03-09 10:09:57'),
(7336, 27, 29, '2015-11-23 22:58:07'),
(7337, 23, 38, '2015-07-07 12:21:56'),
(7338, 28, 1, '2016-03-24 20:22:05'),
(7339, 29, 25, '2015-08-27 15:36:44'),
(7340, 29, 31, '2015-06-19 19:50:28'),
(7341, 22, 13, '2015-12-12 09:22:24'),
(7342, 21, 33, '2015-06-07 03:38:42'),
(7343, 22, 36, '2016-02-20 11:07:25'),
(7344, 28, 6, '2015-07-27 15:11:05'),
(7345, 28, 35, '2015-08-09 10:35:04'),
(7346, 28, 12, '2015-10-04 06:39:38'),
(7347, 27, 16, '2016-03-24 12:28:08'),
(7348, 21, 26, '2016-01-20 17:01:42'),
(7349, 27, 16, '2015-08-07 07:16:34'),
(7350, 24, 32, '2015-10-24 09:29:58'),
(7351, 23, 22, '2016-01-04 14:06:27'),
(7352, 22, 13, '2016-02-21 00:57:50'),
(7353, 23, 30, '2015-07-06 13:35:50'),
(7354, 25, 1, '2015-10-30 01:07:32'),
(7355, 22, 27, '2015-06-20 04:20:32'),
(7356, 26, 16, '2015-09-14 15:09:02'),
(7357, 27, 7, '2016-03-28 23:56:14'),
(7358, 22, 12, '2015-10-03 09:56:56'),
(7359, 29, 9, '2016-03-12 04:29:05'),
(7360, 28, 10, '2015-09-11 01:09:14'),
(7361, 25, 40, '2015-12-26 09:02:41'),
(7362, 23, 4, '2015-06-15 22:18:11'),
(7363, 23, 33, '2016-02-11 10:33:09'),
(7364, 26, 33, '2015-12-07 09:47:09'),
(7365, 30, 28, '2015-04-29 19:53:58'),
(7366, 28, 31, '2015-10-28 08:58:32'),
(7367, 24, 2, '2015-08-28 07:40:39'),
(7368, 27, 36, '2016-02-20 14:06:52'),
(7369, 22, 21, '2015-05-31 06:36:44'),
(7370, 29, 20, '2016-03-12 03:13:36'),
(7371, 21, 4, '2015-06-09 03:48:35'),
(7372, 25, 23, '2015-05-27 13:20:04'),
(7373, 29, 12, '2016-03-03 22:58:36'),
(7374, 29, 4, '2015-08-07 13:45:18'),
(7375, 29, 11, '2015-09-22 22:52:15'),
(7376, 21, 10, '2015-09-03 16:38:08'),
(7377, 24, 36, '2016-03-23 20:23:17'),
(7378, 24, 7, '2015-12-14 06:19:01'),
(7379, 27, 33, '2015-09-03 04:47:56'),
(7380, 24, 20, '2015-06-06 20:19:21'),
(7381, 21, 20, '2015-05-26 02:18:56'),
(7382, 28, 2, '2015-05-23 05:46:51'),
(7383, 27, 27, '2015-06-22 09:45:05'),
(7384, 28, 9, '2015-06-09 18:59:33'),
(7385, 27, 27, '2015-11-08 03:35:35'),
(7386, 28, 35, '2015-07-02 13:44:38'),
(7387, 28, 8, '2015-10-18 22:20:39'),
(7388, 23, 36, '2016-02-26 19:26:59'),
(7389, 29, 4, '2015-09-17 01:18:09'),
(7390, 26, 34, '2016-02-01 00:37:15'),
(7391, 30, 19, '2016-03-23 02:47:21'),
(7392, 23, 26, '2016-04-17 22:17:18'),
(7393, 30, 21, '2015-06-21 05:29:22'),
(7394, 28, 22, '2015-08-17 01:37:10'),
(7395, 24, 25, '2016-04-02 19:50:11'),
(7396, 24, 32, '2015-05-15 05:48:36'),
(7397, 26, 20, '2016-02-24 19:02:23'),
(7398, 25, 5, '2016-01-28 17:49:36'),
(7399, 26, 33, '2015-12-07 17:54:41'),
(7400, 29, 12, '2016-02-12 15:41:58'),
(7401, 22, 38, '2015-08-26 01:14:52'),
(7402, 29, 8, '2015-09-22 00:39:17'),
(7403, 22, 28, '2015-12-29 01:55:09'),
(7404, 30, 10, '2015-09-24 12:10:51'),
(7405, 24, 27, '2015-09-02 13:17:09'),
(7406, 27, 18, '2016-01-21 13:08:07'),
(7407, 30, 28, '2015-08-28 09:51:17'),
(7408, 23, 1, '2016-02-06 22:54:06'),
(7409, 26, 37, '2015-08-06 23:13:26'),
(7410, 23, 12, '2015-10-19 15:41:52'),
(7411, 30, 35, '2015-10-01 07:24:42'),
(7412, 22, 8, '2015-05-22 23:21:19'),
(7413, 29, 35, '2016-04-01 05:56:12'),
(7414, 24, 39, '2015-04-30 12:14:20'),
(7415, 25, 36, '2016-03-26 22:38:33'),
(7416, 28, 10, '2015-10-18 08:07:00'),
(7417, 26, 22, '2016-03-15 12:00:33'),
(7418, 27, 26, '2015-09-16 20:36:26'),
(7419, 27, 37, '2015-05-19 21:41:22'),
(7420, 22, 14, '2015-05-27 21:00:39'),
(7421, 21, 40, '2016-02-09 16:59:08'),
(7422, 23, 39, '2016-03-29 18:17:07'),
(7423, 21, 25, '2015-06-22 08:14:34'),
(7424, 21, 37, '2015-07-18 19:45:07'),
(7425, 28, 25, '2016-03-10 04:55:31'),
(7426, 28, 31, '2015-10-11 01:25:26'),
(7427, 25, 9, '2015-12-18 20:52:25'),
(7428, 23, 33, '2016-04-14 05:32:55'),
(7429, 27, 23, '2015-10-27 05:45:47'),
(7430, 23, 18, '2015-09-18 18:31:43'),
(7431, 30, 24, '2016-01-16 13:40:15'),
(7432, 22, 26, '2016-03-25 16:00:20'),
(7433, 24, 16, '2015-05-18 09:11:28'),
(7434, 30, 23, '2015-06-14 13:41:33'),
(7435, 29, 40, '2016-03-22 14:28:31'),
(7436, 23, 12, '2015-06-30 01:07:57'),
(7437, 27, 11, '2016-03-07 04:09:28'),
(7438, 29, 4, '2015-10-08 00:51:17'),
(7439, 26, 20, '2015-11-21 05:32:27'),
(7440, 25, 29, '2016-01-25 16:07:54'),
(7441, 24, 28, '2016-01-25 19:47:36'),
(7442, 27, 1, '2015-08-12 18:31:41'),
(7443, 30, 34, '2016-03-31 10:33:47'),
(7444, 24, 16, '2016-02-20 22:51:42'),
(7445, 25, 29, '2016-02-24 00:05:23'),
(7446, 22, 11, '2016-01-10 02:33:50'),
(7447, 29, 37, '2015-12-01 08:50:42'),
(7448, 22, 9, '2015-12-11 06:15:39'),
(7449, 27, 15, '2016-03-23 18:32:45'),
(7450, 24, 15, '2015-06-03 07:59:04'),
(7451, 22, 7, '2015-08-18 02:34:11'),
(7452, 25, 7, '2015-10-18 16:51:40'),
(7453, 26, 39, '2015-11-01 14:09:56'),
(7454, 29, 22, '2015-07-17 11:55:13'),
(7455, 25, 17, '2015-07-02 12:09:49'),
(7456, 30, 5, '2016-01-01 09:17:52'),
(7457, 21, 27, '2015-12-02 00:52:39'),
(7458, 29, 1, '2016-02-02 09:51:16'),
(7459, 22, 28, '2015-12-01 06:14:54'),
(7460, 28, 39, '2015-11-25 04:18:36'),
(7461, 24, 1, '2016-01-29 21:05:12'),
(7462, 26, 38, '2015-11-19 12:15:17'),
(7463, 28, 32, '2015-08-23 18:43:10'),
(7464, 23, 27, '2016-01-17 03:23:33'),
(7465, 30, 10, '2015-06-30 20:38:49'),
(7466, 24, 4, '2015-12-24 14:51:33'),
(7467, 28, 10, '2015-09-16 18:05:47'),
(7468, 26, 18, '2015-06-17 22:15:01'),
(7469, 25, 18, '2015-07-27 10:52:16'),
(7470, 30, 21, '2015-06-29 17:17:32'),
(7471, 25, 20, '2015-06-21 22:21:43'),
(7472, 23, 6, '2015-07-27 18:53:56'),
(7473, 27, 13, '2015-11-07 18:16:20'),
(7474, 30, 39, '2015-12-08 05:35:21'),
(7475, 24, 3, '2015-09-02 00:38:56'),
(7476, 22, 39, '2016-04-15 13:49:10'),
(7477, 23, 26, '2015-12-31 20:46:23'),
(7478, 24, 21, '2015-04-21 16:48:05'),
(7479, 28, 32, '2016-01-07 02:56:04'),
(7480, 22, 25, '2015-12-31 19:10:16'),
(7481, 23, 11, '2015-08-08 12:09:01'),
(7482, 29, 14, '2016-04-08 18:17:56'),
(7483, 28, 40, '2015-07-21 13:14:29'),
(7484, 21, 37, '2015-08-09 22:31:15'),
(7485, 23, 1, '2015-11-10 22:34:22'),
(7486, 29, 28, '2015-08-12 23:19:21'),
(7487, 27, 40, '2016-03-20 23:59:28'),
(7488, 23, 14, '2016-02-04 21:11:07'),
(7489, 23, 14, '2015-06-01 21:53:39'),
(7490, 29, 16, '2015-10-19 08:45:43'),
(7491, 22, 38, '2015-07-11 03:16:47'),
(7492, 22, 22, '2015-09-21 16:11:43'),
(7493, 21, 17, '2015-10-06 08:56:24'),
(7494, 22, 34, '2015-09-30 16:52:57'),
(7495, 29, 12, '2016-01-03 08:02:06'),
(7496, 21, 26, '2015-06-10 05:56:40'),
(7497, 24, 11, '2015-11-14 20:01:43'),
(7498, 26, 5, '2015-09-18 15:13:57'),
(7499, 25, 8, '2015-06-21 22:19:54'),
(7500, 27, 19, '2015-11-30 17:03:00'),
(7501, 29, 28, '2016-01-28 12:37:23'),
(7502, 27, 3, '2015-11-10 00:31:36'),
(7503, 21, 12, '2015-05-09 07:18:19'),
(7504, 25, 38, '2015-05-14 08:02:21'),
(7505, 25, 12, '2016-03-15 17:26:23'),
(7506, 22, 39, '2015-07-05 16:33:30'),
(7507, 21, 7, '2015-12-22 07:32:34'),
(7508, 27, 3, '2015-05-13 14:10:46'),
(7509, 30, 24, '2015-07-30 14:21:03'),
(7510, 26, 40, '2016-01-24 10:51:59'),
(7511, 29, 15, '2016-01-16 08:43:18'),
(7512, 22, 38, '2016-01-29 09:13:37'),
(7513, 24, 5, '2015-08-29 10:48:07'),
(7514, 27, 21, '2015-11-08 10:41:54'),
(7515, 26, 33, '2015-09-05 23:27:24'),
(7516, 24, 30, '2015-10-19 11:46:15'),
(7517, 28, 19, '2015-12-10 04:53:32'),
(7518, 24, 30, '2015-11-03 13:44:09'),
(7519, 23, 40, '2015-08-17 11:51:21'),
(7520, 22, 4, '2015-07-30 19:18:02'),
(7521, 22, 36, '2015-10-17 13:31:12'),
(7522, 29, 21, '2015-11-23 08:26:19'),
(7523, 24, 24, '2015-11-13 05:44:19'),
(7524, 28, 31, '2016-02-07 03:43:24'),
(7525, 29, 30, '2016-02-26 16:40:21'),
(7526, 23, 37, '2015-08-29 05:58:02'),
(7527, 24, 36, '2015-10-21 22:44:21'),
(7528, 29, 36, '2016-02-03 10:36:24'),
(7529, 22, 40, '2015-10-11 15:00:21'),
(7530, 24, 8, '2015-10-16 00:59:01'),
(7531, 23, 15, '2015-10-27 20:15:56'),
(7532, 23, 6, '2016-02-09 13:25:10'),
(7533, 29, 9, '2015-12-28 20:46:53'),
(7534, 24, 21, '2015-11-30 13:01:49'),
(7535, 26, 39, '2015-07-06 04:03:20'),
(7536, 30, 40, '2015-11-09 08:18:19'),
(7537, 30, 35, '2015-12-19 11:29:02'),
(7538, 28, 30, '2015-07-16 12:11:18'),
(7539, 22, 14, '2016-03-01 12:50:15'),
(7540, 28, 25, '2015-11-21 06:29:41'),
(7541, 24, 25, '2016-01-30 13:33:35'),
(7542, 27, 16, '2015-07-20 07:52:59'),
(7543, 29, 30, '2015-12-26 10:26:32'),
(7544, 24, 2, '2015-06-20 17:37:45'),
(7545, 30, 28, '2015-09-12 01:56:37'),
(7546, 27, 39, '2015-10-01 17:02:18'),
(7547, 22, 35, '2015-10-15 08:52:54'),
(7548, 25, 32, '2015-05-08 13:27:30'),
(7549, 23, 13, '2015-05-25 07:48:47'),
(7550, 29, 18, '2015-07-06 05:13:10'),
(7551, 23, 34, '2015-05-30 03:11:09'),
(7552, 25, 18, '2015-10-06 06:34:43'),
(7553, 29, 34, '2015-04-25 05:47:35'),
(7554, 27, 21, '2015-11-10 23:39:11'),
(7555, 27, 38, '2015-12-23 07:02:30'),
(7556, 21, 30, '2015-06-03 15:07:05'),
(7557, 25, 8, '2016-04-02 03:48:57'),
(7558, 29, 29, '2015-04-26 14:38:06'),
(7559, 29, 18, '2015-11-30 05:52:38'),
(7560, 22, 8, '2015-05-13 04:54:27'),
(7561, 23, 40, '2015-10-22 17:17:06'),
(7562, 30, 21, '2015-08-14 15:23:46'),
(7563, 21, 9, '2015-08-28 06:21:45'),
(7564, 22, 7, '2016-01-21 23:07:46'),
(7565, 24, 30, '2016-03-09 20:08:48'),
(7566, 22, 28, '2015-05-24 21:16:08'),
(7567, 22, 23, '2015-06-30 05:18:20'),
(7568, 23, 11, '2015-12-03 23:10:11'),
(7569, 28, 11, '2016-03-08 06:30:54'),
(7570, 23, 20, '2016-04-16 07:41:23'),
(7571, 25, 24, '2015-04-25 02:44:37'),
(7572, 22, 16, '2015-06-11 17:06:21'),
(7573, 28, 3, '2015-05-12 22:01:52'),
(7574, 30, 10, '2016-02-01 17:47:33'),
(7575, 25, 5, '2015-05-30 03:43:53'),
(7576, 30, 17, '2015-10-07 15:02:08'),
(7577, 30, 10, '2015-10-18 12:32:19'),
(7578, 26, 10, '2015-07-29 15:18:15'),
(7579, 27, 15, '2016-02-23 01:56:14'),
(7580, 29, 2, '2015-06-20 12:09:46'),
(7581, 30, 27, '2015-06-12 16:09:17'),
(7582, 30, 3, '2015-12-22 05:00:01'),
(7583, 26, 16, '2015-05-25 19:42:22'),
(7584, 30, 38, '2015-07-19 16:59:03'),
(7585, 25, 36, '2015-05-17 10:28:23'),
(7586, 28, 23, '2016-04-16 10:11:48'),
(7587, 28, 33, '2015-11-13 03:14:33'),
(7588, 26, 39, '2015-11-18 11:51:35'),
(7589, 26, 1, '2015-06-25 08:36:17'),
(7590, 21, 22, '2016-01-04 04:52:26'),
(7591, 22, 35, '2016-02-22 09:27:05'),
(7592, 23, 21, '2015-08-16 19:38:59'),
(7593, 30, 33, '2015-09-13 04:30:35'),
(7594, 29, 14, '2015-09-09 07:22:20'),
(7595, 24, 10, '2015-11-12 09:27:16'),
(7596, 30, 36, '2015-10-10 03:25:54'),
(7597, 23, 35, '2015-05-29 16:07:18'),
(7598, 22, 21, '2015-06-22 17:35:20'),
(7599, 30, 12, '2016-04-10 00:01:47'),
(7600, 26, 30, '2016-02-27 05:31:30'),
(7601, 26, 25, '2016-04-18 21:25:19'),
(7602, 22, 13, '2015-07-09 16:04:56'),
(7603, 24, 15, '2015-06-09 07:21:24'),
(7604, 28, 33, '2015-06-14 17:17:28'),
(7605, 27, 35, '2015-10-26 20:52:57'),
(7606, 23, 19, '2016-03-12 07:18:15'),
(7607, 21, 18, '2015-11-24 03:27:34'),
(7608, 25, 31, '2016-03-09 00:48:12'),
(7609, 26, 20, '2015-09-24 10:40:06'),
(7610, 23, 21, '2015-07-12 08:30:17'),
(7611, 23, 9, '2016-03-24 21:58:18'),
(7612, 28, 16, '2015-09-01 21:00:06'),
(7613, 22, 38, '2016-02-03 12:42:25'),
(7614, 30, 7, '2015-05-19 02:02:17'),
(7615, 25, 34, '2015-08-25 01:31:22'),
(7616, 27, 29, '2015-09-29 18:58:31'),
(7617, 22, 30, '2015-05-06 07:33:03'),
(7618, 28, 19, '2015-08-02 06:55:19'),
(7619, 25, 23, '2015-06-16 00:40:34'),
(7620, 26, 15, '2015-11-10 15:56:05'),
(7621, 25, 7, '2015-10-02 16:13:54'),
(7622, 22, 32, '2016-02-19 04:38:48'),
(7623, 26, 36, '2015-09-18 16:12:13'),
(7624, 21, 27, '2015-09-13 02:17:48'),
(7625, 27, 4, '2015-09-24 14:59:11'),
(7626, 25, 34, '2015-05-01 09:15:39'),
(7627, 24, 24, '2015-05-10 11:27:40'),
(7628, 28, 32, '2016-01-07 14:01:31'),
(7629, 26, 11, '2015-04-30 16:48:55'),
(7630, 28, 17, '2015-10-23 09:46:46'),
(7631, 30, 5, '2015-10-30 06:51:23'),
(7632, 30, 20, '2015-10-27 08:17:50'),
(7633, 21, 13, '2016-03-01 16:33:21'),
(7634, 28, 32, '2015-12-21 19:04:28'),
(7635, 24, 18, '2015-04-21 10:21:51'),
(7636, 29, 37, '2015-06-25 05:59:08'),
(7637, 25, 20, '2016-04-12 19:23:04'),
(7638, 22, 1, '2016-02-08 23:54:31'),
(7639, 28, 27, '2016-03-31 12:38:47'),
(7640, 28, 14, '2015-10-30 07:20:28'),
(7641, 30, 23, '2016-04-10 21:00:08'),
(7642, 22, 37, '2016-03-24 02:21:10'),
(7643, 21, 31, '2015-12-16 15:18:05'),
(7644, 29, 18, '2016-04-17 17:41:18'),
(7645, 23, 26, '2015-09-03 15:49:07'),
(7646, 24, 4, '2015-06-09 03:15:26'),
(7647, 25, 2, '2015-10-10 00:15:40'),
(7648, 22, 33, '2015-10-08 00:29:57'),
(7649, 23, 3, '2016-03-01 09:30:27'),
(7650, 21, 13, '2015-10-10 04:19:43'),
(7651, 22, 25, '2015-10-21 11:09:46'),
(7652, 26, 5, '2015-07-08 00:06:52'),
(7653, 29, 24, '2016-04-20 04:30:35'),
(7654, 30, 2, '2016-01-11 19:51:48'),
(7655, 23, 18, '2016-04-17 17:26:33'),
(7656, 26, 4, '2015-07-22 09:44:52'),
(7657, 25, 10, '2015-06-28 05:07:24'),
(7658, 21, 2, '2015-09-03 19:53:57'),
(7659, 25, 29, '2015-12-20 15:34:51'),
(7660, 23, 24, '2016-01-19 22:19:31'),
(7661, 23, 26, '2015-11-09 13:33:36'),
(7662, 21, 19, '2015-09-28 02:13:50'),
(7663, 28, 34, '2015-12-11 05:12:48'),
(7664, 23, 8, '2015-11-23 02:25:47'),
(7665, 29, 36, '2015-12-27 20:09:47'),
(7666, 23, 17, '2015-12-13 01:24:29'),
(7667, 26, 30, '2015-09-05 08:05:12'),
(7668, 28, 29, '2016-02-27 09:38:09'),
(7669, 28, 27, '2015-08-27 23:40:39'),
(7670, 30, 25, '2015-11-08 02:39:38'),
(7671, 30, 1, '2015-06-12 23:58:44'),
(7672, 21, 13, '2015-11-30 12:27:29'),
(7673, 21, 18, '2015-10-22 23:59:38'),
(7674, 27, 3, '2015-10-28 14:18:16'),
(7675, 21, 18, '2016-03-03 08:11:15'),
(7676, 28, 18, '2015-08-16 18:27:37'),
(7677, 23, 8, '2015-10-09 19:58:01'),
(7678, 30, 20, '2016-01-27 07:46:42'),
(7679, 27, 37, '2015-09-18 10:31:42'),
(7680, 28, 11, '2015-08-19 01:02:58'),
(7681, 27, 19, '2015-09-09 12:34:18'),
(7682, 24, 13, '2016-04-04 11:08:47'),
(7683, 23, 27, '2015-12-01 11:46:04'),
(7684, 26, 39, '2016-01-30 10:05:55'),
(7685, 28, 29, '2015-10-06 00:01:53'),
(7686, 25, 37, '2016-03-04 12:01:39'),
(7687, 23, 18, '2015-10-13 01:44:54'),
(7688, 22, 37, '2015-04-23 14:00:02'),
(7689, 28, 11, '2015-09-15 16:10:27'),
(7690, 24, 21, '2015-11-05 23:18:00'),
(7691, 24, 3, '2015-12-23 06:30:36'),
(7692, 23, 27, '2016-03-19 20:06:47'),
(7693, 26, 25, '2016-04-18 12:33:19'),
(7694, 22, 29, '2015-08-21 09:52:52'),
(7695, 22, 25, '2015-08-09 14:22:29'),
(7696, 27, 22, '2015-10-23 22:49:00'),
(7697, 25, 21, '2015-08-24 07:38:55'),
(7698, 21, 17, '2015-05-27 01:43:46'),
(7699, 27, 14, '2016-01-04 19:14:35'),
(7700, 24, 30, '2015-12-06 23:27:05'),
(7701, 26, 7, '2016-03-19 05:36:00'),
(7702, 25, 28, '2016-01-02 21:05:21'),
(7703, 27, 23, '2015-11-08 23:39:02'),
(7704, 24, 30, '2015-10-20 00:56:11'),
(7705, 27, 18, '2015-06-23 21:02:18'),
(7706, 30, 35, '2015-08-15 01:59:52'),
(7707, 23, 2, '2015-11-28 08:31:47'),
(7708, 27, 28, '2016-04-05 19:09:59'),
(7709, 25, 3, '2016-02-05 18:20:49'),
(7710, 21, 2, '2015-11-20 15:32:00'),
(7711, 23, 13, '2015-09-05 15:34:40'),
(7712, 30, 23, '2016-04-06 01:51:25'),
(7713, 22, 35, '2015-12-13 21:02:12'),
(7714, 27, 6, '2015-12-07 02:57:27'),
(7715, 28, 29, '2015-07-20 20:12:23'),
(7716, 30, 22, '2015-09-04 06:10:24'),
(7717, 25, 7, '2015-09-29 05:23:27'),
(7718, 22, 30, '2015-10-28 03:34:58'),
(7719, 24, 33, '2015-08-06 23:23:46'),
(7720, 29, 40, '2016-04-13 18:06:00'),
(7721, 21, 39, '2016-02-19 11:45:39'),
(7722, 24, 36, '2016-03-02 07:50:56'),
(7723, 24, 31, '2016-03-04 15:43:02'),
(7724, 25, 23, '2016-03-28 12:14:51'),
(7725, 21, 25, '2015-09-16 16:07:34'),
(7726, 21, 38, '2015-09-14 07:45:19'),
(7727, 23, 27, '2016-02-04 07:22:18'),
(7728, 24, 9, '2015-08-29 07:12:20'),
(7729, 24, 39, '2015-10-03 20:07:03'),
(7730, 29, 1, '2015-08-01 00:06:10'),
(7731, 24, 39, '2016-04-06 11:28:23'),
(7732, 24, 36, '2016-03-05 01:00:56'),
(7733, 21, 29, '2015-12-11 08:01:53'),
(7734, 29, 12, '2016-01-16 20:44:08'),
(7735, 23, 31, '2015-11-23 06:35:40'),
(7736, 28, 4, '2015-06-27 15:49:14'),
(7737, 27, 6, '2016-03-04 16:28:29'),
(7738, 26, 12, '2015-11-19 14:31:19'),
(7739, 28, 1, '2015-07-28 15:08:08'),
(7740, 26, 38, '2015-07-08 02:53:41'),
(7741, 28, 1, '2016-03-19 05:09:16'),
(7742, 21, 13, '2015-08-05 05:17:42'),
(7743, 26, 7, '2016-03-04 23:04:25'),
(7744, 23, 14, '2015-06-24 19:22:15'),
(7745, 21, 22, '2016-02-27 11:23:14'),
(7746, 27, 37, '2016-02-03 18:57:03'),
(7747, 22, 3, '2016-02-16 04:16:33'),
(7748, 24, 40, '2015-09-02 10:30:14'),
(7749, 24, 19, '2015-11-16 04:08:47'),
(7750, 29, 35, '2016-03-10 19:50:11'),
(7751, 25, 3, '2016-02-20 19:36:30'),
(7752, 23, 38, '2015-09-23 17:35:37'),
(7753, 23, 10, '2015-07-23 07:12:54'),
(7754, 25, 38, '2015-08-06 05:53:01'),
(7755, 28, 21, '2015-05-06 17:40:12'),
(7756, 23, 35, '2016-04-06 13:47:08'),
(7757, 24, 30, '2015-09-28 14:56:48'),
(7758, 24, 12, '2015-06-04 02:33:15'),
(7759, 29, 11, '2016-01-13 18:28:45'),
(7760, 23, 16, '2015-10-30 02:53:32'),
(7761, 23, 9, '2015-06-21 15:02:38'),
(7762, 23, 40, '2015-10-30 17:56:45'),
(7763, 25, 5, '2015-11-08 06:26:26'),
(7764, 28, 10, '2015-06-19 20:56:20'),
(7765, 24, 3, '2015-05-22 17:27:54'),
(7766, 26, 35, '2015-04-26 04:46:52'),
(7767, 28, 18, '2016-02-03 19:50:52'),
(7768, 28, 22, '2015-05-21 07:08:33'),
(7769, 28, 14, '2015-05-15 04:16:51'),
(7770, 29, 21, '2015-06-10 12:22:07'),
(7771, 23, 6, '2015-09-18 05:37:29'),
(7772, 25, 4, '2016-04-19 02:49:29'),
(7773, 26, 12, '2016-03-29 11:05:38'),
(7774, 29, 1, '2015-11-11 03:28:54'),
(7775, 25, 28, '2016-02-20 14:12:42'),
(7776, 25, 10, '2015-08-19 09:33:47'),
(7777, 24, 26, '2016-02-25 00:49:11'),
(7778, 24, 5, '2016-04-15 17:28:31'),
(7779, 23, 1, '2015-11-12 17:33:28'),
(7780, 22, 24, '2015-09-19 19:37:22'),
(7781, 24, 11, '2015-05-26 18:20:24'),
(7782, 21, 6, '2016-04-18 14:33:39'),
(7783, 26, 29, '2015-10-07 10:20:44'),
(7784, 25, 37, '2015-05-25 22:21:13'),
(7785, 28, 12, '2015-08-27 10:53:37'),
(7786, 25, 14, '2015-08-25 22:27:52'),
(7787, 24, 40, '2015-04-30 14:26:32'),
(7788, 24, 38, '2016-01-12 15:33:35'),
(7789, 22, 5, '2016-02-14 11:26:14'),
(7790, 23, 38, '2015-11-14 18:55:11'),
(7791, 22, 18, '2016-04-13 02:02:03'),
(7792, 28, 17, '2015-12-19 00:48:59'),
(7793, 26, 15, '2016-03-22 07:08:13'),
(7794, 26, 15, '2015-10-30 21:27:49'),
(7795, 24, 8, '2015-08-12 05:19:11'),
(7796, 29, 24, '2016-01-11 22:04:09'),
(7797, 28, 2, '2016-03-26 00:32:08'),
(7798, 26, 6, '2016-03-02 06:32:27'),
(7799, 22, 37, '2015-10-07 08:38:21'),
(7800, 25, 4, '2015-09-22 16:07:54'),
(7801, 28, 21, '2016-03-04 09:32:42'),
(7802, 24, 30, '2015-11-08 05:07:50'),
(7803, 27, 37, '2016-03-11 04:54:02'),
(7804, 29, 30, '2016-03-16 19:15:06'),
(7805, 27, 10, '2016-01-15 06:48:00'),
(7806, 24, 12, '2015-08-20 07:28:12'),
(7807, 22, 8, '2015-10-18 22:49:50'),
(7808, 21, 39, '2015-11-19 10:46:19'),
(7809, 30, 8, '2015-11-30 08:00:41'),
(7810, 23, 30, '2016-02-05 02:41:22'),
(7811, 26, 19, '2015-05-22 12:38:48'),
(7812, 28, 35, '2016-04-08 02:10:38'),
(7813, 25, 13, '2015-11-25 15:42:33'),
(7814, 30, 21, '2015-10-21 10:34:19'),
(7815, 30, 12, '2015-11-16 18:30:17'),
(7816, 26, 4, '2015-06-04 00:39:38'),
(7817, 24, 34, '2015-12-27 22:35:25'),
(7818, 25, 11, '2015-11-17 04:17:23'),
(7819, 25, 22, '2015-08-31 04:43:46'),
(7820, 27, 31, '2016-02-26 10:36:02'),
(7821, 24, 35, '2015-08-25 03:03:57'),
(7822, 24, 33, '2015-12-29 23:43:38'),
(7823, 24, 9, '2015-06-10 21:03:23'),
(7824, 25, 33, '2015-05-03 01:11:15'),
(7825, 21, 4, '2016-03-01 23:03:03'),
(7826, 22, 6, '2015-11-23 16:55:12'),
(7827, 22, 9, '2015-11-12 18:03:58'),
(7828, 29, 9, '2015-12-28 23:47:38'),
(7829, 24, 11, '2015-12-02 07:48:25'),
(7830, 30, 7, '2015-08-16 20:29:58'),
(7831, 24, 3, '2015-11-03 02:51:35'),
(7832, 25, 5, '2016-04-01 12:47:10'),
(7833, 23, 6, '2015-04-29 00:29:04'),
(7834, 24, 12, '2016-04-17 03:57:40'),
(7835, 22, 10, '2016-03-11 09:52:11'),
(7836, 22, 25, '2015-07-03 23:30:53'),
(7837, 30, 36, '2015-08-29 16:50:47'),
(7838, 25, 8, '2015-08-31 04:02:38'),
(7839, 30, 40, '2016-02-05 14:22:45'),
(7840, 29, 6, '2015-11-23 00:58:39'),
(7841, 24, 35, '2015-06-22 20:23:08'),
(7842, 26, 38, '2015-05-10 23:24:30'),
(7843, 24, 1, '2015-07-05 10:20:51'),
(7844, 26, 20, '2015-09-07 20:41:28'),
(7845, 30, 31, '2015-05-11 07:31:22'),
(7846, 22, 27, '2016-04-08 19:08:03'),
(7847, 23, 32, '2016-03-26 12:37:01'),
(7848, 30, 24, '2015-08-25 04:43:48'),
(7849, 21, 6, '2015-12-13 19:15:33'),
(7850, 21, 34, '2016-02-22 02:25:12'),
(7851, 23, 9, '2015-11-29 21:05:11'),
(7852, 22, 3, '2015-08-14 05:39:09'),
(7853, 22, 2, '2015-11-13 18:30:04'),
(7854, 22, 23, '2015-09-18 07:51:04'),
(7855, 28, 15, '2016-02-03 13:57:50'),
(7856, 26, 30, '2015-08-14 05:03:39'),
(7857, 21, 2, '2016-01-04 18:00:39'),
(7858, 25, 28, '2015-12-11 19:52:50'),
(7859, 24, 6, '2015-12-30 09:39:34'),
(7860, 21, 28, '2015-05-13 05:32:59'),
(7861, 26, 3, '2015-12-07 18:47:04'),
(7862, 26, 37, '2015-05-14 21:23:13'),
(7863, 30, 5, '2016-03-11 15:07:09'),
(7864, 23, 8, '2015-11-13 18:12:07'),
(7865, 23, 14, '2016-02-25 00:05:15'),
(7866, 25, 20, '2015-05-18 12:48:17'),
(7867, 27, 12, '2016-01-13 08:08:51'),
(7868, 28, 33, '2016-03-26 12:00:53'),
(7869, 27, 38, '2016-03-22 18:38:57'),
(7870, 28, 33, '2015-10-24 05:28:32'),
(7871, 21, 12, '2015-07-17 12:10:42'),
(7872, 26, 29, '2016-04-05 17:58:31'),
(7873, 23, 1, '2015-04-22 00:36:34'),
(7874, 28, 12, '2015-08-22 15:49:52'),
(7875, 24, 33, '2015-06-18 02:01:23'),
(7876, 23, 40, '2016-01-22 20:38:56'),
(7877, 24, 24, '2016-02-08 10:17:10'),
(7878, 29, 28, '2015-12-27 10:39:17'),
(7879, 24, 9, '2015-12-06 20:18:12'),
(7880, 27, 21, '2015-06-16 04:47:16'),
(7881, 29, 22, '2015-11-07 07:06:17'),
(7882, 26, 32, '2015-07-27 03:37:27'),
(7883, 26, 35, '2015-07-17 07:15:18'),
(7884, 23, 33, '2015-09-11 22:32:07'),
(7885, 29, 36, '2015-07-03 14:40:25'),
(7886, 29, 10, '2015-12-20 21:21:17'),
(7887, 22, 31, '2016-02-19 23:15:51'),
(7888, 26, 31, '2015-09-21 19:15:42'),
(7889, 22, 34, '2015-07-01 06:46:38'),
(7890, 29, 32, '2015-07-30 04:40:23'),
(7891, 27, 28, '2015-12-10 15:33:12'),
(7892, 25, 1, '2016-02-19 23:54:40'),
(7893, 26, 30, '2016-02-14 01:55:46'),
(7894, 22, 28, '2015-07-14 14:06:08'),
(7895, 28, 35, '2016-01-22 08:23:37'),
(7896, 22, 21, '2015-11-01 13:02:07'),
(7897, 21, 19, '2016-01-09 14:12:58'),
(7898, 27, 40, '2015-10-26 12:15:15'),
(7899, 29, 9, '2015-09-08 20:15:29'),
(7900, 22, 18, '2015-08-17 06:52:54'),
(7901, 23, 24, '2016-01-07 18:47:10'),
(7902, 27, 17, '2015-07-11 17:02:41'),
(7903, 27, 1, '2016-03-09 23:11:35'),
(7904, 24, 11, '2015-05-10 12:49:29'),
(7905, 26, 11, '2015-07-29 13:14:06'),
(7906, 23, 15, '2015-06-22 15:39:14'),
(7907, 21, 11, '2015-11-17 05:13:58'),
(7908, 26, 36, '2015-05-14 23:50:25'),
(7909, 30, 14, '2015-08-02 13:35:01'),
(7910, 26, 16, '2015-09-11 06:24:47'),
(7911, 30, 24, '2016-02-08 19:35:41'),
(7912, 27, 14, '2015-12-05 02:55:50'),
(7913, 30, 11, '2015-11-18 21:05:18'),
(7914, 26, 30, '2016-01-02 03:33:04'),
(7915, 28, 25, '2016-03-20 09:44:44'),
(7916, 26, 20, '2015-08-12 22:12:57'),
(7917, 29, 39, '2015-05-06 19:42:29'),
(7918, 26, 18, '2016-03-05 13:25:54'),
(7919, 26, 14, '2015-07-23 15:19:21'),
(7920, 29, 38, '2016-03-29 23:17:21'),
(7921, 28, 25, '2015-07-27 15:45:53'),
(7922, 24, 34, '2015-11-17 15:09:08'),
(7923, 22, 16, '2015-05-11 12:45:23'),
(7924, 21, 14, '2015-11-18 03:06:56'),
(7925, 23, 6, '2015-08-21 22:03:55'),
(7926, 21, 24, '2015-06-06 01:00:20'),
(7927, 25, 8, '2015-10-01 04:10:21'),
(7928, 30, 2, '2015-06-11 04:26:55'),
(7929, 22, 33, '2015-09-04 01:03:01'),
(7930, 22, 22, '2015-10-04 15:33:38'),
(7931, 21, 28, '2016-01-17 07:13:36'),
(7932, 27, 17, '2015-12-27 21:15:46'),
(7933, 27, 5, '2016-01-26 18:17:53'),
(7934, 30, 5, '2015-07-25 06:45:52'),
(7935, 25, 17, '2015-08-12 10:38:27'),
(7936, 25, 18, '2015-11-18 20:25:43'),
(7937, 21, 39, '2015-06-26 18:14:43'),
(7938, 26, 22, '2015-09-12 07:42:03'),
(7939, 23, 13, '2015-12-21 08:09:01'),
(7940, 25, 11, '2015-12-08 06:38:20'),
(7941, 25, 4, '2015-07-09 02:27:58'),
(7942, 22, 19, '2015-04-22 15:51:17'),
(7943, 25, 20, '2016-04-18 20:34:28'),
(7944, 26, 3, '2015-12-26 16:35:17'),
(7945, 21, 40, '2015-12-03 09:50:15'),
(7946, 28, 8, '2015-09-04 09:57:05'),
(7947, 23, 6, '2015-10-10 03:06:44'),
(7948, 23, 35, '2015-08-26 23:25:56'),
(7949, 28, 18, '2016-01-29 05:57:59'),
(7950, 30, 31, '2015-12-20 00:59:50'),
(7951, 30, 36, '2016-02-12 22:09:07'),
(7952, 26, 15, '2015-06-22 08:01:23'),
(7953, 27, 39, '2015-11-05 06:43:12'),
(7954, 22, 1, '2015-08-12 11:49:14'),
(7955, 26, 12, '2016-01-09 10:18:06'),
(7956, 21, 17, '2015-04-24 11:32:50'),
(7957, 27, 1, '2015-12-07 06:03:46'),
(7958, 26, 32, '2015-08-08 07:19:52'),
(7959, 28, 33, '2015-08-27 05:33:07'),
(7960, 27, 9, '2015-07-27 08:49:06'),
(7961, 29, 4, '2016-01-02 16:33:45'),
(7962, 28, 11, '2015-07-12 12:10:41'),
(7963, 30, 23, '2016-04-10 03:21:35'),
(7964, 23, 27, '2015-10-13 17:48:42'),
(7965, 28, 7, '2015-11-05 00:49:12'),
(7966, 23, 13, '2016-02-03 15:14:00'),
(7967, 29, 21, '2015-10-14 09:59:46'),
(7968, 24, 3, '2015-06-10 15:51:02'),
(7969, 26, 9, '2015-06-26 04:38:09'),
(7970, 21, 16, '2015-11-16 18:25:45'),
(7971, 21, 30, '2016-02-10 13:04:07'),
(7972, 24, 39, '2015-12-12 03:38:00'),
(7973, 27, 38, '2015-05-15 01:46:15'),
(7974, 24, 34, '2015-11-24 18:18:33'),
(7975, 24, 23, '2015-08-25 05:09:37'),
(7976, 28, 29, '2015-08-30 18:08:58'),
(7977, 23, 30, '2015-10-22 05:20:27'),
(7978, 21, 33, '2016-01-05 16:46:58'),
(7979, 29, 25, '2015-09-12 16:19:57'),
(7980, 25, 4, '2015-06-03 22:02:06'),
(7981, 23, 12, '2015-05-11 06:52:06'),
(7982, 22, 3, '2016-01-10 02:23:03'),
(7983, 24, 40, '2015-09-14 12:57:58'),
(7984, 25, 6, '2015-06-23 10:10:34'),
(7985, 21, 10, '2015-09-07 20:13:47'),
(7986, 28, 39, '2015-07-28 13:58:14'),
(7987, 27, 3, '2015-10-07 06:10:02'),
(7988, 25, 12, '2015-11-25 10:27:21'),
(7989, 22, 32, '2015-05-07 10:34:50'),
(7990, 23, 9, '2016-02-01 03:34:56'),
(7991, 30, 11, '2015-06-21 11:12:30'),
(7992, 30, 20, '2015-07-15 02:18:28'),
(7993, 27, 23, '2015-09-09 01:29:57'),
(7994, 28, 20, '2015-10-11 21:36:14'),
(7995, 21, 32, '2016-02-05 19:46:50'),
(7996, 21, 30, '2016-04-11 03:32:03'),
(7997, 24, 15, '2015-09-02 22:38:58'),
(7998, 22, 33, '2015-11-19 04:00:17'),
(7999, 28, 2, '2016-02-04 09:40:50'),
(8000, 21, 32, '2015-10-21 15:16:20'),
(8001, 23, 38, '2015-07-17 22:45:28'),
(8002, 25, 35, '2016-04-12 22:37:54'),
(8003, 26, 40, '2015-09-15 13:46:12'),
(8004, 28, 40, '2016-01-20 13:16:35'),
(8005, 21, 14, '2015-10-26 12:57:58'),
(8006, 29, 10, '2015-11-03 22:19:27'),
(8007, 28, 33, '2015-08-27 14:32:52'),
(8008, 29, 37, '2015-05-29 02:16:04'),
(8009, 21, 10, '2015-07-02 11:55:58'),
(8010, 29, 14, '2015-09-30 06:28:23'),
(8011, 30, 4, '2015-09-22 21:51:44'),
(8012, 23, 35, '2015-11-27 23:26:06'),
(8013, 29, 30, '2016-01-20 16:17:14'),
(8014, 23, 22, '2016-04-14 16:44:18'),
(8015, 22, 17, '2015-10-31 22:25:06'),
(8016, 22, 18, '2015-11-23 05:42:09'),
(8017, 22, 21, '2016-01-08 10:52:00'),
(8018, 26, 33, '2015-06-19 00:18:49'),
(8019, 26, 8, '2015-09-14 15:27:55'),
(8020, 25, 16, '2016-03-21 06:26:56'),
(8021, 27, 18, '2015-10-16 04:55:51'),
(8022, 27, 4, '2015-06-08 03:27:26'),
(8023, 21, 28, '2016-03-10 14:09:07'),
(8024, 29, 37, '2015-05-20 00:30:24'),
(8025, 23, 5, '2015-05-08 07:44:34'),
(8026, 21, 7, '2016-01-18 13:53:38'),
(8027, 29, 2, '2015-11-08 05:18:22'),
(8028, 26, 16, '2015-12-02 13:03:05'),
(8029, 26, 15, '2015-10-18 13:27:45'),
(8030, 22, 31, '2016-02-09 06:50:06'),
(8031, 26, 27, '2016-02-29 18:31:17'),
(8032, 25, 29, '2016-01-21 02:17:00'),
(8033, 23, 2, '2015-07-18 17:11:43'),
(8034, 25, 8, '2015-09-19 07:48:22'),
(8035, 29, 1, '2015-08-04 21:23:50'),
(8036, 30, 20, '2015-08-04 23:34:43'),
(8037, 30, 21, '2016-04-16 20:28:47'),
(8038, 21, 13, '2015-11-10 02:41:30'),
(8039, 21, 11, '2015-10-11 07:22:01'),
(8040, 24, 4, '2015-12-10 16:11:04'),
(8041, 30, 31, '2016-03-08 07:36:15'),
(8042, 26, 26, '2015-05-23 18:39:34'),
(8043, 29, 37, '2016-02-16 07:55:44'),
(8044, 24, 23, '2015-06-21 00:03:41'),
(8045, 23, 16, '2015-10-12 15:04:54'),
(8046, 24, 38, '2015-07-08 03:48:47'),
(8047, 30, 4, '2015-07-03 15:08:19'),
(8048, 21, 9, '2015-10-15 02:10:57'),
(8049, 25, 26, '2015-05-27 03:43:50'),
(8050, 30, 22, '2015-08-06 07:06:27'),
(8051, 25, 31, '2015-12-09 14:15:40'),
(8052, 24, 38, '2015-05-23 18:53:31'),
(8053, 24, 4, '2015-12-15 03:35:48'),
(8054, 26, 35, '2016-02-26 21:11:14'),
(8055, 29, 3, '2015-08-21 20:53:29'),
(8056, 29, 17, '2016-04-01 05:49:36'),
(8057, 29, 27, '2016-03-07 00:55:07'),
(8058, 21, 6, '2015-09-19 00:45:50'),
(8059, 30, 27, '2015-08-14 16:40:58'),
(8060, 22, 31, '2016-01-29 11:55:02'),
(8061, 27, 3, '2015-07-08 07:03:58'),
(8062, 25, 10, '2015-07-25 01:08:08'),
(8063, 28, 33, '2015-09-02 23:30:27'),
(8064, 29, 11, '2015-09-07 08:58:50'),
(8065, 21, 15, '2015-06-20 09:40:32'),
(8066, 21, 29, '2015-08-19 11:20:52'),
(8067, 27, 16, '2015-06-09 03:52:10'),
(8068, 24, 10, '2015-11-22 07:17:49'),
(8069, 30, 36, '2015-06-12 18:13:19'),
(8070, 29, 25, '2016-01-15 14:07:11'),
(8071, 27, 17, '2015-10-06 01:29:12'),
(8072, 24, 34, '2015-05-12 14:12:57'),
(8073, 29, 22, '2016-02-15 00:54:41'),
(8074, 23, 33, '2015-09-28 04:42:37'),
(8075, 29, 33, '2015-07-05 15:10:07'),
(8076, 23, 10, '2016-03-05 02:58:46'),
(8077, 30, 31, '2015-09-02 04:59:34'),
(8078, 27, 21, '2016-04-11 01:35:53'),
(8079, 25, 22, '2015-09-12 09:22:20'),
(8080, 30, 1, '2015-11-11 22:04:26'),
(8081, 25, 3, '2015-08-21 16:32:28'),
(8082, 25, 1, '2016-04-16 21:27:50'),
(8083, 29, 23, '2016-03-12 01:51:08'),
(8084, 27, 28, '2015-12-04 22:58:58'),
(8085, 25, 20, '2015-08-09 00:43:54'),
(8086, 26, 14, '2015-08-27 20:12:29'),
(8087, 22, 11, '2015-11-04 06:45:34'),
(8088, 23, 5, '2015-10-05 05:15:58'),
(8089, 26, 37, '2015-05-06 13:23:55'),
(8090, 27, 38, '2016-01-12 16:14:51'),
(8091, 23, 38, '2015-10-10 00:34:56'),
(8092, 28, 7, '2016-03-02 13:19:01'),
(8093, 22, 38, '2015-07-20 01:30:47'),
(8094, 30, 10, '2015-09-12 16:52:23'),
(8095, 28, 21, '2015-12-10 03:19:23'),
(8096, 25, 23, '2015-07-20 12:09:35'),
(8097, 22, 39, '2016-03-23 15:23:46'),
(8098, 28, 4, '2016-04-20 22:39:39'),
(8099, 23, 18, '2015-11-08 11:14:39'),
(8100, 22, 27, '2016-03-10 21:30:19'),
(8101, 29, 18, '2015-06-11 16:33:26'),
(8102, 22, 26, '2015-09-21 09:39:45'),
(8103, 27, 25, '2015-07-07 08:07:31'),
(8104, 24, 40, '2015-06-15 19:03:49'),
(8105, 28, 12, '2016-01-24 17:03:19'),
(8106, 21, 21, '2015-12-06 10:56:50'),
(8107, 23, 38, '2015-05-30 22:28:01'),
(8108, 23, 29, '2015-06-26 11:49:21'),
(8109, 26, 6, '2015-08-11 03:23:34'),
(8110, 22, 24, '2015-10-23 13:28:53'),
(8111, 23, 32, '2015-05-28 02:16:38'),
(8112, 28, 11, '2015-04-25 11:10:18'),
(8113, 23, 11, '2015-09-20 20:09:23'),
(8114, 25, 19, '2016-02-06 13:20:43'),
(8115, 26, 38, '2015-06-05 04:21:25'),
(8116, 22, 4, '2016-02-13 14:58:38'),
(8117, 23, 25, '2015-10-29 22:40:22'),
(8118, 29, 4, '2015-06-04 00:45:22'),
(8119, 25, 22, '2015-09-09 20:15:27'),
(8120, 29, 16, '2016-01-27 14:06:55'),
(8121, 30, 34, '2015-10-22 15:31:42'),
(8122, 25, 28, '2016-02-08 13:17:26'),
(8123, 22, 29, '2015-08-03 11:46:15'),
(8124, 29, 21, '2015-09-20 10:31:18'),
(8125, 28, 20, '2015-06-21 20:50:32'),
(8126, 23, 9, '2015-05-15 08:44:38'),
(8127, 25, 23, '2015-08-24 21:05:53'),
(8128, 28, 5, '2016-03-12 22:47:43'),
(8129, 26, 2, '2016-03-20 10:51:00'),
(8130, 28, 25, '2016-03-03 04:56:16'),
(8131, 29, 5, '2015-05-16 01:43:35'),
(8132, 24, 17, '2015-11-23 01:01:28'),
(8133, 26, 36, '2015-10-09 17:27:51'),
(8134, 21, 21, '2015-06-24 11:18:56'),
(8135, 22, 25, '2015-12-24 18:38:43'),
(8136, 21, 10, '2016-03-03 16:53:30'),
(8137, 28, 13, '2016-02-26 20:09:12'),
(8138, 23, 31, '2016-04-19 23:34:10'),
(8139, 23, 16, '2015-04-27 07:45:13'),
(8140, 23, 21, '2015-10-22 21:59:08'),
(8141, 25, 29, '2016-02-20 20:29:00'),
(8142, 28, 16, '2015-06-01 21:23:23'),
(8143, 24, 18, '2015-04-22 09:41:04'),
(8144, 30, 28, '2016-03-25 06:53:15'),
(8145, 30, 22, '2015-07-10 01:57:08'),
(8146, 29, 28, '2015-11-16 17:15:17'),
(8147, 25, 21, '2015-11-22 19:51:47'),
(8148, 29, 21, '2015-05-22 07:10:56'),
(8149, 27, 4, '2016-02-17 11:55:58'),
(8150, 24, 16, '2016-01-06 16:36:03'),
(8151, 24, 18, '2015-07-10 06:00:48'),
(8152, 22, 29, '2015-05-02 16:30:37'),
(8153, 25, 22, '2015-06-14 13:23:10'),
(8154, 23, 23, '2015-12-01 11:51:29'),
(8155, 24, 37, '2015-06-25 09:25:56'),
(8156, 26, 15, '2015-06-12 19:02:55'),
(8157, 23, 18, '2015-06-17 06:11:13'),
(8158, 25, 12, '2015-09-20 15:47:47'),
(8159, 30, 17, '2015-09-17 17:14:42'),
(8160, 26, 14, '2015-10-14 18:07:44'),
(8161, 29, 2, '2015-12-07 08:46:31'),
(8162, 25, 8, '2015-04-23 00:23:01'),
(8163, 21, 28, '2015-09-04 22:16:02'),
(8164, 23, 11, '2015-10-23 16:39:03'),
(8165, 28, 10, '2015-12-07 19:01:18'),
(8166, 24, 7, '2015-06-13 16:53:22'),
(8167, 29, 7, '2015-12-10 02:51:25'),
(8168, 23, 38, '2015-10-23 20:20:01'),
(8169, 30, 39, '2015-08-19 10:19:49'),
(8170, 21, 28, '2016-02-01 08:58:34'),
(8171, 25, 3, '2015-09-21 09:30:31'),
(8172, 23, 40, '2016-01-01 14:55:36');
INSERT INTO `mytable` (`id`, `user_id`, `feed_id`, `date_added`) VALUES
(8173, 29, 13, '2015-09-08 21:55:05'),
(8174, 25, 10, '2015-07-07 03:42:40'),
(8175, 26, 40, '2015-07-12 05:16:02'),
(8176, 22, 26, '2015-08-14 19:56:35'),
(8177, 25, 4, '2016-03-22 10:52:03'),
(8178, 23, 2, '2015-09-06 08:24:42'),
(8179, 26, 35, '2015-10-23 10:17:39'),
(8180, 26, 17, '2015-11-20 01:07:29'),
(8181, 29, 26, '2015-10-09 20:18:38'),
(8182, 25, 15, '2015-06-17 16:20:09'),
(8183, 28, 19, '2015-05-10 15:54:35'),
(8184, 27, 7, '2015-09-28 09:40:52'),
(8185, 22, 29, '2015-04-26 15:09:34'),
(8186, 24, 2, '2016-02-29 08:07:53'),
(8187, 27, 5, '2016-01-10 04:20:01'),
(8188, 26, 36, '2015-11-27 18:02:51'),
(8189, 21, 23, '2016-02-02 21:10:50'),
(8190, 30, 9, '2015-05-12 06:49:30'),
(8191, 23, 30, '2015-04-25 00:00:26'),
(8192, 22, 23, '2015-04-27 02:44:19'),
(8193, 24, 28, '2015-11-18 19:45:24'),
(8194, 29, 35, '2015-11-29 06:17:56'),
(8195, 29, 18, '2015-09-26 04:51:35'),
(8196, 27, 29, '2016-03-29 21:24:17'),
(8197, 21, 19, '2016-04-01 22:52:21'),
(8198, 23, 24, '2015-05-24 13:31:08'),
(8199, 29, 21, '2015-05-15 15:52:44'),
(8200, 27, 11, '2016-01-23 05:16:38'),
(8201, 29, 5, '2015-05-11 17:48:36'),
(8202, 30, 39, '2015-07-12 13:17:09'),
(8203, 22, 22, '2016-04-06 03:47:26'),
(8204, 21, 29, '2015-12-26 05:02:26'),
(8205, 21, 28, '2015-12-15 12:25:25'),
(8206, 29, 32, '2015-05-06 06:36:55'),
(8207, 23, 22, '2015-07-16 18:57:02'),
(8208, 26, 17, '2015-10-10 00:00:01'),
(8209, 22, 23, '2016-02-03 22:08:58'),
(8210, 24, 4, '2016-04-17 13:56:50'),
(8211, 26, 33, '2015-07-26 04:25:07'),
(8212, 23, 4, '2015-10-09 02:55:29'),
(8213, 27, 10, '2015-11-06 07:06:54'),
(8214, 27, 7, '2015-04-23 23:23:03'),
(8215, 24, 29, '2015-09-09 13:50:38'),
(8216, 28, 7, '2015-06-02 19:14:01'),
(8217, 21, 5, '2015-05-02 16:57:24'),
(8218, 26, 36, '2016-03-19 04:04:40'),
(8219, 26, 13, '2015-08-03 20:59:04'),
(8220, 23, 12, '2016-03-13 14:19:54'),
(8221, 23, 40, '2016-03-12 07:19:47'),
(8222, 23, 38, '2015-09-11 16:48:25'),
(8223, 27, 13, '2015-07-15 03:04:07'),
(8224, 29, 8, '2015-06-04 12:48:22'),
(8225, 25, 16, '2015-07-22 13:17:55'),
(8226, 24, 11, '2015-10-22 10:13:49'),
(8227, 23, 37, '2015-12-26 03:12:36'),
(8228, 28, 35, '2015-05-25 22:31:59'),
(8229, 29, 11, '2015-08-03 13:01:31'),
(8230, 23, 9, '2016-03-24 19:31:49'),
(8231, 30, 31, '2016-02-15 19:16:09'),
(8232, 29, 17, '2016-02-16 06:51:59'),
(8233, 25, 23, '2015-12-14 16:05:37'),
(8234, 25, 24, '2015-06-04 09:51:30'),
(8235, 28, 28, '2015-12-30 17:42:10'),
(8236, 25, 7, '2015-09-27 23:39:35'),
(8237, 27, 40, '2015-12-28 10:23:50'),
(8238, 24, 40, '2015-08-02 19:17:28'),
(8239, 28, 1, '2015-11-17 23:59:13'),
(8240, 25, 28, '2015-10-03 23:42:50'),
(8241, 24, 14, '2016-01-12 01:10:21'),
(8242, 24, 39, '2016-02-26 05:49:07'),
(8243, 22, 23, '2015-05-19 09:31:28'),
(8244, 22, 9, '2016-01-23 21:31:33'),
(8245, 24, 25, '2016-03-28 05:47:57'),
(8246, 26, 7, '2015-05-15 12:32:09'),
(8247, 24, 4, '2015-06-05 05:35:56'),
(8248, 28, 11, '2015-10-31 10:42:17'),
(8249, 28, 32, '2015-06-07 04:34:43'),
(8250, 23, 25, '2016-02-09 19:21:23'),
(8251, 29, 10, '2015-07-08 00:13:52'),
(8252, 28, 14, '2015-11-29 05:02:40'),
(8253, 27, 31, '2015-11-04 18:11:25'),
(8254, 30, 25, '2015-09-07 07:35:38'),
(8255, 23, 13, '2015-05-31 23:41:37'),
(8256, 30, 28, '2016-03-09 02:24:21'),
(8257, 28, 15, '2016-04-13 21:52:50'),
(8258, 25, 20, '2015-12-18 00:53:27'),
(8259, 25, 27, '2015-08-23 02:17:23'),
(8260, 30, 21, '2016-01-02 01:55:27'),
(8261, 26, 17, '2016-03-01 19:51:58'),
(8262, 28, 29, '2015-06-18 13:43:27'),
(8263, 28, 13, '2016-01-22 19:11:58'),
(8264, 22, 2, '2015-12-30 05:09:30'),
(8265, 23, 3, '2015-07-26 19:00:03'),
(8266, 22, 30, '2016-02-22 13:52:39'),
(8267, 21, 23, '2016-01-19 08:55:02'),
(8268, 26, 13, '2015-10-23 17:48:14'),
(8269, 24, 11, '2016-01-21 11:37:05'),
(8270, 26, 34, '2016-01-21 08:33:42'),
(8271, 22, 24, '2015-12-04 16:02:03'),
(8272, 24, 25, '2016-03-02 21:18:18'),
(8273, 28, 23, '2015-12-09 17:39:01'),
(8274, 26, 12, '2016-01-05 03:34:49'),
(8275, 28, 23, '2015-06-18 11:37:32'),
(8276, 25, 40, '2016-01-30 19:15:45'),
(8277, 23, 36, '2015-11-11 09:40:19'),
(8278, 21, 31, '2015-12-06 23:17:06'),
(8279, 22, 2, '2015-11-03 05:07:22'),
(8280, 25, 25, '2016-01-07 19:07:21'),
(8281, 27, 15, '2016-03-16 12:18:44'),
(8282, 30, 8, '2015-10-02 22:27:25'),
(8283, 30, 27, '2015-10-27 03:18:32'),
(8284, 21, 26, '2015-10-30 22:49:16'),
(8285, 27, 9, '2016-03-12 14:48:39'),
(8286, 28, 37, '2015-06-25 03:29:36'),
(8287, 27, 22, '2015-06-07 19:56:40'),
(8288, 23, 2, '2015-09-30 00:23:37'),
(8289, 24, 40, '2016-04-17 13:58:29'),
(8290, 27, 13, '2015-10-06 16:17:38'),
(8291, 23, 28, '2015-12-05 02:17:49'),
(8292, 25, 10, '2015-10-31 16:51:00'),
(8293, 21, 5, '2015-06-25 08:10:26'),
(8294, 23, 31, '2015-06-09 21:05:20'),
(8295, 26, 4, '2015-06-19 23:13:32'),
(8296, 29, 21, '2015-09-25 11:22:21'),
(8297, 21, 3, '2015-08-12 19:26:15'),
(8298, 23, 36, '2015-08-13 13:00:49'),
(8299, 24, 2, '2015-07-28 06:30:45'),
(8300, 24, 9, '2016-01-03 06:25:46'),
(8301, 26, 4, '2015-12-24 04:35:00'),
(8302, 27, 11, '2015-07-09 10:02:52'),
(8303, 26, 39, '2016-03-03 04:33:36'),
(8304, 28, 16, '2015-05-15 03:56:28'),
(8305, 25, 24, '2015-12-18 17:56:42'),
(8306, 29, 23, '2015-10-31 20:54:39'),
(8307, 27, 28, '2015-09-07 14:53:52'),
(8308, 23, 1, '2015-09-23 16:10:52'),
(8309, 29, 31, '2015-08-25 20:34:25'),
(8310, 29, 31, '2016-01-10 12:02:16'),
(8311, 30, 21, '2015-05-02 10:58:32'),
(8312, 29, 12, '2016-02-11 15:18:14'),
(8313, 28, 10, '2015-12-01 18:02:32'),
(8314, 29, 36, '2015-10-26 08:15:10'),
(8315, 27, 10, '2015-05-16 17:27:47'),
(8316, 21, 13, '2015-11-18 22:38:44'),
(8317, 27, 8, '2016-03-06 12:54:49'),
(8318, 29, 31, '2015-10-16 08:01:27'),
(8319, 27, 18, '2016-03-12 05:33:13'),
(8320, 22, 2, '2015-08-08 20:10:32'),
(8321, 26, 11, '2015-09-15 13:17:32'),
(8322, 25, 35, '2015-09-02 03:26:24'),
(8323, 30, 3, '2015-12-03 22:22:19'),
(8324, 26, 26, '2015-07-20 23:38:37'),
(8325, 28, 39, '2015-10-28 01:59:20'),
(8326, 26, 4, '2016-01-21 07:41:00'),
(8327, 22, 31, '2015-09-06 11:32:51'),
(8328, 22, 9, '2015-08-28 04:50:06'),
(8329, 25, 25, '2015-05-11 02:49:02'),
(8330, 27, 27, '2015-12-05 02:21:18'),
(8331, 22, 11, '2015-08-10 07:16:56'),
(8332, 26, 37, '2016-01-04 15:36:48'),
(8333, 21, 32, '2015-12-17 16:08:15'),
(8334, 23, 16, '2016-01-29 03:51:57'),
(8335, 27, 23, '2015-11-15 18:28:25'),
(8336, 25, 4, '2015-05-18 13:56:51'),
(8337, 27, 20, '2015-06-11 14:42:23'),
(8338, 25, 40, '2015-06-12 06:05:21'),
(8339, 21, 37, '2016-02-03 12:30:50'),
(8340, 25, 12, '2016-01-06 21:02:30'),
(8341, 29, 38, '2015-06-13 04:38:22'),
(8342, 21, 37, '2015-05-06 22:34:58'),
(8343, 23, 17, '2015-12-31 07:29:48'),
(8344, 27, 4, '2015-05-14 00:07:42'),
(8345, 30, 32, '2016-02-02 12:02:13'),
(8346, 24, 4, '2015-07-06 13:39:22'),
(8347, 22, 16, '2016-01-10 08:47:43'),
(8348, 27, 25, '2015-12-08 08:56:43'),
(8349, 27, 18, '2016-01-08 09:55:46'),
(8350, 23, 38, '2015-04-30 16:03:49'),
(8351, 25, 22, '2015-05-29 02:05:35'),
(8352, 24, 5, '2016-02-23 13:24:36'),
(8353, 24, 22, '2015-12-31 22:28:46'),
(8354, 27, 23, '2015-10-09 07:34:18'),
(8355, 30, 7, '2015-11-25 02:40:47'),
(8356, 26, 20, '2016-04-08 07:21:15'),
(8357, 28, 10, '2015-09-19 04:42:13'),
(8358, 30, 6, '2016-04-07 21:51:24'),
(8359, 26, 21, '2015-05-04 11:33:16'),
(8360, 24, 24, '2015-07-28 04:20:02'),
(8361, 23, 33, '2015-11-23 12:57:50'),
(8362, 24, 10, '2015-06-10 10:52:20'),
(8363, 26, 11, '2015-08-04 12:09:52'),
(8364, 24, 10, '2015-09-14 21:15:07'),
(8365, 27, 24, '2015-11-28 13:22:11'),
(8366, 23, 27, '2016-01-10 20:17:10'),
(8367, 25, 4, '2016-02-22 00:28:15'),
(8368, 25, 13, '2015-05-17 08:47:29'),
(8369, 28, 27, '2015-06-06 03:31:09'),
(8370, 27, 26, '2015-06-20 09:06:28'),
(8371, 28, 13, '2015-11-12 03:46:11'),
(8372, 27, 9, '2015-11-24 13:42:04'),
(8373, 21, 30, '2015-12-12 10:19:02'),
(8374, 28, 16, '2015-05-19 13:01:22'),
(8375, 22, 27, '2015-08-05 05:14:23'),
(8376, 27, 16, '2016-04-09 16:47:19'),
(8377, 23, 5, '2015-07-14 00:37:59'),
(8378, 29, 17, '2015-09-19 14:50:02'),
(8379, 22, 1, '2016-01-07 13:15:23'),
(8380, 23, 25, '2015-09-01 20:03:30'),
(8381, 24, 16, '2016-03-31 15:21:29'),
(8382, 25, 8, '2016-03-30 13:20:04'),
(8383, 23, 3, '2016-01-25 00:47:02'),
(8384, 28, 9, '2015-07-07 05:52:07'),
(8385, 21, 1, '2015-10-06 10:10:12'),
(8386, 30, 16, '2016-01-13 11:53:18'),
(8387, 26, 25, '2016-03-30 08:40:34'),
(8388, 27, 27, '2016-04-02 12:45:06'),
(8389, 24, 32, '2015-08-25 06:47:44'),
(8390, 28, 25, '2015-11-03 03:30:53'),
(8391, 30, 40, '2015-08-12 04:48:23'),
(8392, 30, 7, '2016-04-07 08:43:53'),
(8393, 30, 33, '2015-07-13 09:58:25'),
(8394, 22, 38, '2015-07-19 02:41:17'),
(8395, 23, 3, '2016-02-28 19:07:50'),
(8396, 23, 17, '2016-02-19 02:38:30'),
(8397, 29, 28, '2015-12-13 18:37:23'),
(8398, 23, 7, '2016-03-24 07:53:53'),
(8399, 24, 36, '2016-04-18 03:09:09'),
(8400, 28, 18, '2016-02-03 03:02:52'),
(8401, 25, 13, '2015-08-01 17:58:42'),
(8402, 28, 32, '2016-01-27 08:06:15'),
(8403, 22, 15, '2015-12-31 12:35:10'),
(8404, 30, 12, '2015-07-25 02:00:10'),
(8405, 21, 2, '2016-04-07 00:44:21'),
(8406, 28, 22, '2015-12-07 22:32:20'),
(8407, 28, 27, '2015-11-08 16:06:54'),
(8408, 21, 3, '2015-07-28 00:44:35'),
(8409, 28, 18, '2015-05-02 18:41:09'),
(8410, 25, 39, '2015-06-18 15:52:18'),
(8411, 21, 2, '2015-08-18 10:02:52'),
(8412, 28, 22, '2015-08-18 03:53:25'),
(8413, 24, 25, '2015-12-31 13:11:52'),
(8414, 30, 4, '2016-03-10 12:07:44'),
(8415, 30, 19, '2015-10-18 00:00:21'),
(8416, 28, 4, '2015-06-14 15:24:40'),
(8417, 23, 12, '2015-11-03 05:53:28'),
(8418, 26, 26, '2016-04-05 12:09:20'),
(8419, 23, 9, '2015-05-12 12:50:21'),
(8420, 23, 31, '2015-09-13 02:40:57'),
(8421, 27, 20, '2015-12-31 10:50:30'),
(8422, 30, 6, '2016-03-17 02:25:37'),
(8423, 25, 6, '2016-02-04 21:46:25'),
(8424, 24, 8, '2016-01-15 18:08:07'),
(8425, 28, 13, '2016-02-28 17:27:18'),
(8426, 27, 7, '2015-05-06 01:33:20'),
(8427, 23, 12, '2015-12-27 21:50:39'),
(8428, 22, 15, '2016-03-15 06:19:13'),
(8429, 24, 12, '2015-06-23 15:25:37'),
(8430, 30, 36, '2016-01-09 15:01:22'),
(8431, 28, 12, '2015-05-19 02:18:43'),
(8432, 30, 16, '2015-08-27 01:52:07'),
(8433, 24, 32, '2015-09-16 07:35:54'),
(8434, 30, 33, '2015-11-13 21:23:43'),
(8435, 22, 5, '2015-07-22 04:12:30'),
(8436, 24, 39, '2015-08-06 10:53:00'),
(8437, 29, 6, '2015-12-23 10:15:58'),
(8438, 23, 11, '2016-04-11 11:09:17'),
(8439, 21, 29, '2015-10-15 06:41:09'),
(8440, 30, 34, '2015-12-18 10:58:53'),
(8441, 24, 17, '2016-01-16 23:18:47'),
(8442, 26, 39, '2015-06-10 13:25:35'),
(8443, 25, 14, '2015-09-27 05:14:41'),
(8444, 21, 39, '2016-02-22 05:12:51'),
(8445, 26, 29, '2016-01-09 04:02:28'),
(8446, 28, 36, '2016-03-16 00:07:13'),
(8447, 26, 17, '2016-03-02 07:04:19'),
(8448, 29, 34, '2016-04-19 06:11:11'),
(8449, 30, 19, '2015-09-13 07:34:16'),
(8450, 27, 8, '2015-05-20 00:37:17'),
(8451, 21, 2, '2015-11-24 23:49:47'),
(8452, 26, 16, '2016-02-21 05:19:58'),
(8453, 29, 36, '2015-05-28 05:52:55'),
(8454, 21, 4, '2016-04-17 09:04:16'),
(8455, 21, 16, '2016-02-22 17:43:35'),
(8456, 30, 23, '2016-01-31 19:55:25'),
(8457, 24, 19, '2015-09-21 04:52:43'),
(8458, 27, 38, '2015-11-06 07:55:45'),
(8459, 24, 29, '2015-07-17 09:30:47'),
(8460, 28, 1, '2015-11-14 14:51:33'),
(8461, 28, 33, '2015-08-07 14:58:26'),
(8462, 29, 12, '2016-01-16 18:21:15'),
(8463, 24, 4, '2015-09-09 00:15:05'),
(8464, 24, 16, '2015-12-24 09:24:21'),
(8465, 22, 4, '2015-12-17 23:27:44'),
(8466, 23, 27, '2016-03-25 16:52:42'),
(8467, 30, 33, '2015-09-11 16:57:04'),
(8468, 25, 8, '2015-06-03 03:57:21'),
(8469, 28, 12, '2015-12-09 13:05:42'),
(8470, 23, 29, '2015-12-15 16:47:46'),
(8471, 30, 15, '2015-08-16 20:11:39'),
(8472, 27, 14, '2015-08-28 22:25:56'),
(8473, 28, 23, '2015-08-03 02:47:31'),
(8474, 26, 17, '2015-12-06 04:26:27'),
(8475, 28, 22, '2016-02-19 23:52:32'),
(8476, 28, 2, '2015-04-21 00:12:13'),
(8477, 30, 33, '2016-02-13 06:14:53'),
(8478, 28, 30, '2015-07-04 11:42:50'),
(8479, 26, 37, '2015-07-16 20:15:22'),
(8480, 27, 11, '2015-05-21 20:44:33'),
(8481, 24, 25, '2015-11-27 04:18:52'),
(8482, 25, 18, '2016-01-07 04:32:34'),
(8483, 30, 13, '2015-12-27 04:09:13'),
(8484, 28, 29, '2015-07-25 04:46:59'),
(8485, 25, 20, '2015-10-12 21:30:37'),
(8486, 24, 37, '2016-03-03 02:53:01'),
(8487, 29, 24, '2015-07-06 23:04:58'),
(8488, 24, 4, '2015-12-05 22:28:42'),
(8489, 29, 12, '2015-06-29 22:54:04'),
(8490, 30, 23, '2015-05-12 19:05:02'),
(8491, 25, 38, '2015-09-16 20:34:06'),
(8492, 30, 4, '2016-02-16 23:46:12'),
(8493, 22, 15, '2015-06-25 10:08:44'),
(8494, 23, 14, '2015-11-15 08:16:48'),
(8495, 24, 14, '2016-03-12 17:34:25'),
(8496, 26, 37, '2016-02-13 19:54:37'),
(8497, 23, 6, '2015-12-10 00:05:31'),
(8498, 26, 25, '2015-10-29 23:36:31'),
(8499, 27, 22, '2015-07-29 01:03:10'),
(8500, 30, 21, '2015-11-23 21:06:38'),
(8501, 23, 12, '2016-03-16 05:42:46'),
(8502, 22, 6, '2016-03-06 01:30:55'),
(8503, 27, 30, '2015-10-13 04:03:03'),
(8504, 24, 17, '2015-09-17 22:13:57'),
(8505, 28, 16, '2015-08-24 02:24:15'),
(8506, 21, 3, '2015-09-05 14:20:28'),
(8507, 30, 13, '2015-10-30 13:03:56'),
(8508, 23, 19, '2015-08-27 07:59:50'),
(8509, 25, 15, '2015-05-26 04:17:26'),
(8510, 23, 17, '2015-11-02 08:59:23'),
(8511, 26, 2, '2016-03-06 00:02:56'),
(8512, 29, 36, '2016-02-29 07:52:32'),
(8513, 27, 33, '2015-07-27 11:26:56'),
(8514, 23, 4, '2015-10-25 07:47:10'),
(8515, 30, 23, '2015-10-02 05:15:15'),
(8516, 26, 32, '2015-06-08 08:34:13'),
(8517, 22, 4, '2016-03-30 06:33:08'),
(8518, 28, 21, '2015-10-28 12:11:57'),
(8519, 28, 2, '2016-04-01 00:16:02'),
(8520, 26, 21, '2015-11-24 15:52:15'),
(8521, 25, 32, '2016-03-06 13:04:16'),
(8522, 26, 20, '2015-11-11 18:53:07'),
(8523, 25, 9, '2015-10-16 21:56:31'),
(8524, 24, 28, '2015-07-05 03:55:03'),
(8525, 21, 13, '2015-11-12 16:36:11'),
(8526, 23, 3, '2015-11-01 09:09:14'),
(8527, 27, 27, '2015-11-08 16:20:46'),
(8528, 30, 28, '2015-04-22 04:25:18'),
(8529, 28, 37, '2015-08-20 13:46:48'),
(8530, 22, 14, '2015-11-28 18:07:29'),
(8531, 21, 11, '2015-08-01 18:50:02'),
(8532, 27, 26, '2015-07-18 17:14:06'),
(8533, 29, 37, '2015-11-27 20:00:43'),
(8534, 21, 31, '2015-11-14 10:31:35'),
(8535, 24, 24, '2016-02-09 17:23:34'),
(8536, 25, 23, '2015-08-15 03:16:36'),
(8537, 22, 5, '2015-09-22 22:04:30'),
(8538, 30, 10, '2016-01-30 19:43:20'),
(8539, 24, 25, '2016-04-15 06:45:53'),
(8540, 28, 33, '2016-03-20 15:29:11'),
(8541, 27, 37, '2015-08-17 01:49:51'),
(8542, 24, 14, '2015-05-29 09:41:36'),
(8543, 23, 40, '2015-06-06 01:28:48'),
(8544, 26, 8, '2016-02-27 23:11:24'),
(8545, 25, 20, '2016-01-18 13:59:38'),
(8546, 30, 25, '2015-06-02 11:40:57'),
(8547, 26, 38, '2016-03-10 13:03:21'),
(8548, 23, 1, '2015-10-28 23:05:15'),
(8549, 23, 21, '2015-09-19 09:20:51'),
(8550, 29, 37, '2016-02-21 08:55:18'),
(8551, 30, 1, '2016-02-08 23:28:47'),
(8552, 27, 11, '2015-12-03 16:07:45'),
(8553, 28, 25, '2015-07-21 13:10:51'),
(8554, 24, 37, '2015-09-03 12:49:25'),
(8555, 27, 1, '2016-01-17 11:03:42'),
(8556, 27, 25, '2015-11-12 14:26:25'),
(8557, 24, 22, '2016-04-09 19:22:34'),
(8558, 23, 21, '2015-08-01 11:39:30'),
(8559, 27, 5, '2016-01-20 23:32:25'),
(8560, 23, 8, '2015-10-21 03:03:19'),
(8561, 24, 18, '2015-07-20 23:17:30'),
(8562, 21, 21, '2015-08-03 16:10:10'),
(8563, 28, 24, '2015-08-13 04:33:44'),
(8564, 28, 27, '2016-01-15 01:28:08'),
(8565, 30, 19, '2016-01-16 20:22:23'),
(8566, 27, 34, '2015-11-27 14:57:27'),
(8567, 24, 29, '2015-06-26 01:22:24'),
(8568, 28, 26, '2016-02-23 17:55:31'),
(8569, 21, 36, '2015-06-21 23:23:07'),
(8570, 21, 36, '2015-12-11 16:38:36'),
(8571, 29, 18, '2015-06-09 17:13:59'),
(8572, 24, 34, '2015-12-23 18:22:02'),
(8573, 21, 39, '2015-08-02 06:18:15'),
(8574, 22, 33, '2015-08-05 00:26:39'),
(8575, 27, 10, '2015-10-17 16:33:49'),
(8576, 24, 34, '2015-10-06 06:17:20'),
(8577, 23, 7, '2015-07-13 04:16:27'),
(8578, 21, 10, '2015-08-17 01:41:22'),
(8579, 22, 20, '2016-01-25 16:55:45'),
(8580, 24, 8, '2015-07-10 03:37:24'),
(8581, 22, 18, '2015-10-13 14:08:07'),
(8582, 21, 21, '2015-12-05 04:29:47'),
(8583, 25, 26, '2015-08-25 08:16:36'),
(8584, 24, 22, '2016-03-10 20:33:19'),
(8585, 28, 28, '2015-07-11 10:02:20'),
(8586, 25, 10, '2015-10-14 00:40:37'),
(8587, 25, 17, '2016-03-18 14:09:22'),
(8588, 26, 29, '2016-04-10 04:49:41'),
(8589, 29, 31, '2015-09-07 15:50:41'),
(8590, 29, 13, '2015-07-12 20:09:40'),
(8591, 30, 18, '2015-11-07 12:06:32'),
(8592, 29, 34, '2016-03-20 21:18:00'),
(8593, 28, 4, '2015-08-25 01:42:30'),
(8594, 27, 34, '2015-11-19 10:02:52'),
(8595, 29, 1, '2016-01-05 06:49:46'),
(8596, 30, 30, '2015-05-14 12:51:11'),
(8597, 24, 9, '2015-12-30 06:25:06'),
(8598, 28, 29, '2015-08-18 07:05:24'),
(8599, 23, 19, '2015-11-11 22:08:03'),
(8600, 25, 7, '2015-07-12 23:44:55'),
(8601, 28, 26, '2015-10-14 10:04:42'),
(8602, 21, 17, '2015-11-19 16:35:05'),
(8603, 29, 37, '2015-12-21 18:48:53'),
(8604, 26, 30, '2015-11-26 20:49:04'),
(8605, 23, 40, '2015-08-29 05:59:03'),
(8606, 23, 8, '2015-12-10 20:11:25'),
(8607, 26, 20, '2015-10-10 04:53:48'),
(8608, 28, 9, '2016-03-27 10:42:38'),
(8609, 30, 31, '2015-10-08 06:52:00'),
(8610, 24, 27, '2016-02-24 03:11:40'),
(8611, 27, 12, '2015-09-02 23:01:40'),
(8612, 23, 11, '2016-01-27 14:59:24'),
(8613, 25, 14, '2016-01-17 19:15:57'),
(8614, 22, 40, '2016-04-20 17:22:28'),
(8615, 30, 19, '2015-06-08 02:23:46'),
(8616, 22, 3, '2015-12-12 23:04:32'),
(8617, 27, 32, '2016-04-16 03:36:48'),
(8618, 29, 23, '2015-10-25 01:29:19'),
(8619, 23, 22, '2015-12-04 07:43:19'),
(8620, 30, 40, '2015-09-20 12:04:00'),
(8621, 21, 22, '2015-08-19 11:23:22'),
(8622, 21, 28, '2015-06-01 00:13:46'),
(8623, 26, 33, '2016-03-25 20:37:29'),
(8624, 22, 37, '2015-11-08 14:22:26'),
(8625, 29, 33, '2016-01-15 13:29:54'),
(8626, 28, 28, '2015-04-29 22:39:57'),
(8627, 21, 9, '2016-01-20 14:07:50'),
(8628, 28, 1, '2015-06-14 04:14:40'),
(8629, 21, 30, '2015-09-25 21:52:26'),
(8630, 30, 38, '2016-03-22 17:07:33'),
(8631, 29, 40, '2016-02-27 04:47:06'),
(8632, 30, 11, '2015-06-21 15:46:07'),
(8633, 29, 33, '2015-12-07 00:43:03'),
(8634, 29, 25, '2015-05-10 23:52:53'),
(8635, 22, 34, '2015-12-28 02:16:34'),
(8636, 27, 19, '2016-03-23 11:10:49'),
(8637, 23, 29, '2015-08-27 09:44:18'),
(8638, 24, 27, '2016-02-24 19:50:23'),
(8639, 21, 24, '2015-12-03 16:37:13'),
(8640, 22, 13, '2016-01-26 22:58:16'),
(8641, 27, 2, '2015-06-20 15:50:51'),
(8642, 23, 38, '2015-11-15 17:50:04'),
(8643, 29, 27, '2015-05-20 13:04:40'),
(8644, 25, 27, '2016-01-07 09:51:55'),
(8645, 27, 6, '2015-04-29 13:19:59'),
(8646, 30, 13, '2016-02-03 16:15:40'),
(8647, 22, 1, '2015-06-22 23:49:06'),
(8648, 23, 35, '2015-10-21 22:49:03'),
(8649, 22, 31, '2015-06-20 22:16:34'),
(8650, 30, 36, '2016-03-18 22:24:28'),
(8651, 21, 26, '2015-12-11 23:25:14'),
(8652, 22, 1, '2015-12-03 21:33:26'),
(8653, 26, 35, '2015-08-10 08:30:39'),
(8654, 26, 2, '2015-09-09 08:03:55'),
(8655, 21, 14, '2015-10-09 08:19:34'),
(8656, 22, 28, '2015-06-24 14:30:57'),
(8657, 25, 27, '2015-05-29 02:51:51'),
(8658, 26, 37, '2015-07-29 17:47:28'),
(8659, 22, 25, '2015-09-22 08:09:53'),
(8660, 28, 40, '2016-01-12 12:51:49'),
(8661, 22, 16, '2015-06-09 01:46:25'),
(8662, 30, 5, '2015-12-19 16:15:22'),
(8663, 28, 29, '2016-03-14 23:18:38'),
(8664, 23, 4, '2016-02-18 09:07:29'),
(8665, 24, 11, '2016-02-08 01:20:07'),
(8666, 30, 28, '2015-06-19 10:43:10'),
(8667, 21, 16, '2015-07-11 20:56:55'),
(8668, 25, 9, '2015-11-11 02:39:18'),
(8669, 26, 21, '2016-01-29 20:40:15'),
(8670, 30, 34, '2015-09-02 14:07:52'),
(8671, 21, 39, '2015-09-13 02:18:19'),
(8672, 21, 9, '2015-07-16 06:17:15'),
(8673, 21, 8, '2016-04-18 16:05:34'),
(8674, 24, 7, '2015-06-29 22:15:05'),
(8675, 24, 1, '2016-02-11 15:20:59'),
(8676, 30, 16, '2015-08-20 13:58:10'),
(8677, 25, 13, '2015-10-28 03:53:05'),
(8678, 28, 1, '2016-03-02 08:51:47'),
(8679, 26, 38, '2015-11-06 16:56:43'),
(8680, 24, 40, '2016-04-19 22:32:50'),
(8681, 28, 12, '2016-01-23 10:39:14'),
(8682, 24, 1, '2015-06-02 01:19:57'),
(8683, 25, 7, '2016-03-07 15:41:24'),
(8684, 26, 30, '2015-09-27 02:14:10'),
(8685, 25, 4, '2015-11-23 05:09:39'),
(8686, 24, 8, '2015-12-09 18:08:19'),
(8687, 26, 28, '2015-09-17 21:00:38'),
(8688, 30, 9, '2015-08-19 19:21:05'),
(8689, 27, 2, '2015-10-05 15:43:30'),
(8690, 26, 20, '2015-05-11 20:51:12'),
(8691, 22, 26, '2015-10-16 00:11:20'),
(8692, 22, 25, '2015-12-22 13:37:08'),
(8693, 26, 14, '2015-09-24 21:02:01'),
(8694, 29, 23, '2015-08-19 05:06:25'),
(8695, 21, 38, '2016-02-05 04:01:29'),
(8696, 29, 8, '2015-12-27 20:08:04'),
(8697, 23, 33, '2016-03-22 17:00:14'),
(8698, 30, 20, '2015-07-05 19:47:23'),
(8699, 28, 15, '2015-12-03 08:31:10'),
(8700, 23, 8, '2015-07-24 09:04:30'),
(8701, 27, 37, '2015-12-13 10:47:42'),
(8702, 22, 19, '2015-12-14 03:36:38'),
(8703, 21, 20, '2015-07-06 20:03:32'),
(8704, 29, 24, '2015-05-07 16:18:24'),
(8705, 23, 19, '2016-04-15 11:52:38'),
(8706, 29, 5, '2015-07-03 05:48:55'),
(8707, 24, 6, '2015-06-01 17:45:56'),
(8708, 28, 21, '2015-06-23 15:01:50'),
(8709, 27, 6, '2015-11-17 20:27:36'),
(8710, 21, 26, '2015-11-26 00:39:28'),
(8711, 28, 29, '2016-04-16 08:55:00'),
(8712, 25, 4, '2015-12-22 08:32:43'),
(8713, 22, 21, '2015-05-21 09:33:36'),
(8714, 27, 40, '2016-01-19 18:19:45'),
(8715, 30, 34, '2015-11-11 01:42:03'),
(8716, 21, 37, '2015-05-01 00:27:07'),
(8717, 23, 17, '2016-03-11 23:29:35'),
(8718, 24, 25, '2015-12-03 04:20:10'),
(8719, 30, 32, '2016-01-27 16:08:18'),
(8720, 22, 37, '2015-12-04 20:31:58'),
(8721, 29, 9, '2015-05-16 01:50:09'),
(8722, 27, 27, '2016-02-16 04:22:48'),
(8723, 29, 12, '2016-01-14 23:55:24'),
(8724, 26, 35, '2015-10-04 03:54:19'),
(8725, 25, 22, '2015-07-01 17:25:00'),
(8726, 21, 9, '2015-07-26 01:49:55'),
(8727, 29, 40, '2015-09-30 18:11:57'),
(8728, 22, 24, '2015-12-31 21:35:06'),
(8729, 25, 14, '2015-10-09 12:06:35'),
(8730, 30, 24, '2016-01-21 17:03:23'),
(8731, 29, 28, '2016-04-06 16:01:54'),
(8732, 25, 8, '2015-10-11 02:48:31'),
(8733, 22, 9, '2015-04-25 20:38:46'),
(8734, 26, 26, '2015-12-12 09:09:35'),
(8735, 30, 14, '2015-09-30 01:09:55'),
(8736, 29, 38, '2015-10-05 07:26:32'),
(8737, 30, 7, '2015-05-01 02:24:17'),
(8738, 26, 35, '2015-08-06 23:34:52'),
(8739, 24, 16, '2015-07-19 10:05:24'),
(8740, 24, 23, '2015-04-27 13:59:19'),
(8741, 28, 11, '2015-11-08 07:58:38'),
(8742, 25, 2, '2016-02-07 15:55:32'),
(8743, 22, 12, '2015-11-15 16:50:33'),
(8744, 22, 15, '2015-11-09 00:10:04'),
(8745, 28, 4, '2016-03-16 12:25:11'),
(8746, 26, 6, '2016-02-28 22:24:43'),
(8747, 26, 9, '2016-03-31 16:34:53'),
(8748, 22, 14, '2015-05-28 08:26:00'),
(8749, 28, 18, '2016-01-26 03:00:16'),
(8750, 23, 34, '2016-01-21 06:03:56'),
(8751, 22, 13, '2015-09-13 23:15:17'),
(8752, 29, 16, '2015-10-24 09:27:19'),
(8753, 26, 4, '2015-12-03 02:01:50'),
(8754, 26, 23, '2016-02-21 12:52:48'),
(8755, 21, 21, '2015-05-03 10:18:55'),
(8756, 26, 7, '2015-06-29 01:38:49'),
(8757, 21, 16, '2015-07-14 13:08:34'),
(8758, 30, 7, '2015-12-29 10:51:24'),
(8759, 30, 8, '2016-02-05 21:42:35'),
(8760, 24, 32, '2015-04-22 17:25:49'),
(8761, 28, 7, '2015-11-02 00:41:52'),
(8762, 29, 9, '2015-08-15 18:09:00'),
(8763, 21, 15, '2016-03-02 11:52:31'),
(8764, 28, 14, '2015-11-06 13:10:42'),
(8765, 30, 22, '2015-11-28 23:11:37'),
(8766, 28, 19, '2016-02-22 11:53:08'),
(8767, 30, 4, '2016-04-09 02:00:31'),
(8768, 24, 1, '2016-03-21 10:45:19'),
(8769, 22, 9, '2015-07-17 05:49:27'),
(8770, 24, 7, '2015-06-25 02:06:01'),
(8771, 27, 38, '2015-12-05 14:07:41'),
(8772, 26, 2, '2015-10-21 20:21:24'),
(8773, 24, 30, '2015-12-15 23:34:17'),
(8774, 22, 14, '2016-01-27 18:18:38'),
(8775, 28, 7, '2015-08-19 22:57:00'),
(8776, 27, 30, '2015-10-01 10:30:26'),
(8777, 21, 29, '2015-07-17 20:59:16'),
(8778, 23, 39, '2015-11-16 18:12:12'),
(8779, 27, 1, '2016-02-18 16:59:06'),
(8780, 29, 38, '2015-08-11 03:41:50'),
(8781, 24, 25, '2016-01-10 08:42:50'),
(8782, 26, 13, '2015-12-31 05:38:37'),
(8783, 26, 18, '2016-04-02 20:56:35'),
(8784, 29, 23, '2016-03-05 00:32:08'),
(8785, 23, 5, '2015-07-04 04:35:04'),
(8786, 30, 38, '2016-03-25 07:10:30'),
(8787, 29, 35, '2015-09-29 12:41:35'),
(8788, 28, 4, '2015-12-23 08:10:39'),
(8789, 23, 28, '2016-03-26 11:12:44'),
(8790, 21, 32, '2015-11-08 14:27:30'),
(8791, 29, 38, '2015-06-12 07:01:58'),
(8792, 27, 27, '2016-03-06 17:40:14'),
(8793, 22, 28, '2015-10-31 20:22:10'),
(8794, 22, 4, '2015-08-18 02:37:37'),
(8795, 30, 22, '2015-05-06 01:12:07'),
(8796, 22, 23, '2015-09-23 14:04:30'),
(8797, 28, 37, '2015-12-30 07:01:32'),
(8798, 27, 25, '2015-05-16 16:28:19'),
(8799, 21, 2, '2015-07-21 06:18:18'),
(8800, 24, 36, '2015-11-13 18:38:15'),
(8801, 22, 2, '2016-02-20 11:21:06'),
(8802, 21, 12, '2015-08-01 10:09:09'),
(8803, 23, 9, '2015-08-26 03:39:33'),
(8804, 27, 14, '2015-09-24 07:12:48'),
(8805, 21, 8, '2016-02-15 20:37:10'),
(8806, 21, 30, '2015-09-09 18:44:58'),
(8807, 23, 7, '2015-12-05 16:41:39'),
(8808, 21, 38, '2015-11-03 20:09:24'),
(8809, 25, 12, '2015-10-13 07:57:55'),
(8810, 27, 17, '2016-03-24 06:01:17'),
(8811, 28, 31, '2016-04-07 16:33:46'),
(8812, 28, 35, '2016-01-24 12:36:44'),
(8813, 28, 14, '2015-11-24 16:40:16'),
(8814, 22, 23, '2016-02-15 23:39:47'),
(8815, 29, 33, '2016-03-26 10:37:07'),
(8816, 21, 20, '2015-09-15 17:48:15'),
(8817, 23, 11, '2016-02-18 20:07:11'),
(8818, 28, 6, '2016-03-13 19:56:49'),
(8819, 30, 1, '2016-02-29 10:09:45'),
(8820, 22, 38, '2015-06-04 22:37:52'),
(8821, 21, 28, '2016-02-16 01:00:56'),
(8822, 23, 7, '2015-11-16 14:40:30'),
(8823, 28, 6, '2015-05-21 19:10:21'),
(8824, 21, 30, '2016-02-17 01:59:31'),
(8825, 28, 25, '2015-10-10 04:22:58'),
(8826, 27, 2, '2015-05-07 17:56:28'),
(8827, 26, 26, '2016-01-05 10:35:38'),
(8828, 26, 13, '2015-09-04 09:57:40'),
(8829, 26, 20, '2015-12-03 23:47:45'),
(8830, 28, 6, '2015-06-29 22:28:12'),
(8831, 28, 22, '2016-02-19 16:48:47'),
(8832, 27, 26, '2016-03-18 04:08:24'),
(8833, 29, 38, '2016-04-18 15:27:24'),
(8834, 24, 6, '2015-07-03 00:17:49'),
(8835, 23, 34, '2015-04-30 12:33:18'),
(8836, 25, 19, '2015-12-19 12:32:28'),
(8837, 23, 15, '2015-12-21 22:53:25'),
(8838, 24, 15, '2015-11-07 21:13:50'),
(8839, 26, 26, '2015-06-07 03:11:17'),
(8840, 23, 6, '2016-02-15 11:17:24'),
(8841, 22, 39, '2015-08-08 19:16:22'),
(8842, 22, 16, '2015-10-04 20:41:47'),
(8843, 27, 5, '2016-04-15 21:36:52'),
(8844, 24, 33, '2016-03-31 10:46:03'),
(8845, 23, 15, '2016-03-09 13:30:22'),
(8846, 28, 1, '2015-06-24 21:42:58'),
(8847, 26, 23, '2016-02-18 07:57:43'),
(8848, 21, 18, '2015-04-22 01:01:26'),
(8849, 25, 25, '2016-02-09 05:22:47'),
(8850, 22, 34, '2016-04-07 14:15:00'),
(8851, 28, 19, '2015-11-14 14:49:45'),
(8852, 28, 25, '2015-09-08 12:30:18'),
(8853, 29, 30, '2016-02-07 17:45:10'),
(8854, 27, 5, '2015-07-24 05:25:24'),
(8855, 24, 28, '2015-12-01 08:46:37'),
(8856, 29, 4, '2016-02-27 00:37:26'),
(8857, 29, 26, '2016-03-15 05:43:19'),
(8858, 28, 21, '2015-06-28 17:56:37'),
(8859, 26, 8, '2015-04-27 02:42:34'),
(8860, 25, 6, '2016-04-04 05:21:32'),
(8861, 28, 6, '2015-07-06 06:35:31'),
(8862, 23, 6, '2016-02-05 22:02:45'),
(8863, 26, 12, '2015-08-17 06:04:51'),
(8864, 23, 25, '2015-07-20 04:26:36'),
(8865, 30, 23, '2016-03-31 22:38:23'),
(8866, 27, 25, '2015-12-01 18:59:59'),
(8867, 24, 34, '2016-03-26 04:33:35'),
(8868, 24, 15, '2015-09-12 03:12:11'),
(8869, 30, 26, '2016-04-20 14:07:18'),
(8870, 30, 25, '2015-06-11 10:20:52'),
(8871, 25, 19, '2015-05-30 04:50:37'),
(8872, 28, 12, '2015-05-27 13:41:15'),
(8873, 21, 7, '2015-08-06 02:35:23'),
(8874, 27, 22, '2016-01-13 03:38:08'),
(8875, 24, 32, '2015-04-25 02:19:24'),
(8876, 21, 31, '2015-05-21 23:25:01'),
(8877, 25, 39, '2015-12-11 08:27:23'),
(8878, 28, 1, '2015-10-17 22:19:03'),
(8879, 24, 30, '2015-11-06 14:16:04'),
(8880, 21, 18, '2016-01-07 00:14:10'),
(8881, 21, 23, '2015-08-12 07:42:22'),
(8882, 29, 18, '2015-12-09 15:21:08'),
(8883, 23, 25, '2016-01-21 00:42:04'),
(8884, 24, 12, '2016-03-23 18:41:45'),
(8885, 27, 27, '2015-05-07 07:57:01'),
(8886, 28, 38, '2016-01-01 14:42:27'),
(8887, 21, 17, '2016-04-06 23:56:00'),
(8888, 26, 6, '2015-11-05 19:53:02'),
(8889, 27, 40, '2015-10-18 19:34:42'),
(8890, 22, 33, '2015-12-08 18:49:51'),
(8891, 28, 18, '2015-12-25 04:41:28'),
(8892, 23, 10, '2015-09-07 20:17:02'),
(8893, 21, 28, '2016-02-12 14:44:31'),
(8894, 24, 2, '2016-03-18 23:18:48'),
(8895, 27, 16, '2015-06-21 12:52:57'),
(8896, 25, 34, '2015-06-03 13:12:46'),
(8897, 30, 10, '2015-07-01 03:48:16'),
(8898, 24, 27, '2016-02-29 15:22:35'),
(8899, 21, 21, '2016-02-22 16:53:45'),
(8900, 24, 38, '2016-01-14 07:19:16'),
(8901, 30, 40, '2015-09-22 11:02:29'),
(8902, 25, 2, '2016-01-13 22:00:34'),
(8903, 28, 37, '2015-09-30 21:49:23'),
(8904, 30, 11, '2015-10-10 16:27:29'),
(8905, 28, 37, '2015-07-19 02:18:39'),
(8906, 29, 13, '2015-12-01 10:21:17'),
(8907, 24, 30, '2015-09-10 05:14:45'),
(8908, 29, 21, '2015-08-12 23:13:07'),
(8909, 21, 3, '2016-03-23 09:11:48'),
(8910, 25, 32, '2015-05-05 05:35:28'),
(8911, 28, 7, '2015-10-17 03:27:54'),
(8912, 22, 31, '2016-04-14 22:34:04'),
(8913, 22, 20, '2015-07-30 05:21:43'),
(8914, 21, 13, '2015-08-12 04:35:19'),
(8915, 29, 5, '2015-11-19 08:44:36'),
(8916, 26, 39, '2015-12-31 14:29:00'),
(8917, 27, 8, '2015-12-17 15:01:14'),
(8918, 28, 22, '2015-07-01 20:02:52'),
(8919, 30, 26, '2015-10-21 12:31:18'),
(8920, 28, 23, '2015-05-29 05:19:57'),
(8921, 21, 39, '2015-12-05 08:01:06'),
(8922, 27, 15, '2016-02-16 14:16:31'),
(8923, 29, 37, '2016-02-08 19:13:19'),
(8924, 23, 2, '2015-08-06 01:01:15'),
(8925, 22, 22, '2015-06-09 12:20:59'),
(8926, 22, 32, '2015-05-13 17:27:57'),
(8927, 27, 20, '2015-06-13 16:34:32'),
(8928, 22, 35, '2015-11-11 03:15:39'),
(8929, 25, 5, '2015-12-31 09:45:45'),
(8930, 22, 16, '2016-03-30 23:02:33'),
(8931, 29, 2, '2016-04-03 02:34:35'),
(8932, 26, 37, '2015-11-03 10:07:11'),
(8933, 21, 33, '2015-08-14 06:37:21'),
(8934, 22, 34, '2016-04-12 09:33:48'),
(8935, 21, 39, '2016-01-04 12:37:27'),
(8936, 27, 34, '2015-11-29 00:30:07'),
(8937, 21, 35, '2015-05-18 22:20:40'),
(8938, 30, 27, '2015-10-14 08:49:40'),
(8939, 29, 39, '2015-05-05 19:23:53'),
(8940, 22, 12, '2016-01-21 16:29:35'),
(8941, 23, 25, '2015-11-09 16:40:37'),
(8942, 28, 16, '2015-06-25 20:35:45'),
(8943, 27, 40, '2015-11-16 01:00:47'),
(8944, 29, 33, '2015-10-21 06:46:51'),
(8945, 22, 24, '2015-07-08 09:10:15'),
(8946, 29, 32, '2016-02-16 21:24:01'),
(8947, 22, 37, '2015-05-17 18:49:59'),
(8948, 25, 6, '2015-05-05 15:42:56'),
(8949, 25, 25, '2015-05-13 08:12:21'),
(8950, 22, 37, '2015-12-25 21:48:36'),
(8951, 28, 2, '2016-03-14 13:13:12'),
(8952, 30, 25, '2015-12-08 10:36:19'),
(8953, 22, 5, '2015-05-01 19:15:26'),
(8954, 30, 27, '2015-06-19 04:08:22'),
(8955, 24, 9, '2015-06-19 05:01:27'),
(8956, 27, 1, '2015-09-16 14:52:04'),
(8957, 28, 2, '2015-10-03 16:43:53'),
(8958, 23, 13, '2015-12-22 08:48:49'),
(8959, 23, 25, '2015-08-15 10:31:30'),
(8960, 26, 30, '2016-01-28 10:26:26'),
(8961, 22, 23, '2015-11-12 01:54:26'),
(8962, 22, 22, '2015-05-18 11:54:01'),
(8963, 24, 35, '2015-05-15 09:49:46'),
(8964, 22, 27, '2015-11-26 08:47:49'),
(8965, 27, 16, '2016-02-02 18:31:48'),
(8966, 21, 31, '2016-03-20 20:10:17'),
(8967, 28, 35, '2016-02-24 14:13:50'),
(8968, 27, 38, '2015-11-11 04:11:23'),
(8969, 21, 31, '2015-06-13 11:06:55'),
(8970, 28, 31, '2016-02-05 16:31:05'),
(8971, 24, 13, '2016-02-20 23:58:26'),
(8972, 23, 27, '2015-07-18 07:02:47'),
(8973, 30, 33, '2015-05-30 13:40:28'),
(8974, 21, 4, '2015-08-25 06:20:09'),
(8975, 26, 20, '2015-12-30 22:15:00'),
(8976, 28, 36, '2015-07-30 10:43:52'),
(8977, 25, 11, '2016-02-27 05:36:17'),
(8978, 27, 10, '2016-03-25 09:04:23'),
(8979, 25, 38, '2015-08-30 03:54:58'),
(8980, 28, 11, '2015-10-08 08:47:51'),
(8981, 28, 9, '2016-03-24 07:39:31'),
(8982, 27, 7, '2015-10-31 02:22:15'),
(8983, 26, 15, '2015-07-20 20:06:29'),
(8984, 25, 35, '2016-02-28 12:36:35'),
(8985, 24, 21, '2015-08-17 11:23:10'),
(8986, 26, 32, '2015-06-04 16:22:40'),
(8987, 22, 17, '2016-02-21 09:21:03'),
(8988, 30, 1, '2015-05-14 01:01:20'),
(8989, 28, 6, '2015-08-31 21:00:22'),
(8990, 27, 33, '2015-06-05 03:38:56'),
(8991, 23, 38, '2015-11-09 16:50:44'),
(8992, 27, 28, '2015-07-23 07:21:50'),
(8993, 30, 34, '2015-05-26 20:07:41'),
(8994, 26, 12, '2015-09-11 09:51:35'),
(8995, 25, 5, '2015-08-24 19:07:01'),
(8996, 25, 37, '2016-03-09 13:59:45'),
(8997, 27, 11, '2015-10-19 18:01:38'),
(8998, 24, 18, '2015-08-05 07:42:22'),
(8999, 26, 16, '2015-05-17 13:59:54'),
(9000, 24, 27, '2015-07-19 10:39:25'),
(9001, 24, 9, '2016-04-03 15:47:53'),
(9002, 30, 15, '2016-01-21 04:55:10'),
(9003, 24, 39, '2015-06-22 06:35:34'),
(9004, 27, 5, '2016-03-23 12:46:29'),
(9005, 25, 8, '2015-07-24 23:06:08'),
(9006, 30, 20, '2016-02-12 18:55:05'),
(9007, 27, 35, '2015-05-11 15:44:48'),
(9008, 22, 22, '2015-12-14 21:32:26'),
(9009, 26, 29, '2016-01-19 21:54:53'),
(9010, 28, 29, '2015-07-17 12:20:51'),
(9011, 22, 30, '2015-12-06 08:19:14'),
(9012, 30, 27, '2015-05-09 19:58:20'),
(9013, 27, 18, '2015-09-22 18:54:21'),
(9014, 23, 25, '2015-09-28 18:39:50'),
(9015, 23, 35, '2015-11-28 06:23:02'),
(9016, 30, 15, '2015-07-21 02:49:12'),
(9017, 23, 30, '2015-12-18 10:01:54'),
(9018, 21, 2, '2015-06-11 03:31:43'),
(9019, 26, 20, '2015-06-10 20:55:18'),
(9020, 29, 26, '2016-01-18 06:24:49'),
(9021, 30, 14, '2016-03-18 21:59:12'),
(9022, 29, 35, '2015-08-18 07:04:41'),
(9023, 22, 32, '2015-07-19 16:47:49'),
(9024, 21, 18, '2016-04-12 08:15:08'),
(9025, 26, 4, '2015-07-06 03:17:05'),
(9026, 23, 33, '2015-05-23 07:43:51'),
(9027, 28, 33, '2016-01-25 19:12:20'),
(9028, 30, 3, '2015-12-26 10:16:22'),
(9029, 23, 18, '2015-12-04 17:40:12'),
(9030, 22, 28, '2015-09-29 17:41:04'),
(9031, 26, 10, '2015-06-23 13:03:02'),
(9032, 26, 16, '2015-09-27 21:51:58'),
(9033, 22, 34, '2016-03-29 06:36:02'),
(9034, 25, 22, '2015-10-22 19:55:41'),
(9035, 27, 9, '2015-08-01 23:59:32'),
(9036, 24, 9, '2015-12-14 12:19:29'),
(9037, 29, 29, '2015-11-08 13:22:31'),
(9038, 22, 27, '2015-08-17 10:20:31'),
(9039, 30, 5, '2016-03-28 08:45:07'),
(9040, 23, 35, '2015-10-23 22:08:37'),
(9041, 22, 11, '2015-11-08 20:06:03'),
(9042, 29, 19, '2015-11-09 01:23:25'),
(9043, 25, 8, '2015-09-28 15:52:00'),
(9044, 23, 20, '2016-02-03 16:42:13'),
(9045, 24, 25, '2016-03-10 14:22:04'),
(9046, 28, 14, '2015-09-06 19:12:09'),
(9047, 23, 31, '2015-06-01 21:14:16'),
(9048, 28, 12, '2015-07-09 21:49:17'),
(9049, 22, 36, '2015-07-05 12:49:13'),
(9050, 21, 15, '2015-07-16 18:13:37'),
(9051, 27, 40, '2015-10-08 07:20:29'),
(9052, 24, 29, '2015-12-12 17:11:38'),
(9053, 24, 15, '2015-11-17 23:42:37'),
(9054, 28, 7, '2015-07-17 00:57:45'),
(9055, 27, 27, '2015-11-19 19:15:33'),
(9056, 25, 28, '2016-03-28 13:04:31'),
(9057, 29, 28, '2016-02-27 15:25:48'),
(9058, 30, 13, '2015-08-02 15:53:32'),
(9059, 25, 25, '2015-10-14 02:56:44'),
(9060, 23, 22, '2016-03-29 20:00:02'),
(9061, 28, 4, '2015-06-24 01:08:52'),
(9062, 24, 30, '2015-10-26 17:18:20'),
(9063, 29, 13, '2016-01-01 13:24:37'),
(9064, 28, 38, '2015-10-25 10:41:58'),
(9065, 23, 40, '2015-06-19 20:19:26'),
(9066, 22, 28, '2016-01-05 18:03:53'),
(9067, 21, 17, '2015-08-22 23:03:50'),
(9068, 25, 32, '2015-12-01 07:29:57'),
(9069, 26, 19, '2015-07-09 12:28:45'),
(9070, 22, 3, '2015-04-26 22:25:34'),
(9071, 27, 3, '2016-02-08 20:55:39'),
(9072, 27, 12, '2015-10-18 16:54:50'),
(9073, 21, 6, '2015-06-08 08:16:47'),
(9074, 29, 21, '2015-04-28 11:47:27'),
(9075, 25, 37, '2015-10-29 16:53:29'),
(9076, 26, 2, '2016-02-04 20:30:34'),
(9077, 29, 6, '2016-04-20 14:10:27'),
(9078, 25, 24, '2016-03-07 00:06:59'),
(9079, 21, 16, '2015-12-17 17:47:21'),
(9080, 27, 5, '2015-11-27 13:44:08'),
(9081, 29, 14, '2016-02-26 03:32:40'),
(9082, 28, 23, '2015-10-31 12:30:43'),
(9083, 30, 14, '2015-06-17 22:46:13'),
(9084, 29, 23, '2015-12-13 19:45:26'),
(9085, 23, 36, '2016-02-06 08:43:01'),
(9086, 21, 14, '2016-04-19 16:50:29'),
(9087, 26, 23, '2015-08-03 13:25:24'),
(9088, 28, 14, '2015-10-14 17:05:16'),
(9089, 28, 28, '2015-08-07 08:30:28'),
(9090, 22, 26, '2015-09-20 04:31:20'),
(9091, 27, 22, '2015-06-20 08:12:31'),
(9092, 21, 1, '2015-12-03 11:08:34'),
(9093, 23, 37, '2015-09-16 22:58:35'),
(9094, 24, 18, '2016-01-02 22:26:50'),
(9095, 26, 8, '2015-12-28 03:57:26'),
(9096, 24, 27, '2015-08-24 11:16:52'),
(9097, 25, 33, '2015-08-03 05:17:02'),
(9098, 23, 33, '2016-01-27 17:24:03'),
(9099, 22, 24, '2016-04-13 13:38:58'),
(9100, 30, 30, '2015-09-28 18:06:43'),
(9101, 24, 37, '2015-05-28 02:56:46'),
(9102, 22, 27, '2015-06-21 21:41:21'),
(9103, 23, 26, '2015-08-30 09:11:13'),
(9104, 30, 38, '2015-05-14 21:42:31'),
(9105, 23, 8, '2015-12-24 17:39:51'),
(9106, 24, 9, '2015-10-23 17:23:14'),
(9107, 28, 13, '2015-07-19 10:17:02'),
(9108, 24, 1, '2015-10-30 15:29:46'),
(9109, 23, 22, '2015-07-25 03:14:22'),
(9110, 28, 27, '2015-05-03 06:18:33'),
(9111, 21, 34, '2016-04-10 18:38:32'),
(9112, 28, 6, '2015-07-15 04:44:29'),
(9113, 27, 5, '2015-06-10 03:26:09'),
(9114, 30, 39, '2016-03-15 15:28:01'),
(9115, 24, 39, '2016-04-12 12:47:51'),
(9116, 24, 16, '2016-03-05 19:04:35'),
(9117, 24, 36, '2015-11-25 00:34:01'),
(9118, 30, 25, '2016-01-26 02:23:25'),
(9119, 28, 12, '2015-08-16 12:08:45'),
(9120, 27, 25, '2016-02-23 00:41:26'),
(9121, 28, 9, '2015-05-17 00:43:05'),
(9122, 22, 6, '2016-03-08 05:27:09'),
(9123, 29, 3, '2016-01-25 00:17:00'),
(9124, 23, 2, '2015-10-01 02:19:35'),
(9125, 22, 17, '2015-07-27 22:06:50'),
(9126, 26, 38, '2015-06-16 03:29:03'),
(9127, 30, 9, '2016-02-29 11:21:08'),
(9128, 25, 39, '2015-07-26 05:42:42'),
(9129, 24, 14, '2015-12-29 07:26:33'),
(9130, 30, 31, '2015-06-12 17:06:55'),
(9131, 28, 18, '2015-10-28 06:28:15'),
(9132, 29, 35, '2016-04-17 20:25:33'),
(9133, 23, 18, '2015-05-10 17:16:26'),
(9134, 30, 7, '2016-04-04 02:55:35'),
(9135, 30, 35, '2015-10-18 01:32:54'),
(9136, 25, 11, '2015-06-10 12:48:10'),
(9137, 28, 23, '2015-07-16 15:35:10'),
(9138, 22, 15, '2015-11-07 10:28:06'),
(9139, 27, 23, '2015-07-02 21:15:05'),
(9140, 23, 7, '2016-01-14 15:45:22'),
(9141, 30, 26, '2015-07-22 14:14:18'),
(9142, 21, 27, '2015-05-21 13:00:16'),
(9143, 23, 28, '2016-01-15 04:32:03'),
(9144, 24, 18, '2015-07-23 20:36:50'),
(9145, 29, 13, '2015-08-07 19:13:20'),
(9146, 28, 40, '2015-05-22 19:12:08'),
(9147, 23, 26, '2015-04-23 23:46:14'),
(9148, 24, 7, '2016-01-29 17:41:26'),
(9149, 28, 9, '2016-02-05 11:46:59'),
(9150, 29, 25, '2015-09-06 07:51:24'),
(9151, 22, 32, '2015-08-03 06:05:00'),
(9152, 21, 17, '2015-05-01 09:55:27'),
(9153, 26, 3, '2015-11-28 01:53:11'),
(9154, 22, 40, '2015-04-26 07:54:56'),
(9155, 29, 14, '2016-04-07 02:58:05'),
(9156, 23, 25, '2015-08-18 12:57:25'),
(9157, 24, 28, '2015-12-20 19:18:35'),
(9158, 24, 2, '2015-06-28 08:36:34'),
(9159, 28, 25, '2016-01-25 23:44:26'),
(9160, 24, 28, '2015-10-31 10:55:15'),
(9161, 29, 12, '2015-11-01 05:37:28'),
(9162, 27, 15, '2015-11-24 05:25:58'),
(9163, 29, 21, '2016-04-02 16:44:24'),
(9164, 25, 1, '2015-05-12 20:46:22'),
(9165, 24, 35, '2016-02-29 01:21:45'),
(9166, 22, 1, '2015-05-23 12:11:02'),
(9167, 28, 33, '2015-05-04 21:21:41'),
(9168, 27, 39, '2016-01-19 06:07:50'),
(9169, 30, 25, '2016-01-30 15:17:10'),
(9170, 27, 16, '2015-06-24 23:45:04'),
(9171, 26, 33, '2016-03-11 02:27:09'),
(9172, 29, 25, '2015-08-17 02:12:41'),
(9173, 23, 5, '2015-07-22 16:09:13'),
(9174, 26, 4, '2015-11-15 22:20:40'),
(9175, 25, 1, '2015-10-01 21:15:45'),
(9176, 29, 23, '2015-08-08 04:00:17'),
(9177, 21, 10, '2016-03-21 16:31:53'),
(9178, 27, 32, '2015-09-28 16:10:11'),
(9179, 25, 8, '2016-02-26 07:30:54'),
(9180, 27, 38, '2015-07-23 10:54:28'),
(9181, 26, 35, '2015-09-13 03:22:58'),
(9182, 21, 26, '2015-04-22 20:52:50'),
(9183, 23, 33, '2015-06-26 15:54:56'),
(9184, 28, 15, '2015-09-25 15:42:42'),
(9185, 21, 7, '2015-07-13 10:20:03'),
(9186, 29, 21, '2016-03-09 19:07:57'),
(9187, 26, 35, '2015-08-20 07:35:56'),
(9188, 25, 22, '2015-11-07 06:57:55'),
(9189, 30, 14, '2015-07-08 14:43:02'),
(9190, 30, 21, '2016-02-24 02:31:48'),
(9191, 23, 35, '2015-06-20 09:11:45'),
(9192, 23, 22, '2015-10-29 01:49:20'),
(9193, 24, 17, '2016-04-18 11:51:12'),
(9194, 27, 10, '2015-11-13 01:26:53'),
(9195, 21, 33, '2016-03-01 22:17:34'),
(9196, 23, 9, '2015-12-15 00:40:58'),
(9197, 21, 18, '2016-02-18 13:11:06'),
(9198, 28, 11, '2015-07-20 18:21:16'),
(9199, 28, 21, '2015-08-22 22:43:45'),
(9200, 26, 23, '2015-11-17 06:49:13'),
(9201, 21, 1, '2015-10-24 08:59:02'),
(9202, 24, 26, '2015-09-07 17:00:02'),
(9203, 27, 17, '2015-12-01 13:53:47'),
(9204, 21, 37, '2015-11-07 07:08:14'),
(9205, 30, 22, '2015-10-18 02:58:35'),
(9206, 21, 24, '2016-03-14 20:10:39'),
(9207, 28, 13, '2016-02-13 00:12:52'),
(9208, 29, 29, '2015-12-24 08:36:03'),
(9209, 28, 3, '2015-11-22 06:32:01'),
(9210, 28, 15, '2016-01-06 07:19:18'),
(9211, 22, 18, '2015-06-04 17:14:00'),
(9212, 23, 36, '2016-01-09 15:20:35'),
(9213, 25, 39, '2015-07-26 10:04:03'),
(9214, 21, 21, '2015-11-09 08:27:49'),
(9215, 24, 6, '2016-01-19 22:45:25'),
(9216, 22, 32, '2015-09-14 20:50:27'),
(9217, 23, 27, '2015-09-20 10:41:26'),
(9218, 29, 29, '2015-12-29 21:32:02'),
(9219, 28, 6, '2015-09-23 01:57:39'),
(9220, 26, 6, '2016-03-11 11:23:41'),
(9221, 26, 17, '2016-02-18 11:02:25'),
(9222, 26, 24, '2015-05-24 19:38:04'),
(9223, 24, 34, '2016-03-01 23:33:11'),
(9224, 26, 38, '2016-03-01 21:57:29'),
(9225, 27, 31, '2015-12-29 14:35:58'),
(9226, 23, 33, '2015-07-08 17:41:55'),
(9227, 26, 28, '2016-04-18 00:26:30'),
(9228, 30, 15, '2015-05-17 15:27:26'),
(9229, 26, 5, '2015-12-20 17:24:19'),
(9230, 22, 39, '2016-04-09 23:16:13'),
(9231, 29, 15, '2015-04-26 04:38:16'),
(9232, 24, 13, '2016-02-26 00:33:28'),
(9233, 23, 26, '2015-08-29 04:08:21'),
(9234, 26, 6, '2016-04-07 19:45:33'),
(9235, 26, 7, '2015-05-01 01:24:54'),
(9236, 26, 39, '2015-11-24 00:21:18'),
(9237, 22, 10, '2015-11-25 22:07:59'),
(9238, 28, 3, '2016-03-21 22:14:04'),
(9239, 22, 15, '2015-12-27 23:17:54'),
(9240, 22, 39, '2015-12-11 05:55:06'),
(9241, 23, 24, '2016-01-22 08:00:38'),
(9242, 21, 17, '2016-03-26 15:42:43'),
(9243, 23, 4, '2015-05-06 23:59:39'),
(9244, 22, 40, '2015-11-24 04:15:30'),
(9245, 28, 34, '2015-11-15 09:50:15'),
(9246, 29, 13, '2015-11-19 22:50:22'),
(9247, 25, 15, '2015-12-24 09:50:02'),
(9248, 24, 15, '2015-05-02 20:47:22'),
(9249, 30, 1, '2016-01-25 06:00:44'),
(9250, 22, 1, '2015-11-04 12:31:16'),
(9251, 22, 26, '2015-05-09 23:44:36'),
(9252, 30, 39, '2015-06-05 01:28:38'),
(9253, 27, 7, '2015-08-12 18:53:20'),
(9254, 24, 2, '2015-07-14 16:42:51'),
(9255, 26, 38, '2015-07-24 01:59:46'),
(9256, 24, 22, '2015-06-26 17:29:48'),
(9257, 26, 37, '2016-04-08 14:54:54'),
(9258, 29, 30, '2015-07-09 01:46:43'),
(9259, 24, 12, '2015-07-26 23:49:33'),
(9260, 23, 27, '2016-01-26 09:54:01'),
(9261, 27, 23, '2015-04-23 03:04:52'),
(9262, 27, 30, '2015-10-09 22:01:12'),
(9263, 21, 37, '2015-09-03 04:38:00'),
(9264, 27, 18, '2015-11-09 08:11:19'),
(9265, 29, 36, '2015-09-03 00:24:15'),
(9266, 25, 38, '2016-02-06 09:47:30'),
(9267, 24, 39, '2016-02-09 20:38:57'),
(9268, 29, 21, '2016-04-17 00:10:42'),
(9269, 30, 5, '2015-05-10 13:09:20'),
(9270, 29, 7, '2015-12-28 15:29:13'),
(9271, 26, 11, '2015-06-17 03:27:27'),
(9272, 24, 7, '2016-03-04 20:32:26'),
(9273, 27, 34, '2015-11-09 08:16:04'),
(9274, 28, 21, '2016-02-25 19:58:13'),
(9275, 27, 25, '2016-03-02 02:47:03'),
(9276, 26, 19, '2016-01-17 20:10:39'),
(9277, 22, 37, '2015-07-07 10:46:34'),
(9278, 21, 17, '2016-04-04 05:36:57'),
(9279, 22, 2, '2016-03-03 09:07:54'),
(9280, 22, 10, '2015-07-02 08:05:24'),
(9281, 29, 16, '2015-10-18 10:03:35'),
(9282, 28, 34, '2016-02-14 07:58:18'),
(9283, 27, 23, '2016-02-18 05:05:06'),
(9284, 30, 32, '2015-11-28 06:44:14'),
(9285, 23, 30, '2015-09-30 15:42:08'),
(9286, 29, 19, '2015-12-14 13:09:10'),
(9287, 24, 17, '2015-05-25 08:55:40'),
(9288, 23, 11, '2015-06-10 23:47:21'),
(9289, 27, 30, '2015-04-28 11:10:06'),
(9290, 21, 14, '2015-11-14 11:07:52'),
(9291, 30, 39, '2015-06-08 10:10:58'),
(9292, 26, 38, '2015-08-06 12:44:45'),
(9293, 30, 19, '2015-11-03 17:56:50'),
(9294, 24, 30, '2015-12-07 08:54:00'),
(9295, 26, 13, '2015-08-17 04:17:29'),
(9296, 25, 30, '2015-05-21 01:00:18'),
(9297, 23, 23, '2015-06-12 14:51:25'),
(9298, 26, 23, '2016-02-14 21:49:57'),
(9299, 28, 2, '2015-11-10 09:05:31'),
(9300, 21, 39, '2015-05-08 07:09:11'),
(9301, 28, 38, '2015-12-06 18:25:36'),
(9302, 28, 33, '2015-07-23 18:29:17'),
(9303, 25, 29, '2015-09-21 09:28:48'),
(9304, 22, 6, '2015-05-26 09:57:56'),
(9305, 23, 40, '2015-04-21 00:14:03'),
(9306, 24, 7, '2016-04-13 13:43:47'),
(9307, 30, 11, '2016-01-21 21:28:28'),
(9308, 30, 7, '2015-04-21 07:53:59'),
(9309, 26, 8, '2015-07-15 17:03:41'),
(9310, 25, 10, '2015-09-10 07:40:55'),
(9311, 21, 3, '2015-07-27 05:23:10'),
(9312, 27, 17, '2015-08-20 05:26:29'),
(9313, 27, 7, '2015-06-01 13:59:25'),
(9314, 21, 36, '2015-08-08 16:16:25'),
(9315, 30, 19, '2016-03-12 10:59:05'),
(9316, 26, 10, '2015-10-13 12:12:45'),
(9317, 26, 22, '2015-08-14 12:48:19'),
(9318, 22, 27, '2016-01-09 23:40:32'),
(9319, 28, 26, '2015-09-03 00:59:21'),
(9320, 21, 2, '2015-08-22 12:37:17'),
(9321, 24, 8, '2016-01-23 05:49:32'),
(9322, 23, 27, '2015-09-25 01:04:15'),
(9323, 24, 34, '2016-02-16 03:48:33'),
(9324, 21, 22, '2016-01-21 06:34:37'),
(9325, 29, 11, '2016-04-01 15:13:43'),
(9326, 30, 6, '2015-06-19 12:15:04'),
(9327, 23, 14, '2016-01-31 04:20:31'),
(9328, 25, 27, '2016-02-12 09:57:07'),
(9329, 24, 9, '2015-12-03 19:12:14'),
(9330, 23, 36, '2015-10-08 09:09:37'),
(9331, 21, 18, '2015-04-21 04:50:46'),
(9332, 28, 2, '2016-03-06 21:46:29'),
(9333, 22, 11, '2015-12-15 16:29:03'),
(9334, 27, 3, '2015-07-19 00:54:57'),
(9335, 22, 27, '2016-03-29 13:44:00'),
(9336, 25, 5, '2015-12-13 04:58:32'),
(9337, 25, 22, '2015-12-11 09:25:09'),
(9338, 28, 2, '2015-04-22 09:38:27'),
(9339, 25, 27, '2015-09-14 07:01:40'),
(9340, 23, 27, '2016-01-02 02:11:00'),
(9341, 30, 29, '2015-10-25 19:23:11'),
(9342, 21, 14, '2015-05-08 08:14:02'),
(9343, 25, 11, '2015-09-08 02:31:53'),
(9344, 27, 23, '2015-10-10 16:51:07'),
(9345, 24, 3, '2015-05-10 20:07:08'),
(9346, 29, 4, '2016-01-24 04:16:01'),
(9347, 30, 34, '2015-11-11 00:34:40'),
(9348, 27, 3, '2015-11-27 01:05:21'),
(9349, 28, 15, '2015-08-15 20:33:22'),
(9350, 23, 21, '2016-04-13 02:31:46'),
(9351, 25, 31, '2015-06-18 03:25:54'),
(9352, 27, 7, '2015-08-05 05:16:35'),
(9353, 26, 13, '2015-07-03 20:44:54'),
(9354, 30, 5, '2015-11-05 17:11:33'),
(9355, 22, 18, '2015-10-03 00:08:32'),
(9356, 24, 33, '2015-11-20 20:57:12'),
(9357, 21, 7, '2015-09-13 08:25:19'),
(9358, 24, 17, '2015-05-31 13:39:22'),
(9359, 25, 25, '2015-12-05 22:32:16'),
(9360, 27, 17, '2016-03-19 08:47:01'),
(9361, 26, 21, '2015-08-08 08:18:34'),
(9362, 30, 16, '2015-10-13 16:25:15'),
(9363, 30, 21, '2016-04-13 04:33:20'),
(9364, 27, 14, '2015-11-07 00:16:37'),
(9365, 28, 11, '2016-02-14 10:45:49'),
(9366, 30, 34, '2015-08-12 17:04:24'),
(9367, 30, 33, '2016-03-18 21:44:06'),
(9368, 21, 18, '2016-02-15 01:24:38'),
(9369, 26, 16, '2015-07-28 07:18:05'),
(9370, 24, 15, '2015-05-21 02:45:30'),
(9371, 25, 15, '2015-07-12 00:00:29'),
(9372, 29, 26, '2015-05-06 07:23:49'),
(9373, 25, 30, '2015-05-18 13:07:53'),
(9374, 21, 7, '2015-08-19 18:22:07'),
(9375, 28, 39, '2016-02-02 20:25:42'),
(9376, 21, 15, '2015-08-08 15:29:19'),
(9377, 29, 31, '2015-10-26 08:11:15'),
(9378, 26, 19, '2015-12-21 11:29:55'),
(9379, 30, 37, '2015-07-18 08:56:22'),
(9380, 25, 39, '2015-06-02 14:03:08'),
(9381, 23, 16, '2016-02-12 06:28:11'),
(9382, 24, 15, '2015-12-27 20:31:20'),
(9383, 29, 14, '2015-08-02 21:06:31'),
(9384, 27, 7, '2015-06-16 21:50:33'),
(9385, 24, 29, '2016-02-29 09:20:12'),
(9386, 22, 17, '2016-02-05 02:54:17'),
(9387, 29, 34, '2016-03-07 10:28:41'),
(9388, 24, 16, '2015-09-21 16:08:22'),
(9389, 28, 38, '2015-06-01 20:13:28'),
(9390, 29, 5, '2015-05-06 11:53:54'),
(9391, 23, 18, '2015-04-21 06:55:02'),
(9392, 30, 2, '2016-01-26 04:57:04'),
(9393, 26, 26, '2016-02-05 08:56:40'),
(9394, 29, 11, '2016-02-14 08:11:24'),
(9395, 21, 27, '2015-05-29 19:47:03'),
(9396, 25, 31, '2015-11-12 11:38:00'),
(9397, 29, 26, '2015-05-23 20:04:55'),
(9398, 23, 22, '2015-07-11 21:43:43'),
(9399, 27, 32, '2015-06-02 01:32:07'),
(9400, 24, 19, '2015-12-20 13:58:01'),
(9401, 23, 20, '2015-11-29 09:20:26'),
(9402, 24, 34, '2015-06-10 09:54:38'),
(9403, 28, 21, '2015-08-16 13:20:51'),
(9404, 24, 21, '2015-12-16 14:25:31'),
(9405, 29, 17, '2015-09-25 17:20:36'),
(9406, 27, 1, '2015-11-21 06:15:50'),
(9407, 28, 14, '2015-04-21 16:52:52'),
(9408, 26, 35, '2016-01-14 02:27:54'),
(9409, 22, 10, '2016-03-27 18:10:01'),
(9410, 23, 35, '2015-12-05 09:37:57'),
(9411, 24, 12, '2016-04-15 06:09:42'),
(9412, 27, 35, '2016-02-18 13:02:43'),
(9413, 26, 14, '2015-09-28 03:15:44'),
(9414, 24, 22, '2015-10-02 08:44:45'),
(9415, 22, 18, '2016-04-14 23:31:53'),
(9416, 22, 36, '2015-12-16 21:46:19'),
(9417, 21, 28, '2015-05-13 08:45:28'),
(9418, 22, 20, '2016-04-14 17:33:15'),
(9419, 28, 21, '2016-03-11 18:14:06'),
(9420, 21, 20, '2015-09-01 04:58:24'),
(9421, 28, 10, '2016-03-02 17:41:46'),
(9422, 28, 31, '2015-12-28 00:41:32'),
(9423, 22, 14, '2016-03-24 06:40:28'),
(9424, 29, 2, '2016-04-16 17:21:09'),
(9425, 22, 37, '2015-09-11 19:03:31'),
(9426, 27, 18, '2016-02-07 11:00:47'),
(9427, 22, 37, '2015-07-08 18:20:05'),
(9428, 27, 12, '2015-10-24 16:18:22'),
(9429, 26, 21, '2015-06-26 09:02:16'),
(9430, 26, 7, '2015-11-27 00:38:25'),
(9431, 27, 16, '2015-12-18 04:25:15'),
(9432, 21, 5, '2016-01-10 13:18:33'),
(9433, 21, 18, '2015-09-18 15:25:00'),
(9434, 26, 22, '2015-08-26 08:38:17'),
(9435, 30, 11, '2015-10-19 20:53:23'),
(9436, 24, 40, '2016-01-15 01:43:24'),
(9437, 26, 20, '2015-11-01 06:34:24'),
(9438, 27, 4, '2015-12-06 06:52:03'),
(9439, 21, 36, '2015-09-25 00:28:15'),
(9440, 22, 27, '2015-11-20 15:32:50'),
(9441, 23, 35, '2016-01-23 09:31:31'),
(9442, 30, 5, '2015-08-28 17:35:21'),
(9443, 21, 30, '2016-02-29 22:55:13'),
(9444, 28, 34, '2016-02-21 14:46:04'),
(9445, 21, 39, '2015-06-28 08:33:46'),
(9446, 21, 28, '2015-12-25 16:37:28'),
(9447, 25, 9, '2015-11-02 18:43:58'),
(9448, 22, 31, '2016-03-15 12:31:25'),
(9449, 24, 38, '2016-03-28 11:02:22'),
(9450, 23, 17, '2015-12-02 17:55:28'),
(9451, 28, 34, '2015-04-30 13:51:59'),
(9452, 23, 4, '2015-09-11 17:09:45'),
(9453, 28, 19, '2015-08-12 21:08:06'),
(9454, 30, 39, '2016-01-01 22:26:59'),
(9455, 25, 24, '2015-05-10 06:41:46'),
(9456, 23, 10, '2015-09-02 23:16:55'),
(9457, 29, 25, '2015-12-12 03:12:45'),
(9458, 29, 38, '2016-01-20 12:23:36'),
(9459, 27, 21, '2016-03-06 16:14:39'),
(9460, 27, 26, '2015-07-08 18:12:19'),
(9461, 23, 3, '2015-05-09 06:17:39'),
(9462, 23, 26, '2015-08-30 22:12:43'),
(9463, 28, 32, '2015-07-23 16:10:10'),
(9464, 23, 28, '2015-11-02 12:13:26'),
(9465, 22, 12, '2015-04-21 19:09:58'),
(9466, 23, 24, '2015-10-19 15:42:58'),
(9467, 25, 17, '2015-12-07 07:13:19'),
(9468, 22, 30, '2016-02-06 13:26:46'),
(9469, 27, 5, '2015-07-30 20:41:27'),
(9470, 25, 8, '2016-02-20 18:47:51'),
(9471, 22, 18, '2016-04-18 16:40:11'),
(9472, 25, 38, '2015-11-03 19:15:38'),
(9473, 22, 30, '2016-02-24 20:10:23'),
(9474, 23, 4, '2015-10-12 03:04:24'),
(9475, 22, 33, '2016-03-25 23:58:03'),
(9476, 28, 8, '2015-12-09 06:34:54'),
(9477, 28, 3, '2015-06-03 04:58:40'),
(9478, 23, 33, '2015-05-23 20:19:32'),
(9479, 22, 39, '2015-09-18 00:17:38'),
(9480, 30, 39, '2016-01-16 08:01:30'),
(9481, 25, 4, '2015-10-17 02:49:36'),
(9482, 26, 12, '2015-08-07 08:04:11'),
(9483, 22, 1, '2016-03-03 03:23:23'),
(9484, 22, 34, '2015-09-15 03:19:42'),
(9485, 25, 24, '2016-02-12 08:31:06'),
(9486, 30, 11, '2015-12-08 07:20:54'),
(9487, 21, 10, '2016-01-21 12:50:44'),
(9488, 25, 27, '2016-01-29 21:25:06'),
(9489, 27, 4, '2015-08-10 15:39:48'),
(9490, 29, 35, '2015-06-19 22:51:17'),
(9491, 23, 38, '2015-10-05 10:34:18'),
(9492, 29, 17, '2016-02-05 20:33:23'),
(9493, 26, 11, '2015-07-11 00:36:24'),
(9494, 25, 31, '2016-04-10 16:02:18'),
(9495, 27, 32, '2015-07-22 02:06:27'),
(9496, 27, 40, '2015-12-18 17:15:36'),
(9497, 25, 28, '2015-09-10 00:00:12'),
(9498, 28, 24, '2015-05-20 07:43:12'),
(9499, 29, 9, '2016-02-23 10:07:34'),
(9500, 21, 37, '2016-03-28 22:28:25'),
(9501, 21, 8, '2015-09-14 23:36:25'),
(9502, 24, 14, '2016-02-24 20:05:23'),
(9503, 28, 1, '2015-08-17 04:49:24'),
(9504, 25, 26, '2015-11-19 06:25:47'),
(9505, 27, 19, '2016-03-13 04:04:44'),
(9506, 28, 14, '2015-10-17 05:00:32'),
(9507, 28, 32, '2015-10-14 08:07:47'),
(9508, 30, 40, '2015-10-27 02:22:13'),
(9509, 22, 20, '2016-01-28 09:28:56'),
(9510, 23, 27, '2015-12-03 00:10:45'),
(9511, 29, 2, '2015-06-21 08:42:51'),
(9512, 30, 7, '2015-08-30 00:51:25'),
(9513, 23, 25, '2016-02-08 18:38:46'),
(9514, 26, 2, '2015-09-06 11:03:01'),
(9515, 24, 16, '2015-11-16 19:48:50'),
(9516, 28, 1, '2015-06-16 03:44:38'),
(9517, 22, 8, '2015-05-21 22:24:52'),
(9518, 22, 13, '2016-04-04 00:46:59'),
(9519, 27, 25, '2016-02-11 17:32:19'),
(9520, 21, 21, '2015-08-09 07:51:52'),
(9521, 26, 14, '2015-06-12 05:19:23'),
(9522, 24, 30, '2015-11-01 15:03:48'),
(9523, 21, 35, '2015-12-24 15:27:42'),
(9524, 28, 3, '2015-06-03 01:55:50'),
(9525, 21, 21, '2015-11-03 03:07:22'),
(9526, 28, 11, '2015-07-13 04:12:18'),
(9527, 28, 29, '2015-09-30 08:23:54'),
(9528, 25, 15, '2015-11-11 07:31:47'),
(9529, 26, 26, '2016-01-27 08:49:49');
INSERT INTO `mytable` (`id`, `user_id`, `feed_id`, `date_added`) VALUES
(9530, 25, 12, '2015-07-03 18:00:07'),
(9531, 30, 11, '2016-04-04 03:55:31'),
(9532, 24, 8, '2015-10-16 01:48:34'),
(9533, 21, 11, '2016-03-08 12:19:31'),
(9534, 24, 25, '2015-09-20 11:39:36'),
(9535, 30, 34, '2015-06-06 09:19:27'),
(9536, 27, 3, '2015-12-19 04:59:24'),
(9537, 22, 11, '2015-12-06 12:02:10'),
(9538, 26, 16, '2015-07-15 21:12:54'),
(9539, 25, 40, '2016-03-09 00:44:37'),
(9540, 22, 9, '2015-08-06 19:30:11'),
(9541, 30, 12, '2015-10-16 19:53:01'),
(9542, 24, 26, '2015-05-07 01:44:36'),
(9543, 27, 10, '2016-03-08 13:59:40'),
(9544, 22, 40, '2015-09-19 06:04:46'),
(9545, 29, 25, '2015-11-24 10:43:42'),
(9546, 29, 28, '2015-12-25 02:52:40'),
(9547, 23, 25, '2015-06-21 05:07:39'),
(9548, 28, 23, '2016-03-25 05:50:18'),
(9549, 27, 7, '2015-12-14 05:59:28'),
(9550, 28, 12, '2015-07-10 18:30:53'),
(9551, 28, 30, '2015-10-19 03:21:40'),
(9552, 27, 31, '2015-07-01 16:49:51'),
(9553, 22, 8, '2015-07-31 20:27:27'),
(9554, 22, 20, '2016-03-12 10:35:43'),
(9555, 22, 31, '2015-11-10 13:08:47'),
(9556, 30, 31, '2016-04-01 17:15:54'),
(9557, 30, 35, '2015-12-04 15:44:52'),
(9558, 22, 23, '2015-12-09 23:20:41'),
(9559, 29, 38, '2015-07-22 07:51:20'),
(9560, 26, 27, '2016-04-16 10:36:26'),
(9561, 21, 8, '2016-02-20 22:31:35'),
(9562, 25, 40, '2015-12-15 23:55:44'),
(9563, 30, 39, '2015-12-29 05:56:58'),
(9564, 28, 17, '2015-08-16 20:23:06'),
(9565, 26, 22, '2015-10-08 17:37:47'),
(9566, 29, 4, '2015-10-26 03:19:48'),
(9567, 30, 27, '2016-04-06 08:07:34'),
(9568, 23, 12, '2015-11-21 18:12:33'),
(9569, 23, 26, '2015-07-31 22:16:52'),
(9570, 22, 38, '2016-01-25 03:34:16'),
(9571, 22, 35, '2015-12-17 18:32:01'),
(9572, 25, 20, '2016-01-03 14:04:49'),
(9573, 30, 2, '2015-05-22 10:48:03'),
(9574, 21, 27, '2016-03-01 00:25:59'),
(9575, 26, 11, '2015-08-25 22:13:47'),
(9576, 24, 29, '2015-12-05 23:17:34'),
(9577, 29, 34, '2016-01-01 18:53:25'),
(9578, 27, 25, '2015-05-09 05:36:07'),
(9579, 26, 32, '2015-10-25 02:16:30'),
(9580, 26, 36, '2016-04-16 07:35:15'),
(9581, 22, 24, '2015-09-21 15:29:32'),
(9582, 23, 38, '2016-02-29 21:06:53'),
(9583, 22, 29, '2016-04-18 00:48:10'),
(9584, 23, 8, '2015-11-01 23:23:32'),
(9585, 26, 19, '2015-05-26 10:28:50'),
(9586, 28, 12, '2015-07-15 17:57:06'),
(9587, 23, 24, '2015-12-25 06:37:35'),
(9588, 26, 21, '2015-12-23 13:25:37'),
(9589, 27, 17, '2016-02-29 08:23:22'),
(9590, 22, 28, '2016-03-02 07:28:46'),
(9591, 26, 40, '2015-05-02 14:22:10'),
(9592, 22, 40, '2015-12-23 12:06:58'),
(9593, 21, 8, '2016-04-11 19:08:04'),
(9594, 27, 22, '2015-09-26 03:01:26'),
(9595, 29, 11, '2015-10-04 16:09:02'),
(9596, 30, 21, '2015-05-28 23:36:06'),
(9597, 26, 3, '2016-03-29 10:28:39'),
(9598, 27, 34, '2016-02-09 04:12:46'),
(9599, 25, 18, '2015-06-29 15:44:27'),
(9600, 22, 29, '2015-06-07 17:20:43'),
(9601, 25, 22, '2015-05-11 21:30:06'),
(9602, 23, 17, '2015-05-12 04:51:02'),
(9603, 27, 39, '2015-07-26 09:50:31'),
(9604, 27, 8, '2015-07-26 08:52:53'),
(9605, 22, 13, '2016-02-25 23:08:03'),
(9606, 28, 25, '2015-09-03 09:11:32'),
(9607, 25, 11, '2015-04-26 01:25:33'),
(9608, 26, 11, '2016-01-23 11:58:15'),
(9609, 30, 18, '2016-01-08 19:37:18'),
(9610, 21, 27, '2016-02-11 23:33:39'),
(9611, 25, 36, '2016-02-17 01:22:16'),
(9612, 25, 21, '2016-02-17 18:44:37'),
(9613, 25, 34, '2015-04-28 20:56:42'),
(9614, 21, 35, '2015-10-27 22:05:07'),
(9615, 27, 8, '2016-02-07 17:30:06'),
(9616, 29, 15, '2015-08-11 07:12:52'),
(9617, 30, 33, '2015-11-04 00:18:17'),
(9618, 22, 33, '2015-07-29 19:39:31'),
(9619, 22, 14, '2015-05-05 10:53:00'),
(9620, 28, 23, '2015-11-08 23:50:29'),
(9621, 22, 23, '2015-11-15 15:56:09'),
(9622, 22, 4, '2015-12-09 02:12:14'),
(9623, 23, 35, '2015-06-19 02:01:04'),
(9624, 24, 35, '2015-10-28 18:21:41'),
(9625, 25, 17, '2015-07-06 13:37:26'),
(9626, 22, 17, '2015-06-13 21:39:01'),
(9627, 21, 26, '2016-03-26 19:27:50'),
(9628, 22, 23, '2015-10-16 08:59:25'),
(9629, 22, 36, '2015-06-22 14:13:16'),
(9630, 28, 5, '2016-01-22 14:56:18'),
(9631, 21, 38, '2015-06-21 22:50:59'),
(9632, 21, 14, '2015-11-12 19:12:21'),
(9633, 28, 23, '2016-04-07 06:44:43'),
(9634, 29, 7, '2015-05-11 16:20:39'),
(9635, 23, 6, '2015-08-14 21:26:17'),
(9636, 26, 39, '2015-11-24 15:20:23'),
(9637, 22, 32, '2015-06-26 02:28:04'),
(9638, 23, 15, '2016-03-30 01:12:46'),
(9639, 26, 23, '2016-04-09 03:32:48'),
(9640, 27, 29, '2015-12-27 14:39:21'),
(9641, 21, 3, '2015-05-03 16:00:31'),
(9642, 29, 31, '2015-11-20 03:13:36'),
(9643, 28, 28, '2015-05-09 17:24:08'),
(9644, 21, 33, '2015-06-05 21:48:40'),
(9645, 24, 34, '2015-12-05 15:25:11'),
(9646, 23, 24, '2016-02-04 11:41:29'),
(9647, 26, 17, '2016-04-03 15:40:47'),
(9648, 21, 17, '2015-10-15 15:06:18'),
(9649, 26, 1, '2016-01-01 01:32:51'),
(9650, 25, 30, '2015-10-03 01:57:34'),
(9651, 23, 12, '2015-11-20 18:53:16'),
(9652, 28, 27, '2015-09-23 15:45:13'),
(9653, 29, 22, '2016-01-14 13:08:11'),
(9654, 21, 36, '2015-06-23 06:15:29'),
(9655, 29, 22, '2016-01-10 19:49:39'),
(9656, 24, 12, '2015-10-08 11:04:36'),
(9657, 26, 40, '2015-08-20 09:02:08'),
(9658, 24, 35, '2015-04-23 19:53:00'),
(9659, 22, 29, '2016-01-01 15:17:18'),
(9660, 30, 15, '2015-05-18 01:56:54'),
(9661, 24, 23, '2015-09-29 02:49:51'),
(9662, 26, 24, '2016-02-04 07:02:15'),
(9663, 30, 33, '2015-07-31 02:22:23'),
(9664, 24, 2, '2015-12-17 14:23:40'),
(9665, 23, 18, '2015-08-20 18:00:51'),
(9666, 21, 12, '2015-09-07 09:26:05'),
(9667, 21, 31, '2015-06-29 09:39:35'),
(9668, 24, 19, '2016-01-06 14:08:25'),
(9669, 30, 27, '2016-01-18 14:55:26'),
(9670, 29, 22, '2015-07-09 04:15:34'),
(9671, 26, 27, '2015-09-26 07:53:23'),
(9672, 21, 6, '2016-03-16 17:45:19'),
(9673, 26, 19, '2015-08-24 22:20:20'),
(9674, 26, 3, '2016-01-07 08:26:53'),
(9675, 22, 31, '2016-03-16 13:09:13'),
(9676, 28, 39, '2016-04-20 04:00:47'),
(9677, 23, 40, '2015-08-21 23:27:33'),
(9678, 28, 27, '2015-11-01 12:51:23'),
(9679, 22, 35, '2016-01-27 09:52:39'),
(9680, 30, 40, '2015-10-17 12:09:44'),
(9681, 24, 36, '2015-11-02 22:07:29'),
(9682, 21, 27, '2015-10-05 02:01:00'),
(9683, 25, 18, '2016-03-04 11:03:25'),
(9684, 23, 12, '2016-03-17 01:22:04'),
(9685, 24, 29, '2015-10-19 01:50:33'),
(9686, 29, 4, '2015-07-24 23:24:13'),
(9687, 23, 23, '2016-03-11 18:28:47'),
(9688, 28, 14, '2015-06-25 03:21:25'),
(9689, 27, 21, '2015-08-10 20:04:55'),
(9690, 27, 30, '2015-12-10 22:47:51'),
(9691, 29, 1, '2015-07-02 16:21:25'),
(9692, 27, 22, '2016-04-08 11:08:19'),
(9693, 27, 29, '2015-11-09 11:39:20'),
(9694, 28, 33, '2016-03-14 15:36:17'),
(9695, 25, 17, '2015-08-10 21:20:29'),
(9696, 26, 36, '2015-07-05 11:12:50'),
(9697, 25, 36, '2015-11-14 11:37:56'),
(9698, 27, 34, '2015-11-06 22:42:46'),
(9699, 25, 2, '2015-05-13 12:07:11'),
(9700, 27, 31, '2016-02-26 17:06:18'),
(9701, 30, 17, '2015-09-28 18:14:01'),
(9702, 28, 22, '2015-06-04 04:11:51'),
(9703, 27, 27, '2015-08-12 03:23:42'),
(9704, 28, 3, '2015-09-06 02:32:00'),
(9705, 22, 1, '2015-05-19 18:47:38'),
(9706, 28, 24, '2015-10-27 07:46:23'),
(9707, 27, 36, '2016-02-27 02:47:42'),
(9708, 24, 16, '2015-07-16 09:34:29'),
(9709, 22, 7, '2016-01-18 18:02:16'),
(9710, 23, 31, '2016-04-10 19:36:18'),
(9711, 27, 15, '2015-11-07 19:28:54'),
(9712, 24, 4, '2015-06-12 21:35:28'),
(9713, 24, 23, '2015-12-14 06:17:04'),
(9714, 27, 23, '2016-02-14 06:38:29'),
(9715, 21, 39, '2015-07-03 09:10:10'),
(9716, 29, 15, '2015-06-27 20:47:12'),
(9717, 24, 20, '2016-01-08 08:55:20'),
(9718, 26, 2, '2015-10-30 00:13:25'),
(9719, 25, 9, '2015-06-23 17:51:48'),
(9720, 23, 13, '2015-07-14 23:39:15'),
(9721, 23, 4, '2015-05-15 01:04:23'),
(9722, 26, 32, '2015-08-04 13:50:06'),
(9723, 23, 15, '2015-07-12 18:41:08'),
(9724, 22, 29, '2015-08-30 00:30:32'),
(9725, 26, 2, '2015-12-30 03:39:09'),
(9726, 27, 9, '2015-10-14 08:55:48'),
(9727, 23, 35, '2016-03-04 05:59:23'),
(9728, 29, 20, '2015-04-26 16:42:06'),
(9729, 30, 22, '2016-04-06 08:43:05'),
(9730, 22, 17, '2015-08-31 23:58:33'),
(9731, 21, 19, '2016-02-24 19:47:49'),
(9732, 23, 18, '2016-03-31 03:21:01'),
(9733, 28, 14, '2016-03-22 19:53:46'),
(9734, 29, 10, '2015-06-23 01:13:22'),
(9735, 30, 33, '2015-11-29 05:18:18'),
(9736, 29, 11, '2015-10-22 18:02:29'),
(9737, 30, 37, '2015-09-03 17:13:38'),
(9738, 25, 34, '2016-02-15 22:15:37'),
(9739, 21, 3, '2016-04-03 13:27:03'),
(9740, 21, 16, '2015-09-14 06:31:40'),
(9741, 22, 35, '2015-08-16 06:03:16'),
(9742, 23, 4, '2015-09-24 21:58:33'),
(9743, 30, 10, '2015-09-23 00:44:56'),
(9744, 24, 18, '2015-09-16 00:08:55'),
(9745, 28, 27, '2015-07-30 23:03:10'),
(9746, 23, 33, '2015-05-03 05:01:42'),
(9747, 29, 1, '2015-07-04 20:17:58'),
(9748, 28, 38, '2015-07-13 04:10:30'),
(9749, 23, 37, '2015-09-17 21:36:36'),
(9750, 22, 2, '2015-08-14 22:50:57'),
(9751, 23, 2, '2015-08-13 04:47:49'),
(9752, 25, 34, '2016-01-30 17:19:36'),
(9753, 21, 25, '2015-08-27 00:55:32'),
(9754, 30, 30, '2015-05-19 09:44:13'),
(9755, 21, 29, '2015-11-25 18:46:10'),
(9756, 24, 40, '2016-01-17 02:51:43'),
(9757, 29, 22, '2015-11-02 09:44:12'),
(9758, 24, 37, '2015-08-06 10:57:51'),
(9759, 25, 14, '2015-09-03 12:37:03'),
(9760, 30, 36, '2015-08-13 12:37:50'),
(9761, 23, 21, '2015-05-09 14:59:29'),
(9762, 26, 38, '2015-05-15 08:24:10'),
(9763, 26, 35, '2015-07-24 23:47:09'),
(9764, 24, 12, '2016-01-25 18:27:37'),
(9765, 21, 40, '2015-08-13 00:06:34'),
(9766, 29, 24, '2016-04-20 20:15:40'),
(9767, 22, 7, '2016-03-27 07:34:59'),
(9768, 25, 15, '2016-04-11 04:38:04'),
(9769, 25, 2, '2015-11-04 08:59:19'),
(9770, 22, 35, '2016-04-07 22:02:28'),
(9771, 24, 13, '2015-11-12 04:49:24'),
(9772, 21, 23, '2015-04-25 23:12:10'),
(9773, 30, 27, '2016-04-17 10:20:21'),
(9774, 30, 32, '2015-06-15 08:33:03'),
(9775, 26, 12, '2016-02-02 19:08:26'),
(9776, 28, 8, '2015-12-24 20:41:12'),
(9777, 27, 10, '2015-08-01 00:35:18'),
(9778, 26, 37, '2016-02-16 07:25:11'),
(9779, 29, 20, '2015-10-06 15:25:37'),
(9780, 21, 32, '2016-02-14 17:47:37'),
(9781, 26, 17, '2015-05-07 02:44:01'),
(9782, 27, 36, '2015-04-23 19:33:09'),
(9783, 29, 35, '2016-04-06 09:29:50'),
(9784, 25, 6, '2015-08-11 06:26:13'),
(9785, 27, 14, '2016-01-30 20:33:49'),
(9786, 30, 11, '2015-07-31 02:43:34'),
(9787, 28, 27, '2015-09-24 10:59:42'),
(9788, 30, 3, '2015-05-10 11:15:00'),
(9789, 29, 39, '2015-07-03 00:19:13'),
(9790, 22, 37, '2016-03-24 15:06:45'),
(9791, 23, 12, '2015-04-30 06:36:31'),
(9792, 24, 38, '2016-02-28 13:22:05'),
(9793, 29, 13, '2015-07-13 14:06:02'),
(9794, 25, 20, '2015-08-20 05:44:41'),
(9795, 30, 11, '2015-05-26 15:40:21'),
(9796, 21, 40, '2015-12-24 06:07:24'),
(9797, 21, 9, '2015-11-05 01:22:43'),
(9798, 29, 21, '2015-04-28 15:55:38'),
(9799, 27, 19, '2016-01-16 15:27:11'),
(9800, 29, 7, '2015-06-21 10:26:09'),
(9801, 30, 29, '2015-07-29 08:56:39'),
(9802, 28, 26, '2016-04-03 18:22:37'),
(9803, 28, 23, '2015-10-17 07:02:32'),
(9804, 26, 12, '2015-06-05 05:04:31'),
(9805, 24, 6, '2015-08-20 04:56:13'),
(9806, 28, 31, '2015-10-11 21:01:08'),
(9807, 29, 32, '2015-12-02 17:21:54'),
(9808, 30, 5, '2015-11-03 05:02:44'),
(9809, 27, 36, '2015-05-04 07:46:30'),
(9810, 28, 36, '2016-04-08 02:06:07'),
(9811, 22, 34, '2016-02-20 20:51:14'),
(9812, 29, 32, '2015-04-21 08:13:22'),
(9813, 27, 29, '2015-10-17 13:26:58'),
(9814, 30, 10, '2015-07-08 00:20:09'),
(9815, 23, 6, '2016-04-09 11:18:52'),
(9816, 28, 19, '2016-03-16 09:35:35'),
(9817, 25, 26, '2015-06-30 03:36:15'),
(9818, 26, 9, '2016-03-31 13:09:08'),
(9819, 23, 24, '2015-07-27 20:25:33'),
(9820, 30, 11, '2016-01-03 05:23:48'),
(9821, 23, 3, '2016-04-13 07:35:24'),
(9822, 25, 40, '2015-09-18 02:06:22'),
(9823, 22, 33, '2015-09-08 01:08:26'),
(9824, 28, 39, '2015-08-11 06:19:48'),
(9825, 21, 5, '2016-01-11 05:58:57'),
(9826, 27, 8, '2015-09-12 13:42:48'),
(9827, 23, 21, '2015-06-30 17:17:31'),
(9828, 29, 37, '2016-03-17 22:45:09'),
(9829, 27, 3, '2015-08-30 01:53:46'),
(9830, 28, 30, '2015-08-13 01:18:42'),
(9831, 26, 4, '2016-01-06 01:14:32'),
(9832, 25, 9, '2016-02-19 21:03:21'),
(9833, 30, 27, '2015-06-06 00:59:36'),
(9834, 28, 35, '2015-08-10 10:50:14'),
(9835, 29, 35, '2016-03-31 15:26:01'),
(9836, 24, 32, '2016-04-07 00:34:24'),
(9837, 21, 38, '2015-08-20 02:31:59'),
(9838, 22, 4, '2015-09-13 04:16:20'),
(9839, 21, 31, '2015-12-22 22:38:34'),
(9840, 30, 40, '2015-09-16 04:45:00'),
(9841, 26, 29, '2015-09-25 16:49:17'),
(9842, 22, 18, '2015-06-06 20:21:08'),
(9843, 26, 14, '2015-06-25 01:49:18'),
(9844, 21, 21, '2015-11-28 23:31:36'),
(9845, 21, 27, '2015-06-04 12:19:25'),
(9846, 26, 30, '2015-07-18 03:55:07'),
(9847, 29, 4, '2016-03-31 06:42:15'),
(9848, 26, 12, '2015-10-03 03:26:13'),
(9849, 21, 2, '2015-06-13 03:15:57'),
(9850, 21, 6, '2015-05-10 16:21:44'),
(9851, 23, 15, '2015-12-27 14:28:22'),
(9852, 22, 29, '2016-04-05 01:44:31'),
(9853, 25, 12, '2015-09-22 18:00:11'),
(9854, 29, 19, '2016-02-11 15:21:14'),
(9855, 30, 28, '2016-01-26 14:50:29'),
(9856, 24, 4, '2016-02-04 14:54:48'),
(9857, 23, 20, '2015-09-19 02:07:42'),
(9858, 26, 26, '2015-09-07 12:59:43'),
(9859, 21, 32, '2015-08-07 04:34:31'),
(9860, 24, 24, '2015-10-17 13:10:06'),
(9861, 21, 35, '2016-03-11 20:50:06'),
(9862, 21, 26, '2015-10-08 18:51:04'),
(9863, 22, 18, '2015-05-27 12:03:59'),
(9864, 29, 25, '2015-08-31 09:29:28'),
(9865, 26, 13, '2015-07-22 02:08:59'),
(9866, 22, 20, '2015-12-04 06:58:08'),
(9867, 24, 20, '2016-04-16 05:58:24'),
(9868, 21, 11, '2015-06-22 00:29:42'),
(9869, 29, 35, '2015-10-28 05:30:45'),
(9870, 28, 6, '2015-05-17 18:12:22'),
(9871, 22, 40, '2015-11-15 11:09:26'),
(9872, 24, 32, '2015-08-04 14:11:17'),
(9873, 25, 37, '2016-03-17 20:11:37'),
(9874, 27, 9, '2015-05-16 15:09:40'),
(9875, 27, 34, '2015-07-13 14:18:50'),
(9876, 21, 5, '2015-08-04 18:49:10'),
(9877, 23, 5, '2015-09-05 19:56:02'),
(9878, 28, 36, '2015-07-11 15:00:27'),
(9879, 30, 15, '2015-10-25 17:31:49'),
(9880, 25, 6, '2015-11-08 07:53:35'),
(9881, 30, 9, '2016-02-18 09:40:07'),
(9882, 21, 27, '2015-09-10 16:13:10'),
(9883, 25, 5, '2015-11-26 21:21:14'),
(9884, 22, 37, '2015-09-12 02:58:55'),
(9885, 24, 20, '2016-02-22 08:33:09'),
(9886, 22, 12, '2015-04-21 05:11:44'),
(9887, 27, 10, '2015-07-17 22:27:08'),
(9888, 21, 39, '2015-10-21 03:23:03'),
(9889, 28, 13, '2015-08-22 03:50:14'),
(9890, 23, 37, '2015-08-31 14:13:19'),
(9891, 27, 40, '2015-07-17 17:48:19'),
(9892, 30, 28, '2015-09-24 18:38:32'),
(9893, 27, 8, '2015-10-28 03:02:50'),
(9894, 22, 17, '2015-07-31 20:02:28'),
(9895, 29, 21, '2016-02-13 11:43:44'),
(9896, 30, 5, '2016-02-15 09:05:06'),
(9897, 27, 33, '2015-11-11 20:36:13'),
(9898, 25, 17, '2016-03-18 12:42:15'),
(9899, 25, 12, '2015-09-24 23:28:36'),
(9900, 28, 14, '2015-12-21 14:44:23'),
(9901, 22, 17, '2016-02-11 12:20:36'),
(9902, 27, 16, '2015-10-14 18:40:29'),
(9903, 21, 24, '2016-02-22 23:03:33'),
(9904, 24, 31, '2016-01-23 15:14:44'),
(9905, 22, 37, '2015-09-12 06:45:29'),
(9906, 23, 38, '2016-03-21 08:27:49'),
(9907, 21, 27, '2015-09-22 09:11:04'),
(9908, 21, 20, '2015-11-28 17:19:11'),
(9909, 23, 22, '2015-12-11 23:40:39'),
(9910, 21, 33, '2016-03-28 21:03:33'),
(9911, 27, 30, '2015-08-20 20:42:05'),
(9912, 28, 32, '2016-04-12 06:55:15'),
(9913, 21, 10, '2015-10-09 10:23:52'),
(9914, 29, 17, '2015-09-05 01:30:06'),
(9915, 28, 37, '2015-08-25 11:51:46'),
(9916, 22, 13, '2015-06-20 13:51:19'),
(9917, 27, 7, '2016-01-15 19:46:04'),
(9918, 23, 19, '2015-10-02 06:02:28'),
(9919, 28, 25, '2016-03-11 22:11:35'),
(9920, 24, 2, '2015-11-14 15:17:42'),
(9921, 25, 10, '2016-02-16 23:23:21'),
(9922, 28, 26, '2015-11-28 13:08:48'),
(9923, 27, 37, '2015-10-14 04:00:55'),
(9924, 28, 24, '2015-11-28 17:07:12'),
(9925, 30, 12, '2016-02-06 08:09:42'),
(9926, 24, 21, '2016-03-03 21:20:56'),
(9927, 22, 35, '2015-04-22 14:28:38'),
(9928, 26, 34, '2015-09-01 21:18:51'),
(9929, 21, 20, '2015-06-14 11:42:31'),
(9930, 30, 36, '2015-08-11 10:52:27'),
(9931, 21, 2, '2015-07-07 19:43:40'),
(9932, 24, 9, '2015-05-03 20:59:53'),
(9933, 28, 30, '2015-12-24 11:36:32'),
(9934, 26, 7, '2016-02-23 01:18:20'),
(9935, 22, 5, '2015-11-24 03:34:20'),
(9936, 25, 2, '2016-01-08 16:33:36'),
(9937, 24, 15, '2016-02-17 03:19:19'),
(9938, 21, 9, '2015-10-31 18:45:55'),
(9939, 25, 24, '2015-08-11 06:47:04'),
(9940, 24, 14, '2016-04-09 22:20:31'),
(9941, 23, 12, '2015-10-21 04:26:57'),
(9942, 23, 14, '2016-04-12 01:13:26'),
(9943, 26, 30, '2016-02-22 03:42:14'),
(9944, 23, 15, '2015-11-16 17:54:21'),
(9945, 28, 35, '2016-04-08 22:46:48'),
(9946, 23, 30, '2015-11-22 23:46:59'),
(9947, 27, 13, '2015-09-21 17:06:45'),
(9948, 29, 33, '2015-12-11 16:24:55'),
(9949, 23, 19, '2015-09-20 17:50:28'),
(9950, 25, 21, '2015-11-10 05:05:44'),
(9951, 21, 29, '2016-04-09 12:04:33'),
(9952, 27, 27, '2015-05-12 04:56:17'),
(9953, 25, 37, '2015-06-20 13:35:28'),
(9954, 22, 27, '2015-06-30 10:15:43'),
(9955, 30, 25, '2015-06-30 13:48:41'),
(9956, 23, 30, '2016-02-17 07:22:56'),
(9957, 27, 18, '2015-08-30 07:26:40'),
(9958, 26, 33, '2015-04-26 23:41:23'),
(9959, 25, 9, '2015-07-06 12:54:02'),
(9960, 24, 39, '2016-01-22 13:05:07'),
(9961, 25, 35, '2016-02-13 17:30:14'),
(9962, 22, 16, '2016-03-23 05:47:58'),
(9963, 29, 9, '2015-10-15 15:00:59'),
(9964, 22, 38, '2015-11-19 23:37:00'),
(9965, 22, 26, '2015-06-23 03:41:12'),
(9966, 21, 13, '2016-04-10 18:44:51'),
(9967, 26, 19, '2015-08-23 07:35:46'),
(9968, 25, 30, '2015-11-17 20:09:34'),
(9969, 25, 32, '2015-04-28 05:17:33'),
(9970, 28, 37, '2015-10-05 06:57:45'),
(9971, 22, 18, '2015-08-31 19:15:17'),
(9972, 27, 28, '2015-10-13 13:32:54'),
(9973, 29, 3, '2016-02-02 18:46:21'),
(9974, 21, 32, '2016-01-28 15:32:38'),
(9975, 22, 7, '2015-07-15 22:26:14'),
(9976, 25, 10, '2015-09-22 06:45:15'),
(9977, 22, 38, '2015-12-12 06:55:07'),
(9978, 27, 40, '2016-04-16 22:38:29'),
(9979, 26, 16, '2015-08-13 05:32:55'),
(9980, 27, 17, '2016-02-12 18:02:36'),
(9981, 25, 25, '2015-10-31 15:46:48'),
(9982, 27, 10, '2015-11-25 09:55:23'),
(9983, 30, 34, '2016-04-13 12:13:32'),
(9984, 24, 23, '2015-10-09 13:15:18'),
(9985, 27, 1, '2015-07-11 01:01:15'),
(9986, 26, 22, '2015-07-25 10:23:28'),
(9987, 26, 26, '2015-05-30 11:12:31'),
(9988, 22, 4, '2016-01-03 02:32:15'),
(9989, 30, 16, '2016-01-07 18:47:22'),
(9990, 25, 13, '2015-05-20 17:25:02'),
(9991, 21, 38, '2016-03-28 00:18:05'),
(9992, 27, 14, '2015-04-28 17:05:44'),
(9993, 23, 36, '2016-02-01 07:13:06'),
(9994, 21, 18, '2015-06-01 21:38:21'),
(9995, 26, 34, '2016-01-04 00:45:04'),
(9996, 24, 10, '2015-05-29 23:36:02'),
(9997, 21, 23, '2015-06-20 00:04:42'),
(9998, 29, 36, '2015-09-06 01:51:16'),
(9999, 29, 3, '2015-05-30 19:01:55'),
(10000, 29, 8, '2016-01-11 12:56:21');

-- --------------------------------------------------------

--
-- Table structure for table `payment_method`
--

CREATE TABLE `payment_method` (
  `id` int(11) NOT NULL,
  `name` varchar(100) NOT NULL
) ENGINE=InnoDB DEFAULT CHARSET=latin1;

--
-- Dumping data for table `payment_method`
--

INSERT INTO `payment_method` (`id`, `name`) VALUES
(1, 'Credit Card'),
(2, 'Cash on Delivery');

-- --------------------------------------------------------

--
-- Table structure for table `promotions`
--

CREATE TABLE `promotions` (
  `id` int(11) UNSIGNED NOT NULL,
  `item_id` int(11) DEFAULT NULL,
  `restaurant_id` int(11) DEFAULT NULL,
  `start_date` datetime DEFAULT NULL,
  `end_date` datetime DEFAULT NULL,
  `status` int(1) DEFAULT '1' COMMENT '1:active 0:inactive',
  `loc_type` int(1) NOT NULL COMMENT '0=country,1=city',
  `location_id` varchar(255) NOT NULL,
  `cover_url` varchar(255) NOT NULL,
  `date_time` datetime NOT NULL,
  `name` varchar(255) NOT NULL
) ENGINE=InnoDB DEFAULT CHARSET=latin1;

--
-- Dumping data for table `promotions`
--

INSERT INTO `promotions` (`id`, `item_id`, `restaurant_id`, `start_date`, `end_date`, `status`, `loc_type`, `location_id`, `cover_url`, `date_time`, `name`) VALUES
(1, 3, 2, '2016-04-01 00:00:00', '2016-04-30 00:00:00', 1, 1, '1,2,3,5', 'http://localhost/masterbites_admin/uploads/promotionalimages/yku61.jpg', '2016-04-17 16:33:48', 'Promo Banner 1'),
(2, NULL, 106, '2016-04-18 00:00:00', '2016-04-21 00:00:00', 1, 0, '15', 'http://www.bitesup.com/masterbites_admin/uploads/promotionalimages/0sf0y.jpg', '2016-04-22 15:38:10', 'Banner Promotion 1');

-- --------------------------------------------------------

--
-- Table structure for table `restaurant`
--

CREATE TABLE `restaurant` (
  `id` int(11) NOT NULL,
  `name` varchar(255) CHARACTER SET latin1 NOT NULL,
  `logo_url` varchar(255) CHARACTER SET latin1 NOT NULL,
  `cover_image_url` varchar(255) CHARACTER SET latin1 NOT NULL,
  `description` text CHARACTER SET latin1 NOT NULL,
  `website_address` varchar(255) CHARACTER SET latin1 NOT NULL,
  `server` varchar(255) CHARACTER SET latin1 NOT NULL,
  `min_price` varchar(20) CHARACTER SET latin1 NOT NULL DEFAULT '0',
  `max_price` varchar(20) NOT NULL DEFAULT '0',
  `country_id` int(11) NOT NULL,
  `city_id` int(30) NOT NULL,
  `min_order` varchar(50) CHARACTER SET latin1 NOT NULL,
  `delivery_charges` varchar(100) CHARACTER SET latin1 NOT NULL,
  `user_name` varchar(255) NOT NULL,
  `salt` varchar(255) NOT NULL
) ENGINE=InnoDB DEFAULT CHARSET=utf8;

--
-- Dumping data for table `restaurant`
--

INSERT INTO `restaurant` (`id`, `name`, `logo_url`, `cover_image_url`, `description`, `website_address`, `server`, `min_price`, `max_price`, `country_id`, `city_id`, `min_order`, `delivery_charges`, `user_name`, `salt`) VALUES
(2, 'Nulla sapien leo', 'http://dev.noriyah.com/HungryBuddies/api/uploads/restaurantsImages/yrcyo.jpg', 'http://dev.noriyah.com/HungryBuddies/api/uploads/restaurantsImages/yo42b.jpg', '<p>Cum sociis natoque penatibus et magnis dis parturient montes, nascetur ridiculus mus. Donec rutrum imperdiet ligula in bibendum. Aenean vulputate rutrum lobortis. Nullam non mi ac dui egestas venenatis. Etiam venenatis fermentum accumsan. Lorem ipsum dolor sit amet, consectetur adipiscing elit. Donec at lacus sapien.</p>\r\n', 'www.zahi.com', '1|2|', '0', '0', 1, 0, '100', '100', '', ''),
(4, 'Options Exotic Restaurant', 'http://dev.noriyah.com/HungryBuddies/api/uploads/restaurantimages/4ghqn.jpg', 'http://dev.noriyah.com/HungryBuddies/api/uploads/restaurantimages/mkgos.jpg', 'Bored with the same old home cooked food, turn your lunch or dinner into a fancy night out, at Options Exotic restaurant, Lahore. With plush velvet chairs and wooden tables, the ambiance at Options Exotic restaurant is elegant and sophisticated. On one side the wall is occupied by a large aquarium. While wall paper and wood dcor occupy two walls, one wall is dedicated to a big horizontal glass window giving you a clear view into the pristine kitchen of the restaurant. This tech savvy restaurant has its menu stored on electronic devices which it gives to its customers, along with a bell that is use to gain the attention of the waiters. Options exotic doesnt just stand out for its stellar and grand ambiance, but also its food. Catering to all types of tastes, Options Exotic has an extensive menu with wide range of desi, continental, and Turkish foods; along with thalis and a Lebanese platter. The aromas wafting from the kitchen will make your moth water and your stomach growl. Om their continental menu options exotic offers, delicious beef burgers, exotic special burger, succulent chicken burgers along with club sandwiches and more like fish and chips and cheese fries.Along with soups with a variety of steaks. They also offer options exotic special rice and shahjahan biryani for all rice lovers out there. For those looking to try Lebanese food for the first time, Options Exotic should be your number choice, the authentic Lebanese taste in their Lebanese mix grill platter will make you a definite fan of Lebanese food. For those looking for something desi, they offer divine paratha bites to kick start your appetite, which is followed by Chicken Balti, HaryaliMurghkarhai, mutton handi and a lot more on their Pakistani section of the menu. Craving something Turkish, options exotic has that too! IskandariSeekhKabab, Ankara Chicken Tikka, Special Turkish Rice, and Kardish Chicken Tandoo are all part of their authentic Turkish experience. From thalis to bbq to Turkish food, Options Exotic provides you with everything under one roof. Along with impressive aquarium that is bound to keep the kids entertained while you enjoy your hearty meal at Options Exotic.', 'www.options.com', '1|2|', '0', '0', 1, 0, '500', '0', '', ''),
(5, 'Bread & Beyond', 'http://dev.noriyah.com/HungryBuddies/api/uploads/restaurantimages/ocnx6.jpg', 'http://dev.noriyah.com/HungryBuddies/api/uploads/restaurantimages/rb4tx.jpg', 'Cuisines: BakeryOpen for: Breakfast, Lunch, DinnerBread & Beyond is a member of ATA Bakery Solutions, a frozen food manufacturer located in Lahore Pakistan. Bread & Beyond specializes in providing a fresh-from frozen bakery solution to the food services and retail industry. The product line includes frozen breads, pastries, croissants and other specially baked goods in raw dough. Pre-proofed par baked and thaw & serve forms. It all stared in early 2007 when the decision to start up a Fresh-From-Frozen Bakery and Pastry production plant was taken. This included a chain of bakery cafes in Pakistan. Fresh-From-Frozen was virtually non-existent on such a high production scale, and variety. A bakery which also provides the facility of "Live Baking". Breads can be prepared infront of customers in 15 minutes. Also Bread and Beyond provides bakery items which are savoury and sweet.', 'www.bread&beyond.com', '3|', '0', '0', 1, 0, '200', '0', '', ''),
(6, 'classic', 'http://dev.noriyah.com/HungryBuddies/api/uploads/restaurantimages/7e382.jpg', 'http://dev.noriyah.com/HungryBuddies/api/uploads/restaurantimages/pqj3f.jpg', 'Are you looking for a place to tangle your taste buds? Well, we have found just the spot for you. Ze Grill has been in the business charming people with top-notch quality of taste and flavor for over ten years. Their goal is to satisfy their customers with the diversity of their menu. One of their branches is located in Sui Gas Society, Lahore. A vast alfresco type comfortable seating, covered with greenery on all sides, welcomes you. After youve crossed this beautiful garden, there is a completely air-conditioned hall inside, which is ideal, if you are more of a private-person. Both the places have majesty dcor done. The place looks posh and flawless. Their menu speaks off the same luxury that the place offers. There is a great variety to choose from including barbeque, shawarma, oriental style mutton or chicken, their takka tak special, their rice variety, some Italian inspired dishes, Chinese soups and gravies, their pastas, dessert and a lot more. Its nothing less than a feast. For their starters, you can go for their cheesy garlic bread basket, or their chewy cheesy sticks. They also offer aromatic soups that you can take pleasure in under the open sky. Their Thai Soup is quite a delight. Their sharwama platters are presented gorgeously with fresh, crunchy veggies and succulent chunks of chicken strips wrapped together. You can also order their barbeque items which are being prepared live. Their Chicken Sheesh Taouk, velvety soft Malai Boti, delicious Fish Tikka are all quite popular for their original spices and the royal flavors they offer. If youve a large company with you then, go ahead and order their Mix Barbeque Grill platter because, the family that eats together, stays together! Their Pakistani items are undoubtedly the best ever. Chicken Karhai is a combination of bold spices and eye-pleasing color. Their Makhni is an absolute winner with that creamy soft texture. Its impossible not to order the Takka Tak at Ze Grill as the aroma infused in the air is just impossible to ignore. All of this can be devoured with their yummy tandoor items. They also offer variety of pizzas and pastas if youre in a mood for continental, then flip page to their Chinese menu and be prepared to be surprised with the great flavor. An ideal location to relax with your family or friends.', 'www.zegrill.com', '1|2|', '0', '0', 1, 0, '200', '0', '', ''),
(7, 'Karachi Red Rock Bar-B-Q', 'http://dev.noriyah.com/HungryBuddies/api/uploads/restaurantsImages/8385.jpg', 'http://dev.noriyah.com/HungryBuddies/api/uploads/restaurantsImages/karachi-red-rock-bar-b-q-liberty-lahore.jpg', 'Karachi Red Rock Bar-B-Q restaurant is also situated at Liberty Market near Flower Shop Lahore. Dishes here like chicken rolls, bar b q, beef rolls, shawarmas, karahi & handi, parathas and beverages are quite famous. It serves the most delicious and most wanted dishes in its menu and the best serving of this restaurant are Beef cheese rolls, Chicken behari cheese roll, Chicken kabab rolls, Chicken kastoori boti, Chicken tikka, Chicken cheese shawarma, Chicken jalfrezi, Chicken boneless karahi, Aloo cheese paratha and a lot of more superb yummy and mouthwatering dishes that are cooked by Karachi Red Rock Bar-B-Q professional chefs. The sauces of these dishes are yummy and the spice are also very delicious and when they combines in a dish they provide a mouthful taste that inspire your taste and you cant cease your hand to eat more and more. The excellent dish of this restaurant is Chicken cheese shawarma that is amazingly yummy and delicious. It has thin and soft crust and the green sauce of the shawarma is superb delicious, fresh and spicy. It also provides special deals and discounts in the month of Ramzan at the time of sehri, iftar and dinner. You can also make delivery at your home, just call at 111-486479 or come to EatOye for placing online orders.', '', '1|2|3', '0', '0', 1, 0, '2', '200', '', ''),
(8, 'Quiznos Sub', 'http://dev.noriyah.com/HungryBuddies/api/uploads/restaurantsImages/quiznos-sub-lahore.jpg', 'http://dev.noriyah.com/HungryBuddies/api/uploads/restaurantsImages/55271.jpg', 'Attention all the foodies: dont just dine out, have fun while you eat and enjoy each and every bit of your morsels with Quiznos Sub. It is your one stop for scrumptious food and fabulous deals. Quiznos is located at the M M Alam Road, the commercial hub of Lahore. They specialize in tasty sub sandwiches and pizzas while offering many other dishes along with them. Quiznos restaurant is painted with fun and catchy colors that go well with the name of the brand. Comfortable wooden chairs and tables are set all around the place, giving a lot of space to accommodate a number of people who can just sit and relax. Quiznos interior is fully air conditioned and televisions have been placed on the walls so as to give the whole place a comfortable, enjoyable and home-like ambience. They offer yummy salads & wraps which are both tasty and healthy. You can enjoy one as a starter or have it as a nutritious meal. Their Chicken Ceaser Salad and Honey Mustard Chicken Wrap are a must try. Their famous sub flavors include Baja Chicken, Teriyaki Chicken and Black Angus Steak Sub. They are available in different sizes of 6, 9 and 12 inches. They are prepared with juicy chicken and meat along with fresh crunchy vegetables. You can choose any size according to your preference and spice up your dish with some Onion Rings or Waffle Fries. Or, you can also grab one of their tasty shakes or smoothies to enjoy along your meal.', '', '1|2|3', '0', '0', 1, 0, '3', '300', '', ''),
(9, 'KFC zinger', 'http://localhost/bitbucket/Admin_HB/uploads/restaurantimages/c7g87.jpg', 'http://localhost/bitbucket/Admin_HB/uploads/restaurantimages/4057s.jpg', 'hello its best restaurant hello its best restaurant hello its best restaurant hello its best restaurant hello its best restaurant hello its best restaurant hello its best restaurant hello its best restaurant hello its best restaurant hello its best restaurant hello its best restaurant hello its best restaurant ', 'www.zahi.com', '1|2|3|', '0', '0', 1, 0, '10', '1', '', ''),
(12, 'KFC zinger21', 'http://localhost/bitbucket/Admin_HB/uploads/restaurantimages/oa4vf.jpg', 'http://localhost/bitbucket/Admin_HB/uploads/restaurantimages/gmfbf.jpg', '<p>Cuisines: BakeryOpen for: Breakfast, Lunch, DinnerBread &amp; Beyond is a member of ATA Bakery Solutions, a frozen food manufacturer located in Lahore Pakistan. Bread &amp; Beyond specializes in providing a fresh-from frozen bakery solution to the food services and retail industry. The product line includes frozen breads, pastries, croissants and other specially baked goods in raw dough. Pre-proofed par baked and thaw &amp; serve forms. It all stared in early 2007 when the decision to start up a Fresh-From-Frozen Bakery and Pastry production plant was taken. This included a chain of bakery cafes in Pakistan. Fresh-From-Frozen was virtually non-existent on such a high production scale, and variety. A bakery which also provides the facility of &quot;Live Baking&quot;. Breads can be prepared infront of customers in 15 minutes. Also Bread and Beyond provides bakery items which are savoury and sweet.</p>\r\n', 'www.zahi.com', '1|2|', '0', '0', 1, 0, '10', '100', '', ''),
(13, 'KFC zinger3', 'http://localhost/bitbucket/Admin_HB/uploads/restaurantimages/8gqb7.jpg', 'http://localhost/bitbucket/Admin_HB/uploads/restaurantimages/9uux9.jpg', '<p>Want your money to be worth the food? Call the New Yorker Pizza for a cheese indulgence. A de-stessor, New Yorker Pizza brings the original flavor of New York styled Pizza to Lahore. This great pizza offer speedy home delivery and take-away service. Located at Lalak Jan Chowk in Lahore, you are actually just one call away from an experience that will make you change the way you like about Pizza. To conquer your taste buds and battle your hunger, they offer dough done either yummy white or healthy whole wheat as per you like. It lets you be the master of your meal and offers two types of sauces that will be evenly spread over your circular delight.</p>\r\n', 'www.zahi.com', '1|2|', '0', '0', 1, 0, '10', '100', '', ''),
(14, 'KFC zinger3', 'http://localhost/bitbucket/Admin_HB/uploads/restaurantimages/spk4i.jpg', 'http://localhost/bitbucket/Admin_HB/uploads/restaurantimages/5r5rs.jpg', '<p>Want your money to be worth the food? Call the New Yorker Pizza for a cheese indulgence. A de-stessor, New Yorker Pizza brings the original flavor of New York styled Pizza to Lahore. This great pizza offer speedy home delivery and take-away service. Located at Lalak Jan Chowk in Lahore, you are actually just one call away from an experience that will make you change the way you like about Pizza. To conquer your taste buds and battle your hunger, they offer dough done either yummy white or healthy whole wheat as per you like. It lets you be the master of your meal and offers two types of sauces that will be evenly spread over your circular delight.</p>\r\n', 'www.zahi.com', '1|2|', '0', '0', 1, 0, '10', '100', '', ''),
(15, 'KFC zinger3', 'http://localhost/bitbucket/Admin_HB/uploads/restaurantimages/hj5c0.jpg', 'http://localhost/bitbucket/Admin_HB/uploads/restaurantimages/q553u.jpg', '<p>Want your money to be worth the food? Call the New Yorker Pizza for a cheese indulgence. A de-stessor, New Yorker Pizza brings the original flavor of New York styled Pizza to Lahore. This great pizza offer speedy home delivery and take-away service. Located at Lalak Jan Chowk in Lahore, you are actually just one call away from an experience that will make you change the way you like about Pizza. To conquer your taste buds and battle your hunger, they offer dough done either yummy white or healthy whole wheat as per you like. It lets you be the master of your meal and offers two types of sauces that will be evenly spread over your circular delight.</p>\r\n', 'www.zahi.com', '1|2|', '0', '0', 1, 0, '10', '100', '', ''),
(16, 'KFC zinger213', 'http://localhost/bitbucket/Admin_HB/uploads/restaurantimages/vkv1v.jpg', 'http://localhost/bitbucket/Admin_HB/uploads/restaurantimages/lho0k.jpg', '<p>Bored with the same old home cooked food, turn your lunch or dinner into a fancy night out, at Options Exotic restaurant, Lahore. With plush velvet chairs and wooden tables, the ambiance at Options Exotic restaurant is elegant and sophisticated. On one side the wall is occupied by a large aquarium. While wall paper and wood d&eacute;cor occupy two walls, one wall is dedicated to a big horizontal glass window giving you a clear view into the pristine kitchen of the restaurant. This tech savvy restaurant has its menu stored on electronic devices which it gives to its customers, along with a bell that is use to gain the attention of the waiters. Options exotic doesn&rsquo;t just stand out for its stellar and grand ambiance, but also its food.</p>\r\n', 'www.zahi.com', '1|2|', '0', '0', 1, 0, '10', '100', '', ''),
(17, 'Nadeem tikka Shop', 'http://localhost/bitbucket/Admin_HB/uploads/restaurantimages/tj2xw.jpg', 'http://localhost/bitbucket/Admin_HB/uploads/restaurantimages/ym1w9.jpg', '<p>Bored with the same old home cooked food, turn your lunch or dinner into a fancy night out, at Options Exotic restaurant, Lahore. With plush velvet chairs and wooden tables, the ambiance at Options Exotic restaurant is elegant and sophisticated. On one side the wall is occupied by a large aquarium. While wall paper and wood d&eacute;cor occupy two walls, one wall is dedicated to a big horizontal glass window giving you a clear view into the pristine kitchen of the restaurant. This tech savvy restaurant has its menu stored on electronic devices which it gives to its customers, along with a bell that is use to gain the attention of the waiters. Options exotic doesn&rsquo;t just stand out for its stellar and grand ambiance, but also its food.</p>\r\n', 'www.zahi.com', '1|2|', '0', '0', 1, 0, '10', '100', '', ''),
(84, 'hello', 'http://bitesup.com/masterbite/uploads/restaurantimages/jx1z1._SY355_', 'http://bitesup.com/masterbite/uploads/restaurantimages/swghn.jpg', 'dffd', 'sdjsd', '1|3|', '34', '34', 0, 0, '233', '233', 'dfdf', 'dfdf'),
(89, 'Ruby Tuesdays', 'http://localhost/Bites_up_final/masterbites/uploads/restaurantimages/48s91.jpg', 'http://localhost/Bites_up_final/masterbites/uploads/restaurantimages/foapx.jpg', 'qweeqw', 'www.rubytuesday.com', '1|2|3|', '', '', 116, 1, '5 k.d', '2 k.d', 'at lastss', 'at_lastss'),
(90, 'Zaeem Kabab House', 'http://bitesup.com/masterbite/uploads/restaurantimages/gm9kl.jpg', 'http://bitesup.com/masterbite/uploads/restaurantimages/41xjq.jpg', 'Description goes here. Description goes here. Description goes here. Description goes here. Description goes here. Description goes here. Description goes here. Description goes here. ', '', '', '0', '0', 0, 0, '', '', 'abcdZaeemKababHouse', 'abcdZaeemKababHouse'),
(93, 'Last', 'http://localhost/masterbites/uploads/restaurantimages/4i5r5.jpg', 'http://localhost/masterbite/uploads/restaurantimages/7jpd1.jpg', 'testing', 'http://www.mygreat.com', '1|3|', '123', '123', 116, 1, '', '', 'last', 'last'),
(106, 'Zaeem Fastfood', 'http://localhost/masterbites/uploads/restaurantimages/rshj5.jpg', 'http://localhost/masterbite/uploads/restaurantimages/oaieg.jpg', 'This is just a test.This is just a test.This is just a test.This is just a test.This is just a test.This is just a test.This is just a test.This is just a test.This is just a test.This is just a test.This is just a test.This is just a test.This is just a test.This is just a test.This is just a test.This is just a test.', 'http://www.zaeemfastfood.com', '1|3|', '2', '120', 116, 1, '20 KD', '10 KD', 'zaeem fastfood', 'zaeem_fastfood'),
(107, 'Tabakh Al Fareej', 'http://www.bitesup.com/masterbites/uploads/restaurantimages/nw89r.png', 'http://www.bitesup.com/masterbites/uploads/restaurantimages/6ym68.png', 'Description goes here', 'www.kuwaitmenu.me', '1|2|3|', '2', '20', 116, 8, '5', '0500', 'TabakhAlFareejkw', 'TabakhAlFareejkw'),
(108, 'new rest', 'http://localhost/Bites_up_final/masterbites_admin/uploads/restaurantimages/xtl7j.jpg', 'http://localhost/Bites_up_final/masterbites_admin/uploads/restaurantimages/16sw5.jpg', 'noiceee', '', '', '0', '0', 1, 1, '', '', 'fawad nawz', 'fawad_nawz'),
(111, 'new grill rests', 'http://localhost/Bites_up_final/masterbites_admin/uploads/restaurantimages/dgdul.jpg', 'http://localhost/Bites_up_final/masterbites_admin/uploads/restaurantimages/worh5.jpg', 'kkk', 'www.facebooke.com', '3|', '100', '4000', 116, 6, '400', '50', 'fawad nawzeewwwrrr', 'fawad_nawzeewwwrrr'),
(112, 'Anus_chicken tikkaa', 'http://localhost/Bites_up_final/masterbites_admin/uploads/restaurantimages/pb5f6.jpg', 'http://localhost/Bites_up_final/masterbites_admin/uploads/restaurantimages/eartc.jpg', 'nice food', 'www.ed.com', '1|3|', '10', '5000', 116, 7, '800', '80', 'anus bin malikk', 'anus_bin_malikk'),
(113, 'imran chiken', 'http://localhost/Bites_up_final/masterbites_admin/uploads/restaurantimages/ohvr2.jpg', 'http://localhost/Bites_up_final/masterbites_admin/uploads/restaurantimages/uzp0t.jpg', 'kjkjmkjnm', '', '', '0', '0', 116, 7, '', '', 'kauuuja', 'kauuuja');

-- --------------------------------------------------------

--
-- Table structure for table `restaurant_branches`
--

CREATE TABLE `restaurant_branches` (
  `id` int(11) UNSIGNED NOT NULL,
  `branch_name` varchar(100) NOT NULL,
  `latitude` float(10,6) NOT NULL,
  `longitude` float(10,6) NOT NULL,
  `restaurant_id` int(11) NOT NULL
) ENGINE=InnoDB DEFAULT CHARSET=latin1;

--
-- Dumping data for table `restaurant_branches`
--

INSERT INTO `restaurant_branches` (`id`, `branch_name`, `latitude`, `longitude`, `restaurant_id`) VALUES
(3, 'Nulla sapien leo', 37.386337, -122.085823, 2),
(4, 'Options Exotic Restaurant', 37.387138, -122.083237, 2),
(8, 'Bread & Beyond', 37.393887, -122.078918, 5),
(11, 'classic', 37.402653, -122.079353, 6),
(12, 'KFC zinger', 37.401726, -122.114647, 9),
(13, 'Karachi Red Rock Bar-B-Q', 37.402653, -122.095528, 7),
(14, 'test', 29.338360, 69.882874, 89),
(15, 'Salmia', 29.149656, 48.119198, 107),
(16, 'Mahboula', 29.344101, 69.857170, 107),
(17, 'Fahahil', 29.149656, 48.119198, 107),
(20, 'dhaa', 29.317858, 69.898064, 111),
(21, 'kkaa', 29.298098, 69.914803, 111),
(22, 'jjjj', 29.307903, 69.901588, 111),
(24, 'aaak', 29.344046, 69.891029, 112),
(25, 'kaka', 29.348310, 69.872231, 112);

-- --------------------------------------------------------

--
-- Table structure for table `restaurant_comments`
--

CREATE TABLE `restaurant_comments` (
  `id` int(11) NOT NULL,
  `user_id` int(11) UNSIGNED NOT NULL,
  `restaurant_id` int(11) NOT NULL,
  `comment` text CHARACTER SET latin1 NOT NULL,
  `date` datetime NOT NULL,
  `rating` decimal(2,1) NOT NULL,
  `reply_comment_id` int(11) DEFAULT '0',
  `flag_status` int(1) NOT NULL DEFAULT '0' COMMENT '0=unflag,1=flagged'
) ENGINE=InnoDB DEFAULT CHARSET=utf8;

--
-- Dumping data for table `restaurant_comments`
--

INSERT INTO `restaurant_comments` (`id`, `user_id`, `restaurant_id`, `comment`, `date`, `rating`, `reply_comment_id`, `flag_status`) VALUES
(7, 21, 2, ' #Classic #Fast Food #Continental #Italian #Chinese #Family', '2016-01-28 05:38:43', '3.0', 0, 1),
(9, 25, 2, ' #Family #Fast Food #Fast Food #Chinese', '2016-01-28 12:46:08', '3.0', 0, 0);

-- --------------------------------------------------------

--
-- Table structure for table `restaurant_comments_details`
--

CREATE TABLE `restaurant_comments_details` (
  `id` int(11) NOT NULL,
  `comment_id` int(11) NOT NULL,
  `user_id` int(11) UNSIGNED NOT NULL,
  `like` int(1) NOT NULL
) ENGINE=InnoDB DEFAULT CHARSET=utf8;

--
-- Dumping data for table `restaurant_comments_details`
--

INSERT INTO `restaurant_comments_details` (`id`, `comment_id`, `user_id`, `like`) VALUES
(3, 7, 21, 1);

-- --------------------------------------------------------

--
-- Table structure for table `restaurant_cuisine_type`
--

CREATE TABLE `restaurant_cuisine_type` (
  `id` int(11) UNSIGNED NOT NULL,
  `restaurant_id` int(11) NOT NULL,
  `cuisine_type_id` int(11) NOT NULL
) ENGINE=InnoDB DEFAULT CHARSET=latin1;

--
-- Dumping data for table `restaurant_cuisine_type`
--

INSERT INTO `restaurant_cuisine_type` (`id`, `restaurant_id`, `cuisine_type_id`) VALUES
(3, 84, 1),
(4, 84, 2),
(10, 89, 1),
(11, 89, 2),
(18, 93, 2),
(21, 106, 1),
(22, 107, 1),
(23, 107, 2),
(25, 111, 1),
(26, 111, 2),
(29, 112, 1),
(30, 112, 2);

-- --------------------------------------------------------

--
-- Table structure for table `restaurant_email`
--

CREATE TABLE `restaurant_email` (
  `id` int(11) UNSIGNED NOT NULL,
  `restaurant_id` int(11) NOT NULL,
  `email` varchar(50) NOT NULL
) ENGINE=InnoDB DEFAULT CHARSET=latin1;

--
-- Dumping data for table `restaurant_email`
--

INSERT INTO `restaurant_email` (`id`, `restaurant_id`, `email`) VALUES
(4, 84, 'cool_anss@hotmal.com'),
(8, 89, 'id.azeem30@gmail.com'),
(18, 93, 'last@gmail.com'),
(22, 106, 'zaeem@gmail.com'),
(23, 107, 'id.junaid@gmail.com'),
(25, 111, 'jameeel@yahoo.com'),
(27, 112, 'aju@yahoo.com');

-- --------------------------------------------------------

--
-- Table structure for table `restaurant_menu`
--

CREATE TABLE `restaurant_menu` (
  `id` int(11) NOT NULL,
  `category_id` int(11) NOT NULL,
  `restaurant_id` int(11) NOT NULL
) ENGINE=InnoDB DEFAULT CHARSET=utf8;

--
-- Dumping data for table `restaurant_menu`
--

INSERT INTO `restaurant_menu` (`id`, `category_id`, `restaurant_id`) VALUES
(2, 2, 2),
(3, 3, 2),
(4, 4, 7),
(5, 5, 8),
(6, 6, 9),
(7, 7, 17),
(8, 8, 89),
(9, 9, 89);

-- --------------------------------------------------------

--
-- Table structure for table `restaurant_menu_attr`
--

CREATE TABLE `restaurant_menu_attr` (
  `id` int(11) NOT NULL,
  `item_id` int(11) NOT NULL,
  `attribute_name` varchar(100) CHARACTER SET latin1 NOT NULL,
  `attribute_value` varchar(50) CHARACTER SET latin1 NOT NULL,
  `parent` int(11) NOT NULL
) ENGINE=InnoDB DEFAULT CHARSET=utf8;

--
-- Dumping data for table `restaurant_menu_attr`
--

INSERT INTO `restaurant_menu_attr` (`id`, `item_id`, `attribute_name`, `attribute_value`, `parent`) VALUES
(1, 2, 'Fajita', '', 0),
(2, 2, 'Fajita', 'small', 1),
(3, 2, 'Fajita', 'medium', 1),
(4, 2, 'Fajita', 'large', 1);

-- --------------------------------------------------------

--
-- Table structure for table `restaurant_menu_images`
--

CREATE TABLE `restaurant_menu_images` (
  `id` int(11) NOT NULL,
  `item_id` int(11) NOT NULL,
  `image_url` varchar(255) CHARACTER SET latin1 NOT NULL,
  `image_desc` text CHARACTER SET latin1 NOT NULL
) ENGINE=InnoDB DEFAULT CHARSET=utf8;

--
-- Dumping data for table `restaurant_menu_images`
--

INSERT INTO `restaurant_menu_images` (`id`, `item_id`, `image_url`, `image_desc`) VALUES
(2, 2, 'http://dev.noriyah.com/HungryBuddies/api/uploads/restaurantsImages/yo42b.jpg', 'Fusce quis nulla volutpat, rhoncus ligula ut, pulvinar nisi.'),
(3, 3, 'http://dev.noriyah.com/HungryBuddies/api/uploads/restaurantsImages/yo42b.jpg', 'Fusce quis nulla volutpat, rhoncus ligula ut, pulvinar nisi.'),
(4, 4, 'http://dev.noriyah.com/HungryBuddies/api/uploads/restaurantsImages/yo42b.jpg', 'Fusce quis nulla volutpat, rhoncus ligula ut, pulvinar nisi.'),
(5, 4, 'http://dev.noriyah.com/HungryBuddies/api/uploads/restaurantsImages/yo42b.jpg', 'Fusce quis nulla volutpat, rhoncus ligula ut, pulvinar nisi.'),
(6, 10, 'http://localhost/bitbucket/Admin_HB/uploads/restaurantimages/restaurant_categories/items/oawzt.jpg', ''),
(7, 10, 'http://localhost/bitbucket/Admin_HB/uploads/restaurantimages/restaurant_categories/items/87g87.jpg', ''),
(8, 10, 'http://localhost/bitbucket/Admin_HB/uploads/restaurantimages/restaurant_categories/items/4057s.jpg', ''),
(9, 11, 'http://localhost/bitbucket/Admin_HB/uploads/restaurantimages/restaurant_categories/items/bycey.jpg', ''),
(10, 11, 'http://localhost/bitbucket/Admin_HB/uploads/restaurantimages/restaurant_categories/items/9w9z5.jpg', ''),
(11, 11, 'http://localhost/bitbucket/Admin_HB/uploads/restaurantimages/restaurant_categories/items/7rtt1.jpg', ''),
(12, 12, 'http://localhost/Bites_up_final/masterbites/uploads/restaurantimages/restaurant_categories/items/bcqkm.jpg', '');

-- --------------------------------------------------------

--
-- Table structure for table `restaurant_menu_items`
--

CREATE TABLE `restaurant_menu_items` (
  `id` int(11) NOT NULL,
  `menu_id` int(11) NOT NULL,
  `name` varchar(255) CHARACTER SET latin1 NOT NULL,
  `price` decimal(19,0) NOT NULL,
  `description` text CHARACTER SET latin1 NOT NULL
) ENGINE=InnoDB DEFAULT CHARSET=utf8;

--
-- Dumping data for table `restaurant_menu_items`
--

INSERT INTO `restaurant_menu_items` (`id`, `menu_id`, `name`, `price`, `description`) VALUES
(2, 2, 'Pizza', '480', 'Fusce quis nulla volutpat, rhoncus ligula ut, pulvinar nisi. In dapibus urna sit amet accumsan tristique. Donec odio ligula, luctus venenatis varius id, tincidunt ac ipsum. Cras commodo, velit nec aliquam dictum, tortor velit dictum ipsum, sed ornare nunc leo nec ipsum. Vestibulum sagittis sapien vitae tristique mollis. Aliquam hendrerit nulla semper, viverra mi et, hendrerit mauris. Maecenas hendrerit congue ultrices. In laoreet erat blandit eros aliquet, in malesuada sem rutrum. In placerat porta egestas.'),
(3, 2, 'Chikken Tikka', '500', 'Fusce quis nulla volutpat, rhoncus ligula ut, pulvinar nisi. In dapibus urna sit amet accumsan tristique. Donec odio ligula, luctus venenatis varius id, tincidunt ac ipsum. Cras commodo, velit nec aliquam dictum, tortor velit dictum ipsum, sed ornare nunc leo nec ipsum. Vestibulum sagittis sapien vitae tristique mollis. Aliquam hendrerit nulla semper, viverra mi et, hendrerit mauris. Maecenas hendrerit congue ultrices. In laoreet erat blandit eros aliquet, in malesuada sem rutrum. In placerat porta egestas.'),
(4, 3, 'Biryaani', '800', 'Fusce quis nulla volutpat, rhoncus ligula ut, pulvinar nisi. In dapibus urna sit amet accumsan tristique. Donec odio ligula, luctus venenatis varius id, tincidunt ac ipsum. Cras commodo, velit nec aliquam dictum, tortor velit dictum ipsum, sed ornare nunc leo nec ipsum. Vestibulum sagittis sapien vitae tristique mollis. Aliquam hendrerit nulla semper, viverra mi et, hendrerit mauris. Maecenas hendrerit congue ultrices. In laoreet erat blandit eros aliquet, in malesuada sem rutrum. In placerat porta egestas.'),
(5, 3, 'Rice', '1000', 'Fusce quis nulla volutpat, rhoncus ligula ut, pulvinar nisi. In dapibus urna sit amet accumsan tristique. Donec odio ligula, luctus venenatis varius id, tincidunt ac ipsum. Cras commodo, velit nec aliquam dictum, tortor velit dictum ipsum, sed ornare nunc leo nec ipsum. Vestibulum sagittis sapien vitae tristique mollis. Aliquam hendrerit nulla semper, viverra mi et, hendrerit mauris. Maecenas hendrerit congue ultrices. In laoreet erat blandit eros aliquet, in malesuada sem rutrum. In placerat porta egestas.'),
(6, 4, 'burger', '200', 'Chipotle Mayo,Tex Mex Sauce,Chicken Strips Capsicum,Tomato Diced, onions ,Mozzarella Cheese, Spice Blend'),
(7, 4, 'zinger', '300', 'Chipotle Mayo,Tex Mex Sauce,Chicken Strips Capsicum,Tomato Diced, onions ,Mozzarella Cheese, Spice Blend'),
(8, 5, 'tikka', '200', 'Tex mex sauce,Chicken Strips,Pepperoni,Capsicum.Sauteed Onions,Tomato Diced,Mozzarella Cheese,Pepper Ceaser Dressing'),
(9, 5, 'fish', '400', 'Tex mex sauce,Chicken Strips,Pepperoni,Capsicum.Sauteed Onions,Tomato Diced,Mozzarella Cheese,Pepper Ceaser Dressing'),
(10, 6, 'Pizza', '1500', 'hello what is this hello what is this hello what is this hello what is this'),
(11, 7, 'Pizza', '1500', 'hello what is this hello what is this hello what is this hello what is this'),
(12, 8, 'sjds', '52', 'mskdlams');

-- --------------------------------------------------------

--
-- Table structure for table `restaurant_menu_item_rating`
--

CREATE TABLE `restaurant_menu_item_rating` (
  `id` int(11) NOT NULL,
  `user_id` int(11) UNSIGNED NOT NULL,
  `item_id` int(11) NOT NULL,
  `like` int(11) NOT NULL,
  `tried` int(11) NOT NULL,
  `wish` int(11) NOT NULL,
  `rating` decimal(2,1) NOT NULL
) ENGINE=InnoDB DEFAULT CHARSET=utf8;

-- --------------------------------------------------------

--
-- Table structure for table `restaurant_mobile_no`
--

CREATE TABLE `restaurant_mobile_no` (
  `id` int(11) UNSIGNED NOT NULL,
  `restaurant_id` int(11) NOT NULL,
  `mobile_no` varchar(20) NOT NULL
) ENGINE=InnoDB DEFAULT CHARSET=latin1;

--
-- Dumping data for table `restaurant_mobile_no`
--

INSERT INTO `restaurant_mobile_no` (`id`, `restaurant_id`, `mobile_no`) VALUES
(4, 84, '4589'),
(8, 89, '4545454654'),
(18, 93, '123123123'),
(22, 106, '0322547887'),
(23, 107, '9933993399'),
(25, 111, '21547896666'),
(28, 112, '321456998'),
(29, 112, '852963774');

-- --------------------------------------------------------

--
-- Table structure for table `restaurant_page_share`
--

CREATE TABLE `restaurant_page_share` (
  `id` int(11) UNSIGNED NOT NULL,
  `user_id` int(11) UNSIGNED DEFAULT NULL,
  `restaurant_id` int(11) DEFAULT NULL,
  `datetime` datetime DEFAULT NULL
) ENGINE=InnoDB DEFAULT CHARSET=latin1;

-- --------------------------------------------------------

--
-- Table structure for table `restaurant_page_visit`
--

CREATE TABLE `restaurant_page_visit` (
  `id` int(11) UNSIGNED NOT NULL,
  `user_id` int(11) UNSIGNED DEFAULT NULL,
  `restaurant_id` int(11) DEFAULT NULL,
  `datetime` datetime DEFAULT NULL
) ENGINE=InnoDB DEFAULT CHARSET=latin1;

-- --------------------------------------------------------

--
-- Table structure for table `restaurant_payment_methods`
--

CREATE TABLE `restaurant_payment_methods` (
  `id` int(11) UNSIGNED NOT NULL,
  `payment_method_id` int(11) NOT NULL,
  `restaurant_id` int(11) NOT NULL
) ENGINE=InnoDB DEFAULT CHARSET=latin1;

--
-- Dumping data for table `restaurant_payment_methods`
--

INSERT INTO `restaurant_payment_methods` (`id`, `payment_method_id`, `restaurant_id`) VALUES
(3, 1, 84),
(4, 2, 84),
(9, 1, 89),
(10, 2, 89),
(15, 1, 93),
(18, 2, 106),
(19, 1, 107),
(20, 2, 107),
(22, 1, 111),
(23, 2, 111),
(25, 1, 112);

-- --------------------------------------------------------

--
-- Table structure for table `restaurant_phone_no`
--

CREATE TABLE `restaurant_phone_no` (
  `id` int(11) UNSIGNED NOT NULL,
  `restaurant_id` int(11) NOT NULL,
  `phone_no` varchar(20) NOT NULL
) ENGINE=InnoDB DEFAULT CHARSET=latin1;

--
-- Dumping data for table `restaurant_phone_no`
--

INSERT INTO `restaurant_phone_no` (`id`, `restaurant_id`, `phone_no`) VALUES
(4, 84, '784545'),
(8, 89, '3123123'),
(19, 93, '123123123'),
(23, 106, '092241445'),
(24, 107, '9933993399'),
(26, 111, '03124455040'),
(27, 111, '03124455039'),
(30, 112, '123654789');

-- --------------------------------------------------------

--
-- Table structure for table `restaurant_promotional_banner`
--

CREATE TABLE `restaurant_promotional_banner` (
  `id` int(11) UNSIGNED NOT NULL,
  `image_url` varchar(255) NOT NULL,
  `restaurant_id` int(11) NOT NULL
) ENGINE=InnoDB DEFAULT CHARSET=latin1;

--
-- Dumping data for table `restaurant_promotional_banner`
--

INSERT INTO `restaurant_promotional_banner` (`id`, `image_url`, `restaurant_id`) VALUES
(1, 'http://www.bitesup.com/masterbites/uploads/restaurant_promotional_banners/8fg5c.jpg', 107),
(2, 'http://www.bitesup.com/masterbites/uploads/restaurant_promotional_banners/qrein._w', 107),
(3, 'http://localhost/Bites_up_final/masterbites_admin/uploads/restaurant_promotional_banners/dz6fa.jpg', 111),
(10, 'http://localhost/Bites_up_final/masterbites_admin/uploads/restaurant_promotional_banners/ybmet.jpg', 112),
(11, 'http://localhost/Bites_up_final/masterbites_admin/uploads/restaurant_promotional_banners/xmh4v.jpg', 112);

-- --------------------------------------------------------

--
-- Table structure for table `restaurant_selected_tags`
--

CREATE TABLE `restaurant_selected_tags` (
  `id` int(11) NOT NULL,
  `restaurant_id` int(11) NOT NULL,
  `tag` varchar(100) CHARACTER SET latin1 NOT NULL
) ENGINE=InnoDB DEFAULT CHARSET=utf8;

--
-- Dumping data for table `restaurant_selected_tags`
--

INSERT INTO `restaurant_selected_tags` (`id`, `restaurant_id`, `tag`) VALUES
(1, 6, 'Classic'),
(2, 6, 'Trendy'),
(3, 6, 'Yummy'),
(4, 6, 'OUtdoor'),
(13, 84, 'sddsj'),
(14, 84, 'jksd'),
(20, 89, 'restaurant'),
(25, 106, 'fastfood'),
(26, 106, 'pizza'),
(27, 106, 'burger'),
(28, 107, 'chicken'),
(29, 107, 'majbos'),
(30, 107, 'kuwait'),
(31, 107, 'biryani'),
(32, 107, 'shishtawook'),
(33, 107, 'kanafah'),
(36, 111, 'pizza tikka'),
(37, 111, 'fajita'),
(40, 112, 't'),
(41, 112, 'jj');

-- --------------------------------------------------------

--
-- Table structure for table `restaurant_social_acc`
--

CREATE TABLE `restaurant_social_acc` (
  `id` int(11) UNSIGNED NOT NULL,
  `social_acc_id` int(11) NOT NULL,
  `link` varchar(100) CHARACTER SET latin1 NOT NULL,
  `restaurant_id` int(11) NOT NULL
) ENGINE=InnoDB DEFAULT CHARSET=utf8;

--
-- Dumping data for table `restaurant_social_acc`
--

INSERT INTO `restaurant_social_acc` (`id`, `social_acc_id`, `link`, `restaurant_id`) VALUES
(2, 2, 'kjsdjksd', 84),
(3, 3, 'jksdjksd', 84),
(18, 1, 'facebook.com/zaeemfastfood', 106),
(19, 1, 'https://www.facebook.com/kuwaitmenu', 107),
(20, 2, 'https://www.twitter.com/kuwaitmenu', 107),
(22, 1, 'www.fachbbok.com/sss', 111),
(23, 4, 'www.google.com/ss', 111),
(25, 1, 'www.facebook.com/anus', 112),
(26, 3, 'www.google.com/instaa', 112),
(27, 1, 'http://www.facebook.com/maisalghanim', 89),
(28, 2, 'twitter.com/kuwaitmenu', 89);

-- --------------------------------------------------------

--
-- Table structure for table `restaurant_timing`
--

CREATE TABLE `restaurant_timing` (
  `id` int(11) NOT NULL,
  `restaurant_id` int(11) NOT NULL,
  `day` varchar(50) CHARACTER SET latin1 NOT NULL,
  `start_time` time NOT NULL,
  `end_time` time NOT NULL,
  `status` int(1) NOT NULL
) ENGINE=InnoDB DEFAULT CHARSET=utf8;

--
-- Dumping data for table `restaurant_timing`
--

INSERT INTO `restaurant_timing` (`id`, `restaurant_id`, `day`, `start_time`, `end_time`, `status`) VALUES
(1, 2, 'Saturday', '08:00:00', '23:55:00', 0),
(2, 2, 'Sunday', '08:00:00', '23:55:00', 0),
(3, 2, 'Monday', '08:00:00', '23:55:00', 0),
(4, 2, 'Tuesday', '08:00:00', '23:55:00', 1),
(15, 4, 'Monday', '01:00:00', '09:00:00', 0),
(16, 4, 'Tuesday', '01:00:00', '09:00:00', 0),
(17, 4, 'Wednesday', '01:00:00', '09:00:00', 0),
(18, 4, 'Thursday', '01:00:00', '09:00:00', 0),
(19, 4, 'Friday', '01:00:00', '09:00:00', 0),
(20, 4, 'Saturday', '01:00:00', '09:00:00', 0),
(21, 4, 'Sunday', '01:00:00', '09:00:00', 0),
(22, 5, 'Monday', '01:00:00', '09:00:00', 0),
(23, 5, 'Tuesday', '01:00:00', '09:00:00', 0),
(24, 5, 'Wednesday', '01:00:00', '09:00:00', 0),
(25, 5, 'Thursday', '01:00:00', '09:00:00', 0),
(26, 5, 'Friday', '01:00:00', '09:00:00', 0),
(27, 5, 'Saturday', '01:00:00', '09:00:00', 0),
(28, 5, 'Sunday', '01:00:00', '09:00:00', 0),
(29, 6, 'Monday', '01:00:00', '09:00:00', 0),
(30, 6, 'Tuesday', '01:00:00', '09:00:00', 0),
(31, 6, 'Wednesday', '01:00:00', '09:00:00', 0),
(32, 6, 'Thursday', '01:00:00', '09:00:00', 0),
(33, 6, 'Friday', '01:00:00', '09:00:00', 0),
(34, 6, 'Saturday', '01:00:00', '09:00:00', 0),
(35, 6, 'Sunday', '01:00:00', '09:00:00', 0),
(36, 9, 'Monday', '08:00:00', '23:55:00', 0),
(37, 9, 'Tuesday', '08:00:00', '23:55:00', 0),
(38, 9, 'Wednesday', '08:00:00', '23:55:00', 0),
(39, 9, 'Thursday', '08:00:00', '23:55:00', 0),
(40, 9, 'Friday', '08:00:00', '23:55:00', 0),
(41, 9, 'Saturday', '08:00:00', '23:55:00', 0),
(42, 9, 'Sunday', '00:00:00', '00:00:00', 0),
(43, 84, 'monday', '00:00:00', '00:00:00', 0),
(44, 84, 'Tuesday', '00:00:00', '00:00:00', 0),
(45, 84, 'wednesday', '00:00:00', '00:00:00', 0),
(46, 84, 'thursday', '00:00:00', '00:00:00', 0),
(47, 84, 'friday', '00:00:00', '00:00:00', 0),
(48, 84, 'saturday', '00:00:00', '00:00:00', 0),
(49, 84, 'sunday', '00:00:00', '00:00:00', 0),
(50, 12, 'Monday', '00:00:00', '00:00:00', 0),
(51, 12, 'Tuesday', '09:00:00', '23:55:00', 0),
(52, 12, 'Wednesday', '09:00:00', '23:55:00', 0),
(53, 12, 'Thursday', '09:00:00', '23:55:00', 0),
(54, 12, 'Friday', '09:00:00', '23:55:00', 0),
(55, 12, 'Saturday', '09:00:00', '23:55:00', 0),
(56, 12, 'Sunday', '09:00:00', '23:55:00', 0),
(57, 13, 'Monday', '00:00:00', '00:00:00', 0),
(58, 13, 'Tuesday', '08:00:00', '23:55:00', 0),
(59, 13, 'Wednesday', '08:00:00', '23:55:00', 0),
(60, 13, 'Thursday', '08:00:00', '23:55:00', 0),
(61, 13, 'Friday', '08:00:00', '23:55:00', 0),
(62, 13, 'Saturday', '08:00:00', '23:55:00', 0),
(63, 13, 'Sunday', '00:00:00', '00:00:00', 0),
(64, 14, 'Monday', '00:00:00', '00:00:00', 0),
(65, 14, 'Tuesday', '08:00:00', '23:55:00', 0),
(66, 14, 'Wednesday', '08:00:00', '23:55:00', 0),
(67, 14, 'Thursday', '08:00:00', '23:55:00', 0),
(68, 14, 'Friday', '08:00:00', '23:55:00', 0),
(69, 14, 'Saturday', '08:00:00', '23:55:00', 0),
(70, 14, 'Sunday', '00:00:00', '00:00:00', 0),
(71, 15, 'Monday', '08:00:00', '23:55:00', 2),
(72, 16, 'Monday', '08:00:00', '23:55:00', 2),
(73, 17, 'Monday', '08:00:00', '23:55:00', 1),
(74, 17, 'Tuesday', '08:00:00', '23:55:00', 1),
(75, 17, 'Wednesday', '00:00:00', '00:00:00', 2),
(76, 17, 'Thursday', '09:00:00', '23:55:00', 1),
(77, 17, 'Friday', '09:00:00', '23:55:00', 1),
(78, 17, 'Saturday', '00:00:00', '00:00:00', 2),
(79, 17, 'Sunday', '00:00:00', '00:00:00', 2),
(80, 2, 'Wednesday', '09:00:00', '23:55:00', 1),
(81, 2, 'Thursday', '09:00:00', '23:55:00', 1),
(83, 2, 'Friday', '09:00:00', '23:55:00', 1),
(84, 93, 'monday', '00:11:30', '00:11:45', 1),
(85, 93, 'Tuesday', '00:00:00', '00:00:00', 1),
(86, 93, 'wednesday', '00:00:00', '00:00:00', 1),
(87, 93, 'thursday', '00:00:00', '00:00:00', 1),
(88, 93, 'friday', '00:00:00', '00:00:00', 1),
(89, 93, 'saturday', '00:00:00', '00:00:00', 1),
(90, 93, 'sunday', '00:00:00', '00:00:00', 1),
(98, 106, 'monday', '06:00:00', '20:00:00', 1),
(99, 106, 'Tuesday', '07:00:00', '00:29:45', 1),
(100, 106, 'wednesday', '00:00:00', '00:00:00', 0),
(101, 106, 'thursday', '00:00:00', '00:00:00', 1),
(102, 106, 'friday', '00:00:00', '00:00:00', 1),
(103, 106, 'saturday', '00:00:00', '00:00:00', 1),
(104, 106, 'sunday', '00:00:00', '00:00:00', 1),
(105, 107, 'monday', '00:00:00', '00:00:00', 0),
(106, 107, 'Tuesday', '11:00:00', '23:00:00', 1),
(107, 107, 'wednesday', '11:00:00', '23:00:00', 1),
(108, 107, 'thursday', '11:00:00', '23:00:00', 1),
(109, 107, 'friday', '11:00:00', '23:00:00', 1),
(110, 107, 'saturday', '11:00:00', '23:00:00', 1),
(111, 107, 'sunday', '11:00:00', '23:00:00', 1),
(112, 111, 'monday', '19:00:00', '23:00:00', 1),
(113, 111, 'Tuesday', '09:00:00', '10:00:00', 1),
(114, 111, 'wednesday', '17:00:00', '12:00:00', 1),
(115, 111, 'thursday', '15:00:00', '11:00:00', 1),
(116, 111, 'friday', '17:00:00', '15:00:00', 1),
(117, 111, 'saturday', '00:00:00', '00:00:00', 0),
(118, 111, 'sunday', '00:00:00', '00:00:00', 0),
(119, 112, 'monday', '09:00:00', '11:00:00', 1),
(120, 112, 'Tuesday', '15:00:00', '12:00:00', 1),
(121, 112, 'wednesday', '16:00:00', '12:00:00', 1),
(122, 112, 'thursday', '15:00:00', '12:00:00', 1),
(123, 112, 'friday', '17:00:00', '12:00:00', 1),
(124, 112, 'saturday', '16:00:00', '07:02:30', 1),
(125, 112, 'sunday', '00:00:00', '00:00:00', 0);

-- --------------------------------------------------------

--
-- Table structure for table `restaurant_user_role`
--

CREATE TABLE `restaurant_user_role` (
  `id` int(11) UNSIGNED NOT NULL,
  `restaurant_id` int(11) NOT NULL,
  `user_id` int(11) UNSIGNED NOT NULL,
  `role_id` mediumint(8) UNSIGNED NOT NULL
) ENGINE=InnoDB DEFAULT CHARSET=latin1;

--
-- Dumping data for table `restaurant_user_role`
--

INSERT INTO `restaurant_user_role` (`id`, `restaurant_id`, `user_id`, `role_id`) VALUES
(9, 2, 21, 2),
(14, 89, 1, 1),
(17, 93, 1, 1),
(30, 106, 1, 1),
(31, 107, 1, 1),
(32, 108, 1, 1),
(35, 111, 1, 1),
(36, 112, 1, 1),
(37, 113, 1, 1);

-- --------------------------------------------------------

--
-- Table structure for table `restaurant_website_visit`
--

CREATE TABLE `restaurant_website_visit` (
  `id` int(11) UNSIGNED NOT NULL,
  `user_id` int(11) UNSIGNED DEFAULT NULL,
  `restaurant_id` int(11) DEFAULT NULL,
  `datetime` datetime DEFAULT NULL
) ENGINE=InnoDB DEFAULT CHARSET=latin1;

-- --------------------------------------------------------

--
-- Table structure for table `rights`
--

CREATE TABLE `rights` (
  `id` int(11) NOT NULL,
  `name` varchar(255) NOT NULL
) ENGINE=InnoDB DEFAULT CHARSET=latin1;

--
-- Dumping data for table `rights`
--

INSERT INTO `rights` (`id`, `name`) VALUES
(3, 'get_restaurant_data'),
(4, 'get_restaurant_edit_data'),
(5, 'get_left_menu_data'),
(6, 'check_cat_name'),
(7, 'add_menu'),
(8, 'edit_menu'),
(9, 'random_string'),
(10, 'add_restaurant'),
(11, 'change_password'),
(12, 'cuisine_type'),
(13, 'delete_cuisine_type'),
(14, 'payment_method'),
(15, 'delete_payment_method'),
(16, 'rights'),
(17, 'delete_rights'),
(18, 'socail_account'),
(19, 'delete_socail_account'),
(20, 'user_management'),
(21, 'ban_user'),
(22, 'unban_user'),
(23, 'feed_flags'),
(24, 'feed_comment_flags'),
(25, 'restaurant_comment_flags'),
(26, 'update_unseen'),
(27, 'update_seen'),
(28, 'flag_feed_comment'),
(29, 'flag_feed'),
(30, 'flag_restaurant_comment'),
(31, 'user_group_listing'),
(32, 'user_rights'),
(33, 'right_check'),
(34, 'save_restaurant'),
(35, 'contact_info'),
(36, 'promotional_banners'),
(37, 'add_others'),
(38, 'socail_accounts'),
(39, 'location'),
(40, 'delete_restaurant'),
(41, 'edit_restaurant'),
(42, 'restaurant_menu_view'),
(43, 'get_menu_itemsdata'),
(44, 'add_menu_item'),
(45, 'add_menu_items'),
(46, 'edit_item'),
(47, 'get_restaurant_general_view'),
(48, 'get_restaurant_contact_view'),
(49, 'get_restaurant_promotion_view'),
(50, 'get_restaurant_other_view'),
(51, 'get_restaurant_social_view'),
(52, 'get_restaurant_location_view'),
(53, 'edit_generalInfo'),
(54, 'edit_contactInfo'),
(55, 'edit_promotion_banner'),
(56, 'get_restaurant_promotion_banner'),
(57, 'delete_promotional_banner'),
(58, 'delete_item'),
(59, 'delete_category'),
(60, 'edit_othersInfo'),
(61, 'edit_socialInfo'),
(62, 'edit_location_info'),
(63, 'check_restaurant_username'),
(64, 'delete_phone_Number'),
(65, 'delete_mobile_Number'),
(66, 'delete_email_Number'),
(67, 'delete_socail_accounts'),
(68, 'delete_branch_location'),
(69, 'dashboard_access'),
(70, 'restaurant_setting_access'),
(71, 'menu_access'),
(72, 'deactivate_access'),
(73, 'userManagent_access'),
(74, 'flag_Managemnet_access'),
(75, 'system_access'),
(76, 'right_of_menu_access'),
(77, 'user_detail'),
(78, 'add_new_user'),
(79, 'edit_user'),
(80, 'restaurant_access'),
(81, 'restaurant_listing'),
(82, 'restaurant_detail'),
(83, 'user_profile'),
(84, 'edit_menu_item'),
(86, 'get_dashboard_data');

-- --------------------------------------------------------

--
-- Table structure for table `socail_account`
--

CREATE TABLE `socail_account` (
  `id` int(11) NOT NULL,
  `name` varchar(255) CHARACTER SET latin1 NOT NULL
) ENGINE=InnoDB DEFAULT CHARSET=utf8;

--
-- Dumping data for table `socail_account`
--

INSERT INTO `socail_account` (`id`, `name`) VALUES
(1, 'Facebook'),
(2, 'Twitter'),
(3, 'Instagram'),
(4, 'Google+');

-- --------------------------------------------------------

--
-- Table structure for table `users`
--

CREATE TABLE `users` (
  `id` int(11) UNSIGNED NOT NULL,
  `ip_address` varchar(15) NOT NULL,
  `username` varchar(100) DEFAULT NULL,
  `password` varchar(255) NOT NULL,
  `salt` varchar(255) DEFAULT NULL,
  `email` varchar(100) NOT NULL,
  `activation_code` varchar(40) DEFAULT NULL,
  `forgotten_password_code` varchar(40) DEFAULT NULL,
  `forgotten_password_time` int(11) UNSIGNED DEFAULT NULL,
  `remember_code` varchar(40) DEFAULT NULL,
  `created_on` int(11) UNSIGNED NOT NULL,
  `last_login` int(11) UNSIGNED DEFAULT NULL,
  `active` tinyint(1) UNSIGNED DEFAULT NULL,
  `first_name` varchar(255) NOT NULL,
  `last_name` varchar(255) NOT NULL,
  `dob` date NOT NULL,
  `phone` varchar(20) DEFAULT NULL,
  `country` int(11) NOT NULL,
  `gender` varchar(100) NOT NULL,
  `user_image_url` varchar(255) NOT NULL,
  `cover_image_url` varchar(255) NOT NULL,
  `is_block` char(1) NOT NULL DEFAULT '0' COMMENT '0 for unblock,1 for block',
  `user_type_id` int(11) NOT NULL,
  `date_created` datetime NOT NULL
) ENGINE=InnoDB DEFAULT CHARSET=utf8;

--
-- Dumping data for table `users`
--

INSERT INTO `users` (`id`, `ip_address`, `username`, `password`, `salt`, `email`, `activation_code`, `forgotten_password_code`, `forgotten_password_time`, `remember_code`, `created_on`, `last_login`, `active`, `first_name`, `last_name`, `dob`, `phone`, `country`, `gender`, `user_image_url`, `cover_image_url`, `is_block`, `user_type_id`, `date_created`) VALUES
(1, '', 'admin', '$2y$08$D0bCTlzHpoSHZv4lmriZWuxtIV24iJI0WMZvPXJUDkR/undBpVTtu', NULL, 'admin@gmail.com', NULL, NULL, NULL, NULL, 0, 1462947619, 1, 'Administrator', '', '0000-00-00', NULL, 0, '', '', '', '0', 1, '0000-00-00 00:00:00'),
(21, '110.39.74.89', 'zaeemnadeem', '$2y$08$D0bCTlzHpoSHZv4lmriZWuxtIV24iJI0WMZvPXJUDkR/undBpVTtu', 'ohcboULWpiGhVonVpgyTYO', 'zaeem.nadeem@gmail.com', NULL, 'X.A9U3EfQX5u-QHUC3wzr.84484cbd08752fbe31', 1453362226, 'OSqbrfCyegR99aI932ORBO', 1452770558, 1462172146, 1, 'Zaeem', 'nadeem', '0000-00-00', '03218845875', 1, 'Male', 'http://dev.noriyah.com/HungryBuddies/api/uploads/profile_images/X0N3DAAZ.jpeg', 'http://dev.noriyah.com/HungryBuddies/api/uploads/cover_images/z8D0Y1dq.jpeg', '0', 2, '2016-01-14 11:22:38'),
(23, '110.39.74.89', 'weedi18', '$2y$08$8f4glo.qA.vmSba8/ap8BuDv8CiKlEU7osKY2gjAHOigueOOdtPEC', 'wzUmDj7iQGERwn1QW.gjBe', 'waleed18@gmail.com', NULL, NULL, NULL, 'UlZqblDQsqmK8A4emtAEEe', 1452860356, 1458305108, 1, 'Waleed', 'Naeem', '1989-10-01', '03214106547', 1, 'Male', 'http://dev.noriyah.com/HungryBuddies/api/uploads/profile_images/nhcX3i1n.jpeg', 'http://dev.noriyah.com/HungryBuddies/api/uploads/cover_images/b88kBUxz.jpeg', '0', 2, '2016-01-15 12:19:16'),
(25, '182.185.191.238', 'zaeemnadeem123', '$2y$08$4NBMQBGNdSo/PAybPyhn8el13bldhQrVt23CsKDop.gapft6ltp.a', 'C0C.DKj6I41Hl5Ocpg7BRO', 'zemmughal@hotmail.com', NULL, NULL, NULL, 'XOIFcqA2jmLp6cAg4Isk/.', 1453120149, 1458630804, 1, 'Zaeem', 'nadeem mughal', '1990-07-04', '03218845875', 1, 'Male', 'http://dev.noriyah.com/HungryBuddies/api/uploads/profile_images/Tc6KsiMI.jpeg', 'http://dev.noriyah.com/HungryBuddies/api/uploads/cover_images/wVPAH9Kr.jpeg', '0', 2, '2016-01-18 12:29:09'),
(26, '39.48.67.119', 'AzeemHaider', '$2y$08$Libn5wKOJ1SDyUUJhsTucu6nnAk9LSVGpzBjHE3cSTwnntlqF18By', '4pdDVGOcfAJIJLtYKKt6C.', 'id.azeem30@gmail.com', NULL, NULL, NULL, 'sjL/DDFEFE9UZ1s5sADiqO', 1453802233, 1453993220, 1, 'Muhammad', 'Azeen', '1996-01-14', '03452505315', 1, 'Male', 'http://dev.noriyah.com/HungryBuddies/api/uploads/profile_images/DMV5HMPE.jpeg', 'http://dev.noriyah.com/HungryBuddies/api/uploads/cover_images/fc9EC1rE.jpeg', '0', 2, '2016-01-26 09:57:13'),
(27, '39.48.59.61', 'rabia', '$2y$08$0rXktLm.pFsaLM2Um6VMY.nvQxRsV8jc/26wq25ly4qurI18Q.Koi', 'mLKn9HTCzaVdvr92FS5Bcu', 'surriya.hanif@yahoo.com', '0d08161001ac4d1b9658b7ef39cfb70054970f33', NULL, NULL, NULL, 1458077689, NULL, 0, 'rabia', 'ahmed', '2016-03-16', '03345786888', 116, 'FeMale', 'http://dev.noriyah.com/HungryBuddies/api/uploads/profile_images/YVhfM39S.jpeg', 'http://dev.noriyah.com/HungryBuddies/api/uploads/cover_images/hJUp9c6B.jpeg', '0', 2, '2016-03-15 09:34:49'),
(28, '39.48.59.61', 'ahmed', '$2y$08$JyJfCC2/01S/cdIc6GGx7eGL9s7UwFa5.9HNb6v75RAhYn1DBM8QW', 'Qtdun37BIlJwxjqqWQC/2.', 'surriya.hanif@gmail.com', 'c642882f7c132a11d13ca38d9ac954bff490675c', NULL, NULL, NULL, 1458078361, NULL, 0, 'ahmed', 'saleem', '2012-01-12', '03349887386', 116, 'FeMale', 'http://dev.noriyah.com/HungryBuddies/api/uploads/profile_images/gOizO9hA.jpeg', 'http://dev.noriyah.com/HungryBuddies/api/uploads/cover_images/RF5Zx7j2.jpeg', '0', 2, '2016-03-15 09:46:01'),
(29, '39.48.73.242', 'Emen', '$2y$08$9wk6XrZe.H0pYSlGwWhMCeafxO4inShXLu/vskZdzdAQto6UovX0y', 'j30jGsaXqVP2qse60MyApu', 'surriya_hanif@live.com', '5f8efd59b781b2baf35f047f846f50b022717cc9', NULL, NULL, NULL, 1458244035, NULL, 0, 'Eman', 'Ali', '2009-08-07', '03452505316', 1, 'FeMale', 'http://dev.noriyah.com/HungryBuddies/api/uploads/profile_images/hZ9RInvJ.jpeg', 'http://dev.noriyah.com/HungryBuddies/api/uploads/cover_images/5OK3s8h7.jpeg', '0', 2, '2016-03-17 07:47:15');

-- --------------------------------------------------------

--
-- Table structure for table `users_groups`
--

CREATE TABLE `users_groups` (
  `id` int(11) UNSIGNED NOT NULL,
  `user_id` int(11) UNSIGNED NOT NULL,
  `group_id` mediumint(8) UNSIGNED NOT NULL
) ENGINE=InnoDB DEFAULT CHARSET=utf8;

--
-- Dumping data for table `users_groups`
--

INSERT INTO `users_groups` (`id`, `user_id`, `group_id`) VALUES
(1, 1, 1),
(2, 1, 2),
(3, 2, 2),
(4, 3, 2),
(5, 4, 2),
(6, 5, 2),
(7, 6, 2),
(8, 7, 2),
(9, 8, 2),
(10, 9, 2),
(11, 10, 2),
(12, 11, 2),
(13, 12, 2),
(15, 14, 2),
(16, 15, 2),
(17, 16, 2),
(18, 17, 2),
(19, 18, 2),
(20, 19, 2),
(21, 20, 2),
(22, 21, 2),
(23, 22, 2),
(24, 23, 2),
(25, 24, 2),
(26, 25, 2),
(27, 26, 2),
(28, 27, 2),
(29, 28, 2);

-- --------------------------------------------------------

--
-- Table structure for table `user_fav_feeds`
--

CREATE TABLE `user_fav_feeds` (
  `id` int(11) NOT NULL,
  `user_id` int(11) UNSIGNED NOT NULL,
  `feed_id` int(11) NOT NULL,
  `date_added` datetime DEFAULT NULL
) ENGINE=InnoDB DEFAULT CHARSET=utf8;

--
-- Dumping data for table `user_fav_feeds`
--

INSERT INTO `user_fav_feeds` (`id`, `user_id`, `feed_id`, `date_added`) VALUES
(44, 25, 33, '2016-01-27 08:46:33'),
(46, 21, 33, '2016-01-28 09:25:42'),
(47, 21, 35, '2016-01-29 09:25:42'),
(48, 21, 39, '2016-01-27 09:25:42'),
(49, 21, 33, '2015-01-27 09:25:42');

-- --------------------------------------------------------

--
-- Table structure for table `user_fav_restaurant`
--

CREATE TABLE `user_fav_restaurant` (
  `id` int(11) NOT NULL,
  `user_id` int(11) UNSIGNED NOT NULL,
  `restaurant_id` int(11) NOT NULL,
  `date_added` datetime DEFAULT NULL
) ENGINE=InnoDB DEFAULT CHARSET=utf8;

--
-- Dumping data for table `user_fav_restaurant`
--

INSERT INTO `user_fav_restaurant` (`id`, `user_id`, `restaurant_id`, `date_added`) VALUES
(3, 21, 4, '2016-01-20 15:01:35'),
(16, 25, 8, '2016-01-21 04:28:46'),
(19, 25, 7, '2016-01-22 00:49:44'),
(35, 21, 2, '2016-01-26 13:02:24');

-- --------------------------------------------------------

--
-- Table structure for table `user_friend_list`
--

CREATE TABLE `user_friend_list` (
  `id` int(11) NOT NULL,
  `user_id` int(11) UNSIGNED NOT NULL,
  `friend_user_id` int(11) UNSIGNED NOT NULL,
  `date_added` datetime NOT NULL,
  `status` int(11) NOT NULL COMMENT '1-follower,2-following'
) ENGINE=InnoDB DEFAULT CHARSET=utf8;

--
-- Dumping data for table `user_friend_list`
--

INSERT INTO `user_friend_list` (`id`, `user_id`, `friend_user_id`, `date_added`, `status`) VALUES
(53, 25, 21, '2016-01-19 01:57:36', 2),
(55, 23, 21, '2016-01-19 01:58:40', 2),
(56, 1, 21, '2016-01-19 02:03:40', 9),
(62, 25, 23, '2016-01-19 08:35:49', 2),
(65, 26, 25, '2016-01-26 03:45:41', 9),
(71, 21, 28, '2016-03-20 03:49:09', 2),
(72, 21, 25, '2016-03-21 02:53:51', 9);

-- --------------------------------------------------------

--
-- Table structure for table `user_friend_request`
--

CREATE TABLE `user_friend_request` (
  `id` int(11) NOT NULL,
  `user_id` int(11) UNSIGNED NOT NULL,
  `friend_request_id` int(11) UNSIGNED NOT NULL,
  `status` varchar(50) CHARACTER SET latin1 NOT NULL,
  `request_datetime` datetime NOT NULL
) ENGINE=InnoDB DEFAULT CHARSET=utf8;

--
-- Dumping data for table `user_friend_request`
--

INSERT INTO `user_friend_request` (`id`, `user_id`, `friend_request_id`, `status`, `request_datetime`) VALUES
(22, 25, 21, 'Accepted', '2016-01-19 01:57:36'),
(26, 23, 25, 'Accepted', '2016-01-19 02:02:40'),
(28, 25, 23, 'Accepted', '2016-01-19 08:35:49'),
(50, 26, 25, 'Accepted', '2016-01-26 02:52:48'),
(58, 21, 26, 'Requested', '2016-03-17 15:19:56'),
(61, 21, 25, 'Accepted', '2016-03-18 10:38:37'),
(62, 21, 28, 'Accepted', '2016-03-20 03:49:09'),
(63, 21, 23, 'Requested', '2016-03-20 03:49:23');

-- --------------------------------------------------------

--
-- Table structure for table `user_ignore_list`
--

CREATE TABLE `user_ignore_list` (
  `id` int(11) NOT NULL,
  `user_id` int(11) UNSIGNED NOT NULL,
  `ignore_user_id` int(11) UNSIGNED NOT NULL,
  `date_added` datetime NOT NULL
) ENGINE=InnoDB DEFAULT CHARSET=utf8;

-- --------------------------------------------------------

--
-- Table structure for table `user_menu_categories`
--

CREATE TABLE `user_menu_categories` (
  `id` int(11) NOT NULL,
  `name` varchar(255) CHARACTER SET latin1 NOT NULL,
  `restaurant_id` int(11) NOT NULL,
  `image` varchar(255) CHARACTER SET latin1 NOT NULL,
  `logo` varchar(255) CHARACTER SET latin1 NOT NULL,
  `color_code` varchar(255) CHARACTER SET latin1 NOT NULL
) ENGINE=InnoDB DEFAULT CHARSET=utf8;

--
-- Dumping data for table `user_menu_categories`
--

INSERT INTO `user_menu_categories` (`id`, `name`, `restaurant_id`, `image`, `logo`, `color_code`) VALUES
(2, 'Fast Food', 2, 'http://dev.noriyah.com/HungryBuddies/api/uploads/restaurantsImages/yo42b.jpg', 'http://dev.noriyah.com/HungryBuddies/api/uploads/restaurantsImages/yo42b.jpg', '#05ff83'),
(3, 'Asian Food', 2, 'http://dev.noriyah.com/HungryBuddies/api/uploads/restaurantsImages/yo42b.jpg', 'http://dev.noriyah.com/HungryBuddies/api/uploads/restaurantsImages/yo42b.jpg', '#05ff83'),
(4, 'Fast Food', 7, 'http://dev.noriyah.com/HungryBuddies/api/uploads/restaurantsImages/54742.jpg', 'http://dev.noriyah.com/HungryBuddies/api/uploads/restaurantsImages/54742.jpg', '#05ff83'),
(5, 'Sub Food', 8, 'http://dev.noriyah.com/HungryBuddies/api/uploads/restaurantsImages/54744.jpg', 'http://dev.noriyah.com/HungryBuddies/api/uploads/restaurantsImages/54744.jpg', '#05ff83'),
(6, 'Asian Food', 9, 'http://localhost/bitbucket/Admin_HB/uploads/restaurantimages/restaurant_categories/2mzax.jpg', 'http://localhost/bitbucket/Admin_HB/uploads/restaurantimages/restaurant_categories/gwi5o.jpg', '#591717'),
(7, 'Asian Food', 17, 'http://localhost/bitbucket/Admin_HB/uploads/restaurantimages/restaurant_categories/ajz3y.jpg', 'http://localhost/bitbucket/Admin_HB/uploads/restaurantimages/restaurant_categories/3yj89.jpg', 'rgba(46,206,196,0.52)'),
(8, 'jsj', 89, 'http://localhost/Bites_up_final/masterbites/uploads/restaurantimages/restaurant_categories/c6ity.jpg', 'http://localhost/Bites_up_final/masterbites/uploads/restaurantimages/restaurant_categories/8awzt.jpg', 'rgba(255,0,0,1)'),
(9, 'new', 89, 'http://localhost/Bites_up_final/masterbites/uploads/restaurantimages/restaurant_categories/upyio.jpg', 'http://localhost/Bites_up_final/masterbites/uploads/restaurantimages/restaurant_categories/g1c4s.jpg', 'rgba(255,0,0,1)');

-- --------------------------------------------------------

--
-- Table structure for table `user_preference`
--

CREATE TABLE `user_preference` (
  `id` int(11) NOT NULL,
  `user_id` int(11) UNSIGNED NOT NULL,
  `profile_setting` varchar(50) CHARACTER SET latin1 NOT NULL,
  `request_setting` varchar(50) CHARACTER SET latin1 NOT NULL
) ENGINE=InnoDB DEFAULT CHARSET=utf8;

--
-- Dumping data for table `user_preference`
--

INSERT INTO `user_preference` (`id`, `user_id`, `profile_setting`, `request_setting`) VALUES
(8, 21, 'Private', 'Requested'),
(10, 23, 'Private', 'Requested'),
(11, 25, 'Private', 'Requested'),
(12, 26, 'Private', 'Requested'),
(13, 27, 'Public', 'Auto'),
(14, 28, 'Public', 'Auto'),
(15, 29, 'Public', 'Auto');

-- --------------------------------------------------------

--
-- Table structure for table `user_rights`
--

CREATE TABLE `user_rights` (
  `id` int(11) NOT NULL,
  `user_id` int(11) NOT NULL,
  `right_id` int(11) NOT NULL,
  `group_id` int(11) NOT NULL
) ENGINE=InnoDB DEFAULT CHARSET=latin1;

--
-- Dumping data for table `user_rights`
--

INSERT INTO `user_rights` (`id`, `user_id`, `right_id`, `group_id`) VALUES
(1, 21, 1, 1),
(2, 21, 2, 1),
(3, 21, 1, 1),
(4, 21, 2, 1),
(5, 21, 3, 1),
(6, 21, 4, 1),
(7, 21, 5, 1),
(8, 21, 6, 1),
(9, 21, 7, 1),
(10, 21, 8, 1),
(12, 21, 10, 1),
(13, 21, 11, 1),
(14, 21, 12, 1),
(16, 21, 14, 1),
(17, 0, 15, 1),
(19, 0, 17, 1),
(20, 0, 18, 1),
(21, 0, 19, 1),
(22, 0, 20, 1),
(23, 0, 21, 1),
(24, 0, 22, 1),
(25, 0, 23, 1),
(26, 0, 24, 1),
(28, 0, 26, 1),
(29, 0, 27, 1),
(30, 0, 28, 3),
(31, 0, 29, 3),
(32, 0, 30, 3),
(33, 0, 31, 3),
(34, 0, 32, 3),
(43, 0, 41, 3),
(44, 0, 42, 3),
(45, 0, 43, 3),
(46, 0, 44, 3),
(47, 0, 45, 3),
(48, 0, 46, 3),
(49, 0, 47, 3),
(50, 0, 48, 3),
(51, 0, 49, 3),
(52, 0, 50, 3),
(53, 0, 51, 3),
(54, 0, 52, 3),
(55, 0, 53, 3),
(56, 0, 54, 3),
(57, 0, 55, 3),
(58, 0, 56, 3),
(59, 0, 57, 3),
(60, 0, 58, 3),
(61, 0, 59, 3),
(62, 0, 60, 3),
(64, 0, 62, 3),
(65, 0, 63, 3),
(66, 0, 64, 3),
(67, 0, 65, 3),
(68, 0, 66, 3),
(69, 0, 67, 3),
(70, 0, 68, 3),
(82, 1, 13, 3),
(106, 21, 14, 3),
(107, 21, 15, 3),
(109, 21, 18, 3),
(110, 21, 20, 3),
(111, 21, 19, 3),
(114, 21, 69, 3),
(115, 21, 70, 3),
(121, 1, 3, 3),
(122, 1, 4, 3),
(123, 1, 5, 3),
(124, 1, 6, 3),
(125, 1, 7, 3),
(126, 1, 8, 3),
(127, 1, 9, 3),
(128, 1, 10, 3),
(129, 1, 11, 3),
(130, 1, 12, 3),
(131, 1, 23, 3),
(132, 1, 24, 3),
(133, 1, 25, 3),
(134, 1, 26, 3),
(135, 1, 27, 3),
(137, 1, 16, 3),
(138, 1, 16, 1),
(140, 1, 33, 1),
(141, 0, 69, 1),
(142, 0, 70, 1),
(143, 0, 71, 1),
(144, 0, 72, 1),
(145, 0, 73, 1),
(146, 0, 74, 1),
(147, 0, 75, 1),
(148, 1, 76, 1),
(149, 1, 17, 3),
(157, 1, 72, 3),
(158, 1, 71, 3),
(159, 1, 13, 1),
(160, 1, 9, 1),
(161, 1, 25, 1),
(162, 1, 28, 1),
(163, 1, 29, 1),
(164, 1, 30, 1),
(165, 1, 31, 1),
(166, 1, 32, 1),
(167, 1, 43, 1),
(168, 1, 44, 1),
(169, 1, 45, 1),
(170, 1, 46, 1),
(171, 1, 47, 1),
(172, 1, 48, 1),
(173, 1, 49, 1),
(174, 1, 50, 1),
(175, 1, 51, 1),
(176, 1, 52, 1),
(177, 1, 63, 1),
(178, 1, 64, 1),
(179, 1, 65, 1),
(180, 1, 66, 1),
(181, 1, 67, 1),
(182, 1, 68, 1),
(183, 1, 62, 1),
(184, 1, 61, 1),
(185, 1, 60, 1),
(186, 1, 59, 1),
(187, 1, 58, 1),
(188, 1, 57, 1),
(189, 1, 55, 1),
(190, 1, 56, 1),
(191, 1, 54, 1),
(192, 1, 53, 1),
(193, 1, 42, 1),
(194, 1, 40, 1),
(195, 1, 41, 1),
(196, 1, 39, 1),
(197, 1, 38, 1),
(198, 1, 37, 1),
(199, 1, 36, 1),
(200, 1, 35, 1),
(201, 1, 34, 1),
(202, 1, 77, 1),
(203, 1, 78, 1),
(204, 1, 79, 1),
(205, 1, 80, 1),
(206, 1, 81, 1),
(208, 1, 83, 1),
(209, 1, 84, 1),
(210, 1, 39, 3),
(211, 1, 38, 3),
(212, 1, 37, 3),
(213, 1, 36, 3),
(214, 1, 35, 3),
(215, 1, 34, 3),
(216, 1, 61, 3),
(217, 1, 83, 3),
(218, 1, 83, 2),
(219, 1, 84, 3),
(220, 1, 22, 3),
(221, 1, 21, 3),
(222, 1, 33, 3),
(223, 1, 86, 1),
(224, 1, 86, 3),
(225, 1, 82, 1);

-- --------------------------------------------------------

--
-- Table structure for table `user_selected_tags`
--

CREATE TABLE `user_selected_tags` (
  `id` int(11) NOT NULL,
  `user_id` int(11) UNSIGNED NOT NULL,
  `tag` varchar(255) CHARACTER SET latin1 NOT NULL
) ENGINE=InnoDB DEFAULT CHARSET=utf8;

--
-- Dumping data for table `user_selected_tags`
--

INSERT INTO `user_selected_tags` (`id`, `user_id`, `tag`) VALUES
(51, 21, 'Classic'),
(52, 21, 'Trendy'),
(53, 21, 'Family'),
(54, 21, 'Outdoor'),
(55, 21, 'Classic'),
(56, 21, 'Fast Food'),
(57, 21, 'Italian'),
(58, 21, 'Chinese'),
(59, 21, 'Continental'),
(60, 21, 'Thai'),
(70, 23, 'Italian'),
(71, 23, 'Chinese'),
(72, 23, 'Continental'),
(73, 23, 'Fast Food'),
(74, 23, 'Trendy'),
(75, 23, 'Family'),
(76, 23, 'Outdoor'),
(77, 23, 'Thai'),
(78, 23, 'Classic'),
(79, 25, 'Italian'),
(80, 25, 'Outdoor'),
(81, 25, 'Fast Food'),
(82, 25, 'Trendy'),
(83, 25, 'Chinese'),
(84, 26, 'Fast Food'),
(85, 26, 'Italian'),
(86, 26, 'Chinese'),
(87, 26, 'Continental'),
(88, 26, 'Thai'),
(89, 26, 'Trendy'),
(90, 26, 'Classic'),
(91, 26, 'Outdoor'),
(92, 26, 'Family'),
(93, 27, 'Italian'),
(94, 27, 'Chinese'),
(95, 27, 'Fast Food'),
(96, 27, 'Classic'),
(97, 27, 'Continental'),
(98, 27, 'Thai'),
(99, 28, 'Classic'),
(100, 28, 'Chinese'),
(101, 28, 'Fast Food'),
(102, 29, 'Italian'),
(103, 29, 'Family'),
(104, 29, 'Trendy');

-- --------------------------------------------------------

--
-- Table structure for table `user_type`
--

CREATE TABLE `user_type` (
  `id` int(11) NOT NULL,
  `name` varchar(255) CHARACTER SET latin1 NOT NULL
) ENGINE=InnoDB DEFAULT CHARSET=utf8;

-- --------------------------------------------------------

--
-- Table structure for table `user_visited_places`
--

CREATE TABLE `user_visited_places` (
  `id` int(11) NOT NULL,
  `user_id` int(11) UNSIGNED NOT NULL,
  `restaurant_id` int(11) UNSIGNED NOT NULL,
  `date_added` datetime DEFAULT NULL
) ENGINE=InnoDB DEFAULT CHARSET=utf8;

--
-- Dumping data for table `user_visited_places`
--

INSERT INTO `user_visited_places` (`id`, `user_id`, `restaurant_id`, `date_added`) VALUES
(5, 21, 3, '2016-01-21 01:55:33'),
(6, 25, 3, '2016-01-21 04:28:30'),
(7, 25, 4, '2016-01-21 09:04:02'),
(9, 25, 8, '2016-01-21 23:46:36'),
(12, 21, 4, '2016-01-26 11:28:04'),
(13, 21, 8, '2016-01-28 03:31:53'),
(14, 21, 12, '2016-04-07 09:39:09');

--
-- Indexes for dumped tables
--

--
-- Indexes for table `about_us`
--
ALTER TABLE `about_us`
  ADD PRIMARY KEY (`id`);

--
-- Indexes for table `admin_flag_reports`
--
ALTER TABLE `admin_flag_reports`
  ADD PRIMARY KEY (`id`);

--
-- Indexes for table `cities`
--
ALTER TABLE `cities`
  ADD PRIMARY KEY (`city_id`);

--
-- Indexes for table `cuisine_type`
--
ALTER TABLE `cuisine_type`
  ADD PRIMARY KEY (`id`);

--
-- Indexes for table `faqs`
--
ALTER TABLE `faqs`
  ADD PRIMARY KEY (`id`);

--
-- Indexes for table `feedback`
--
ALTER TABLE `feedback`
  ADD PRIMARY KEY (`id`),
  ADD KEY `feedback_user_key` (`user_id`);

--
-- Indexes for table `feeds`
--
ALTER TABLE `feeds`
  ADD PRIMARY KEY (`id`),
  ADD KEY `feed_rest_key` (`restaurant_id`),
  ADD KEY `feed_user_key` (`user_id`);

--
-- Indexes for table `feed_comments`
--
ALTER TABLE `feed_comments`
  ADD PRIMARY KEY (`id`),
  ADD KEY `feed_com_user_key` (`user_id`),
  ADD KEY `feed_com_feed_key` (`feed_id`);

--
-- Indexes for table `feed_comments_details`
--
ALTER TABLE `feed_comments_details`
  ADD PRIMARY KEY (`id`),
  ADD KEY `feed_det_user_key` (`user_id`),
  ADD KEY `feed_det_com_key` (`comment_id`);

--
-- Indexes for table `feed_details`
--
ALTER TABLE `feed_details`
  ADD PRIMARY KEY (`id`),
  ADD KEY `feed_details_user_key` (`user_id`),
  ADD KEY `feed_details_feed_key` (`feed_id`);

--
-- Indexes for table `feed_images`
--
ALTER TABLE `feed_images`
  ADD PRIMARY KEY (`id`),
  ADD KEY `feed_img_feed_key` (`feed_id`);

--
-- Indexes for table `feed_tags`
--
ALTER TABLE `feed_tags`
  ADD PRIMARY KEY (`id`),
  ADD KEY `feed_tag_feed_key` (`feed_id`),
  ADD KEY `feed_tag_rest_key` (`restaurant_id`);

--
-- Indexes for table `flag_reports`
--
ALTER TABLE `flag_reports`
  ADD PRIMARY KEY (`id`);

--
-- Indexes for table `flag_type`
--
ALTER TABLE `flag_type`
  ADD PRIMARY KEY (`id`);

--
-- Indexes for table `groups`
--
ALTER TABLE `groups`
  ADD PRIMARY KEY (`id`);

--
-- Indexes for table `hb_countries`
--
ALTER TABLE `hb_countries`
  ADD PRIMARY KEY (`country_id`);

--
-- Indexes for table `login_attempts`
--
ALTER TABLE `login_attempts`
  ADD PRIMARY KEY (`id`);

--
-- Indexes for table `menu_access_rights`
--
ALTER TABLE `menu_access_rights`
  ADD PRIMARY KEY (`menu_id`);

--
-- Indexes for table `mytable`
--
ALTER TABLE `mytable`
  ADD PRIMARY KEY (`id`);

--
-- Indexes for table `payment_method`
--
ALTER TABLE `payment_method`
  ADD PRIMARY KEY (`id`);

--
-- Indexes for table `promotions`
--
ALTER TABLE `promotions`
  ADD PRIMARY KEY (`id`),
  ADD KEY `promotion_item_key` (`item_id`),
  ADD KEY `promotion_rest_ket` (`restaurant_id`);

--
-- Indexes for table `restaurant`
--
ALTER TABLE `restaurant`
  ADD PRIMARY KEY (`id`);

--
-- Indexes for table `restaurant_branches`
--
ALTER TABLE `restaurant_branches`
  ADD PRIMARY KEY (`id`),
  ADD KEY `branches_rest_key` (`restaurant_id`);

--
-- Indexes for table `restaurant_comments`
--
ALTER TABLE `restaurant_comments`
  ADD PRIMARY KEY (`id`),
  ADD KEY `rest_com_user_key` (`user_id`),
  ADD KEY `rest_com_rest_key` (`restaurant_id`);

--
-- Indexes for table `restaurant_comments_details`
--
ALTER TABLE `restaurant_comments_details`
  ADD PRIMARY KEY (`id`),
  ADD KEY `rest_com_det_user_key` (`user_id`),
  ADD KEY `rest_com_det_com_key` (`comment_id`);

--
-- Indexes for table `restaurant_cuisine_type`
--
ALTER TABLE `restaurant_cuisine_type`
  ADD PRIMARY KEY (`id`),
  ADD KEY `rest_cusine_rest_key` (`restaurant_id`),
  ADD KEY `rest_cusine_type_key` (`cuisine_type_id`);

--
-- Indexes for table `restaurant_email`
--
ALTER TABLE `restaurant_email`
  ADD PRIMARY KEY (`id`),
  ADD KEY `email_rest_key` (`restaurant_id`);

--
-- Indexes for table `restaurant_menu`
--
ALTER TABLE `restaurant_menu`
  ADD PRIMARY KEY (`id`),
  ADD KEY `rest_menu_rest_key` (`restaurant_id`),
  ADD KEY `rest_menu_cat_key` (`category_id`);

--
-- Indexes for table `restaurant_menu_attr`
--
ALTER TABLE `restaurant_menu_attr`
  ADD PRIMARY KEY (`id`);

--
-- Indexes for table `restaurant_menu_images`
--
ALTER TABLE `restaurant_menu_images`
  ADD PRIMARY KEY (`id`),
  ADD KEY `rest_menu_image_item_key` (`item_id`);

--
-- Indexes for table `restaurant_menu_items`
--
ALTER TABLE `restaurant_menu_items`
  ADD PRIMARY KEY (`id`),
  ADD KEY `rest_menu_items_menu_key` (`menu_id`);

--
-- Indexes for table `restaurant_menu_item_rating`
--
ALTER TABLE `restaurant_menu_item_rating`
  ADD PRIMARY KEY (`id`),
  ADD KEY `item_rate_user_key` (`user_id`),
  ADD KEY `item_rate_item_key` (`item_id`);

--
-- Indexes for table `restaurant_mobile_no`
--
ALTER TABLE `restaurant_mobile_no`
  ADD PRIMARY KEY (`id`),
  ADD KEY `mobile_rest_key` (`restaurant_id`);

--
-- Indexes for table `restaurant_page_share`
--
ALTER TABLE `restaurant_page_share`
  ADD PRIMARY KEY (`id`),
  ADD KEY `page_share_rest_key` (`restaurant_id`);

--
-- Indexes for table `restaurant_page_visit`
--
ALTER TABLE `restaurant_page_visit`
  ADD PRIMARY KEY (`id`),
  ADD KEY `page_vist_rest_key` (`restaurant_id`);

--
-- Indexes for table `restaurant_payment_methods`
--
ALTER TABLE `restaurant_payment_methods`
  ADD PRIMARY KEY (`id`),
  ADD KEY `rest_payment_rest_key` (`restaurant_id`),
  ADD KEY `rest_payment_key` (`payment_method_id`);

--
-- Indexes for table `restaurant_phone_no`
--
ALTER TABLE `restaurant_phone_no`
  ADD PRIMARY KEY (`id`),
  ADD KEY `phone_rest_key` (`restaurant_id`);

--
-- Indexes for table `restaurant_promotional_banner`
--
ALTER TABLE `restaurant_promotional_banner`
  ADD PRIMARY KEY (`id`),
  ADD KEY `rest_promotion_rest_key` (`restaurant_id`);

--
-- Indexes for table `restaurant_selected_tags`
--
ALTER TABLE `restaurant_selected_tags`
  ADD PRIMARY KEY (`id`),
  ADD KEY `rest_tags_rest_id` (`restaurant_id`);

--
-- Indexes for table `restaurant_social_acc`
--
ALTER TABLE `restaurant_social_acc`
  ADD PRIMARY KEY (`id`),
  ADD KEY `rest_social_rest_key` (`restaurant_id`),
  ADD KEY `rest_social_key` (`social_acc_id`);

--
-- Indexes for table `restaurant_timing`
--
ALTER TABLE `restaurant_timing`
  ADD PRIMARY KEY (`id`),
  ADD KEY `rest_timing_rest_key` (`restaurant_id`);

--
-- Indexes for table `restaurant_user_role`
--
ALTER TABLE `restaurant_user_role`
  ADD PRIMARY KEY (`id`),
  ADD KEY `rest_role_rest_key` (`restaurant_id`),
  ADD KEY `rest_role_user_key` (`user_id`),
  ADD KEY `rest_role_key` (`role_id`);

--
-- Indexes for table `restaurant_website_visit`
--
ALTER TABLE `restaurant_website_visit`
  ADD PRIMARY KEY (`id`),
  ADD KEY `webiste_vist_rest_key` (`restaurant_id`);

--
-- Indexes for table `rights`
--
ALTER TABLE `rights`
  ADD PRIMARY KEY (`id`);

--
-- Indexes for table `socail_account`
--
ALTER TABLE `socail_account`
  ADD PRIMARY KEY (`id`);

--
-- Indexes for table `users`
--
ALTER TABLE `users`
  ADD PRIMARY KEY (`id`);

--
-- Indexes for table `users_groups`
--
ALTER TABLE `users_groups`
  ADD PRIMARY KEY (`id`),
  ADD UNIQUE KEY `uc_users_groups` (`user_id`,`group_id`),
  ADD KEY `fk_users_groups_users1_idx` (`user_id`),
  ADD KEY `fk_users_groups_groups1_idx` (`group_id`);

--
-- Indexes for table `user_fav_feeds`
--
ALTER TABLE `user_fav_feeds`
  ADD PRIMARY KEY (`id`),
  ADD KEY `fav_feed_user_key` (`user_id`),
  ADD KEY `fav_feed_feed_key` (`feed_id`);

--
-- Indexes for table `user_fav_restaurant`
--
ALTER TABLE `user_fav_restaurant`
  ADD PRIMARY KEY (`id`),
  ADD KEY `fav_rest_user_key` (`user_id`),
  ADD KEY `fav_rest_rest_key` (`restaurant_id`);

--
-- Indexes for table `user_friend_list`
--
ALTER TABLE `user_friend_list`
  ADD PRIMARY KEY (`id`),
  ADD KEY `friend_list_user_key` (`user_id`),
  ADD KEY `friend_list_friend_key` (`friend_user_id`);

--
-- Indexes for table `user_friend_request`
--
ALTER TABLE `user_friend_request`
  ADD PRIMARY KEY (`id`),
  ADD KEY `friend_req_user_key` (`user_id`),
  ADD KEY `friend_req_requser_key` (`friend_request_id`);

--
-- Indexes for table `user_ignore_list`
--
ALTER TABLE `user_ignore_list`
  ADD PRIMARY KEY (`id`),
  ADD KEY `ignore_list_user_key` (`user_id`),
  ADD KEY `ignore_list_igruser_key` (`ignore_user_id`);

--
-- Indexes for table `user_menu_categories`
--
ALTER TABLE `user_menu_categories`
  ADD PRIMARY KEY (`id`),
  ADD KEY `menu_cat_rest_key` (`restaurant_id`);

--
-- Indexes for table `user_preference`
--
ALTER TABLE `user_preference`
  ADD PRIMARY KEY (`id`),
  ADD KEY `pref_user_key` (`user_id`);

--
-- Indexes for table `user_rights`
--
ALTER TABLE `user_rights`
  ADD PRIMARY KEY (`id`);

--
-- Indexes for table `user_selected_tags`
--
ALTER TABLE `user_selected_tags`
  ADD PRIMARY KEY (`id`),
  ADD KEY `selected_tags_user_key` (`user_id`);

--
-- Indexes for table `user_type`
--
ALTER TABLE `user_type`
  ADD PRIMARY KEY (`id`);

--
-- Indexes for table `user_visited_places`
--
ALTER TABLE `user_visited_places`
  ADD PRIMARY KEY (`id`),
  ADD KEY `visted_places_user_key` (`user_id`),
  ADD KEY `visted_places_rest_key` (`restaurant_id`);

--
-- AUTO_INCREMENT for dumped tables
--

--
-- AUTO_INCREMENT for table `about_us`
--
ALTER TABLE `about_us`
  MODIFY `id` int(11) NOT NULL AUTO_INCREMENT, AUTO_INCREMENT=2;
--
-- AUTO_INCREMENT for table `cities`
--
ALTER TABLE `cities`
  MODIFY `city_id` int(11) NOT NULL AUTO_INCREMENT, AUTO_INCREMENT=9;
--
-- AUTO_INCREMENT for table `cuisine_type`
--
ALTER TABLE `cuisine_type`
  MODIFY `id` int(11) NOT NULL AUTO_INCREMENT, AUTO_INCREMENT=3;
--
-- AUTO_INCREMENT for table `faqs`
--
ALTER TABLE `faqs`
  MODIFY `id` int(11) NOT NULL AUTO_INCREMENT, AUTO_INCREMENT=5;
--
-- AUTO_INCREMENT for table `feedback`
--
ALTER TABLE `feedback`
  MODIFY `id` int(11) NOT NULL AUTO_INCREMENT;
--
-- AUTO_INCREMENT for table `feeds`
--
ALTER TABLE `feeds`
  MODIFY `id` int(11) NOT NULL AUTO_INCREMENT, AUTO_INCREMENT=41;
--
-- AUTO_INCREMENT for table `feed_comments`
--
ALTER TABLE `feed_comments`
  MODIFY `id` int(11) NOT NULL AUTO_INCREMENT, AUTO_INCREMENT=16;
--
-- AUTO_INCREMENT for table `feed_comments_details`
--
ALTER TABLE `feed_comments_details`
  MODIFY `id` int(11) NOT NULL AUTO_INCREMENT, AUTO_INCREMENT=6;
--
-- AUTO_INCREMENT for table `feed_details`
--
ALTER TABLE `feed_details`
  MODIFY `id` int(11) NOT NULL AUTO_INCREMENT, AUTO_INCREMENT=13;
--
-- AUTO_INCREMENT for table `feed_images`
--
ALTER TABLE `feed_images`
  MODIFY `id` int(11) NOT NULL AUTO_INCREMENT, AUTO_INCREMENT=34;
--
-- AUTO_INCREMENT for table `feed_tags`
--
ALTER TABLE `feed_tags`
  MODIFY `id` int(11) NOT NULL AUTO_INCREMENT, AUTO_INCREMENT=30;
--
-- AUTO_INCREMENT for table `flag_reports`
--
ALTER TABLE `flag_reports`
  MODIFY `id` int(11) NOT NULL AUTO_INCREMENT, AUTO_INCREMENT=8;
--
-- AUTO_INCREMENT for table `flag_type`
--
ALTER TABLE `flag_type`
  MODIFY `id` int(11) NOT NULL AUTO_INCREMENT, AUTO_INCREMENT=5;
--
-- AUTO_INCREMENT for table `groups`
--
ALTER TABLE `groups`
  MODIFY `id` mediumint(8) UNSIGNED NOT NULL AUTO_INCREMENT, AUTO_INCREMENT=4;
--
-- AUTO_INCREMENT for table `hb_countries`
--
ALTER TABLE `hb_countries`
  MODIFY `country_id` int(11) NOT NULL AUTO_INCREMENT, AUTO_INCREMENT=243;
--
-- AUTO_INCREMENT for table `login_attempts`
--
ALTER TABLE `login_attempts`
  MODIFY `id` int(11) UNSIGNED NOT NULL AUTO_INCREMENT;
--
-- AUTO_INCREMENT for table `menu_access_rights`
--
ALTER TABLE `menu_access_rights`
  MODIFY `menu_id` int(50) NOT NULL AUTO_INCREMENT, AUTO_INCREMENT=10;
--
-- AUTO_INCREMENT for table `mytable`
--
ALTER TABLE `mytable`
  MODIFY `id` mediumint(8) UNSIGNED NOT NULL AUTO_INCREMENT, AUTO_INCREMENT=10001;
--
-- AUTO_INCREMENT for table `payment_method`
--
ALTER TABLE `payment_method`
  MODIFY `id` int(11) NOT NULL AUTO_INCREMENT, AUTO_INCREMENT=3;
--
-- AUTO_INCREMENT for table `promotions`
--
ALTER TABLE `promotions`
  MODIFY `id` int(11) UNSIGNED NOT NULL AUTO_INCREMENT, AUTO_INCREMENT=3;
--
-- AUTO_INCREMENT for table `restaurant`
--
ALTER TABLE `restaurant`
  MODIFY `id` int(11) NOT NULL AUTO_INCREMENT, AUTO_INCREMENT=114;
--
-- AUTO_INCREMENT for table `restaurant_branches`
--
ALTER TABLE `restaurant_branches`
  MODIFY `id` int(11) UNSIGNED NOT NULL AUTO_INCREMENT, AUTO_INCREMENT=26;
--
-- AUTO_INCREMENT for table `restaurant_comments`
--
ALTER TABLE `restaurant_comments`
  MODIFY `id` int(11) NOT NULL AUTO_INCREMENT, AUTO_INCREMENT=10;
--
-- AUTO_INCREMENT for table `restaurant_comments_details`
--
ALTER TABLE `restaurant_comments_details`
  MODIFY `id` int(11) NOT NULL AUTO_INCREMENT, AUTO_INCREMENT=4;
--
-- AUTO_INCREMENT for table `restaurant_cuisine_type`
--
ALTER TABLE `restaurant_cuisine_type`
  MODIFY `id` int(11) UNSIGNED NOT NULL AUTO_INCREMENT, AUTO_INCREMENT=31;
--
-- AUTO_INCREMENT for table `restaurant_email`
--
ALTER TABLE `restaurant_email`
  MODIFY `id` int(11) UNSIGNED NOT NULL AUTO_INCREMENT, AUTO_INCREMENT=28;
--
-- AUTO_INCREMENT for table `restaurant_menu`
--
ALTER TABLE `restaurant_menu`
  MODIFY `id` int(11) NOT NULL AUTO_INCREMENT, AUTO_INCREMENT=10;
--
-- AUTO_INCREMENT for table `restaurant_menu_attr`
--
ALTER TABLE `restaurant_menu_attr`
  MODIFY `id` int(11) NOT NULL AUTO_INCREMENT, AUTO_INCREMENT=5;
--
-- AUTO_INCREMENT for table `restaurant_menu_images`
--
ALTER TABLE `restaurant_menu_images`
  MODIFY `id` int(11) NOT NULL AUTO_INCREMENT, AUTO_INCREMENT=13;
--
-- AUTO_INCREMENT for table `restaurant_menu_items`
--
ALTER TABLE `restaurant_menu_items`
  MODIFY `id` int(11) NOT NULL AUTO_INCREMENT, AUTO_INCREMENT=13;
--
-- AUTO_INCREMENT for table `restaurant_menu_item_rating`
--
ALTER TABLE `restaurant_menu_item_rating`
  MODIFY `id` int(11) NOT NULL AUTO_INCREMENT;
--
-- AUTO_INCREMENT for table `restaurant_mobile_no`
--
ALTER TABLE `restaurant_mobile_no`
  MODIFY `id` int(11) UNSIGNED NOT NULL AUTO_INCREMENT, AUTO_INCREMENT=30;
--
-- AUTO_INCREMENT for table `restaurant_page_share`
--
ALTER TABLE `restaurant_page_share`
  MODIFY `id` int(11) UNSIGNED NOT NULL AUTO_INCREMENT;
--
-- AUTO_INCREMENT for table `restaurant_page_visit`
--
ALTER TABLE `restaurant_page_visit`
  MODIFY `id` int(11) UNSIGNED NOT NULL AUTO_INCREMENT;
--
-- AUTO_INCREMENT for table `restaurant_payment_methods`
--
ALTER TABLE `restaurant_payment_methods`
  MODIFY `id` int(11) UNSIGNED NOT NULL AUTO_INCREMENT, AUTO_INCREMENT=26;
--
-- AUTO_INCREMENT for table `restaurant_phone_no`
--
ALTER TABLE `restaurant_phone_no`
  MODIFY `id` int(11) UNSIGNED NOT NULL AUTO_INCREMENT, AUTO_INCREMENT=31;
--
-- AUTO_INCREMENT for table `restaurant_promotional_banner`
--
ALTER TABLE `restaurant_promotional_banner`
  MODIFY `id` int(11) UNSIGNED NOT NULL AUTO_INCREMENT, AUTO_INCREMENT=12;
--
-- AUTO_INCREMENT for table `restaurant_selected_tags`
--
ALTER TABLE `restaurant_selected_tags`
  MODIFY `id` int(11) NOT NULL AUTO_INCREMENT, AUTO_INCREMENT=42;
--
-- AUTO_INCREMENT for table `restaurant_social_acc`
--
ALTER TABLE `restaurant_social_acc`
  MODIFY `id` int(11) UNSIGNED NOT NULL AUTO_INCREMENT, AUTO_INCREMENT=29;
--
-- AUTO_INCREMENT for table `restaurant_timing`
--
ALTER TABLE `restaurant_timing`
  MODIFY `id` int(11) NOT NULL AUTO_INCREMENT, AUTO_INCREMENT=126;
--
-- AUTO_INCREMENT for table `restaurant_user_role`
--
ALTER TABLE `restaurant_user_role`
  MODIFY `id` int(11) UNSIGNED NOT NULL AUTO_INCREMENT, AUTO_INCREMENT=38;
--
-- AUTO_INCREMENT for table `restaurant_website_visit`
--
ALTER TABLE `restaurant_website_visit`
  MODIFY `id` int(11) UNSIGNED NOT NULL AUTO_INCREMENT;
--
-- AUTO_INCREMENT for table `rights`
--
ALTER TABLE `rights`
  MODIFY `id` int(11) NOT NULL AUTO_INCREMENT, AUTO_INCREMENT=87;
--
-- AUTO_INCREMENT for table `socail_account`
--
ALTER TABLE `socail_account`
  MODIFY `id` int(11) NOT NULL AUTO_INCREMENT, AUTO_INCREMENT=5;
--
-- AUTO_INCREMENT for table `users`
--
ALTER TABLE `users`
  MODIFY `id` int(11) UNSIGNED NOT NULL AUTO_INCREMENT, AUTO_INCREMENT=30;
--
-- AUTO_INCREMENT for table `users_groups`
--
ALTER TABLE `users_groups`
  MODIFY `id` int(11) UNSIGNED NOT NULL AUTO_INCREMENT, AUTO_INCREMENT=30;
--
-- AUTO_INCREMENT for table `user_fav_feeds`
--
ALTER TABLE `user_fav_feeds`
  MODIFY `id` int(11) NOT NULL AUTO_INCREMENT, AUTO_INCREMENT=50;
--
-- AUTO_INCREMENT for table `user_fav_restaurant`
--
ALTER TABLE `user_fav_restaurant`
  MODIFY `id` int(11) NOT NULL AUTO_INCREMENT, AUTO_INCREMENT=36;
--
-- AUTO_INCREMENT for table `user_friend_list`
--
ALTER TABLE `user_friend_list`
  MODIFY `id` int(11) NOT NULL AUTO_INCREMENT, AUTO_INCREMENT=73;
--
-- AUTO_INCREMENT for table `user_friend_request`
--
ALTER TABLE `user_friend_request`
  MODIFY `id` int(11) NOT NULL AUTO_INCREMENT, AUTO_INCREMENT=64;
--
-- AUTO_INCREMENT for table `user_ignore_list`
--
ALTER TABLE `user_ignore_list`
  MODIFY `id` int(11) NOT NULL AUTO_INCREMENT;
--
-- AUTO_INCREMENT for table `user_menu_categories`
--
ALTER TABLE `user_menu_categories`
  MODIFY `id` int(11) NOT NULL AUTO_INCREMENT, AUTO_INCREMENT=10;
--
-- AUTO_INCREMENT for table `user_preference`
--
ALTER TABLE `user_preference`
  MODIFY `id` int(11) NOT NULL AUTO_INCREMENT, AUTO_INCREMENT=16;
--
-- AUTO_INCREMENT for table `user_rights`
--
ALTER TABLE `user_rights`
  MODIFY `id` int(11) NOT NULL AUTO_INCREMENT, AUTO_INCREMENT=226;
--
-- AUTO_INCREMENT for table `user_selected_tags`
--
ALTER TABLE `user_selected_tags`
  MODIFY `id` int(11) NOT NULL AUTO_INCREMENT, AUTO_INCREMENT=105;
--
-- AUTO_INCREMENT for table `user_type`
--
ALTER TABLE `user_type`
  MODIFY `id` int(11) NOT NULL AUTO_INCREMENT;
--
-- AUTO_INCREMENT for table `user_visited_places`
--
ALTER TABLE `user_visited_places`
  MODIFY `id` int(11) NOT NULL AUTO_INCREMENT, AUTO_INCREMENT=15;
--
-- Constraints for dumped tables
--

--
-- Constraints for table `feedback`
--
ALTER TABLE `feedback`
  ADD CONSTRAINT `feedback_user_key` FOREIGN KEY (`user_id`) REFERENCES `users` (`id`) ON DELETE CASCADE ON UPDATE CASCADE;

--
-- Constraints for table `feeds`
--
ALTER TABLE `feeds`
  ADD CONSTRAINT `feed_user_key` FOREIGN KEY (`user_id`) REFERENCES `users` (`id`) ON DELETE CASCADE ON UPDATE CASCADE;

--
-- Constraints for table `feed_comments`
--
ALTER TABLE `feed_comments`
  ADD CONSTRAINT `feed_com_feed_key` FOREIGN KEY (`feed_id`) REFERENCES `feeds` (`id`) ON DELETE CASCADE ON UPDATE CASCADE,
  ADD CONSTRAINT `feed_com_user_key` FOREIGN KEY (`user_id`) REFERENCES `users` (`id`) ON DELETE CASCADE ON UPDATE CASCADE;

--
-- Constraints for table `feed_comments_details`
--
ALTER TABLE `feed_comments_details`
  ADD CONSTRAINT `feed_det_com_key` FOREIGN KEY (`comment_id`) REFERENCES `feed_comments` (`id`) ON DELETE CASCADE ON UPDATE CASCADE,
  ADD CONSTRAINT `feed_det_user_key` FOREIGN KEY (`user_id`) REFERENCES `users` (`id`) ON DELETE CASCADE ON UPDATE CASCADE;

--
-- Constraints for table `feed_details`
--
ALTER TABLE `feed_details`
  ADD CONSTRAINT `feed_details_feed_key` FOREIGN KEY (`feed_id`) REFERENCES `feeds` (`id`) ON DELETE CASCADE ON UPDATE CASCADE,
  ADD CONSTRAINT `feed_details_user_key` FOREIGN KEY (`user_id`) REFERENCES `users` (`id`) ON DELETE CASCADE ON UPDATE CASCADE;

--
-- Constraints for table `feed_images`
--
ALTER TABLE `feed_images`
  ADD CONSTRAINT `feed_img_feed_key` FOREIGN KEY (`feed_id`) REFERENCES `feeds` (`id`) ON DELETE CASCADE ON UPDATE CASCADE;

--
-- Constraints for table `feed_tags`
--
ALTER TABLE `feed_tags`
  ADD CONSTRAINT `feed_tag_branch_key` FOREIGN KEY (`restaurant_id`) REFERENCES `restaurant_branches` (`id`) ON DELETE CASCADE ON UPDATE CASCADE,
  ADD CONSTRAINT `feed_tag_feed_key` FOREIGN KEY (`feed_id`) REFERENCES `feeds` (`id`) ON DELETE CASCADE ON UPDATE CASCADE;

--
-- Constraints for table `promotions`
--
ALTER TABLE `promotions`
  ADD CONSTRAINT `promo_item_key` FOREIGN KEY (`item_id`) REFERENCES `restaurant_menu_items` (`id`) ON DELETE CASCADE ON UPDATE CASCADE,
  ADD CONSTRAINT `promo_rest_key` FOREIGN KEY (`restaurant_id`) REFERENCES `restaurant` (`id`) ON DELETE CASCADE ON UPDATE CASCADE;

--
-- Constraints for table `restaurant_branches`
--
ALTER TABLE `restaurant_branches`
  ADD CONSTRAINT `branches_rest_key` FOREIGN KEY (`restaurant_id`) REFERENCES `restaurant` (`id`) ON DELETE CASCADE ON UPDATE CASCADE;

--
-- Constraints for table `restaurant_comments`
--
ALTER TABLE `restaurant_comments`
  ADD CONSTRAINT `rest_com_rest_key` FOREIGN KEY (`restaurant_id`) REFERENCES `restaurant` (`id`) ON DELETE CASCADE ON UPDATE CASCADE,
  ADD CONSTRAINT `rest_com_user_key` FOREIGN KEY (`user_id`) REFERENCES `users` (`id`) ON DELETE CASCADE ON UPDATE CASCADE;

--
-- Constraints for table `restaurant_comments_details`
--
ALTER TABLE `restaurant_comments_details`
  ADD CONSTRAINT `rest_com_det_com_key` FOREIGN KEY (`comment_id`) REFERENCES `restaurant_comments` (`id`) ON DELETE CASCADE ON UPDATE CASCADE,
  ADD CONSTRAINT `rest_com_det_user_key` FOREIGN KEY (`user_id`) REFERENCES `users` (`id`) ON DELETE CASCADE ON UPDATE CASCADE;

--
-- Constraints for table `restaurant_cuisine_type`
--
ALTER TABLE `restaurant_cuisine_type`
  ADD CONSTRAINT `rest_cusine_rest_key` FOREIGN KEY (`restaurant_id`) REFERENCES `restaurant` (`id`) ON DELETE CASCADE ON UPDATE CASCADE,
  ADD CONSTRAINT `rest_cusine_type_key` FOREIGN KEY (`cuisine_type_id`) REFERENCES `cuisine_type` (`id`) ON DELETE CASCADE ON UPDATE CASCADE;

--
-- Constraints for table `restaurant_email`
--
ALTER TABLE `restaurant_email`
  ADD CONSTRAINT `email_rest_key` FOREIGN KEY (`restaurant_id`) REFERENCES `restaurant` (`id`) ON DELETE CASCADE ON UPDATE CASCADE;

--
-- Constraints for table `restaurant_menu`
--
ALTER TABLE `restaurant_menu`
  ADD CONSTRAINT `rest_menu_cat_key` FOREIGN KEY (`category_id`) REFERENCES `user_menu_categories` (`id`) ON DELETE CASCADE ON UPDATE CASCADE,
  ADD CONSTRAINT `rest_menu_rest_key` FOREIGN KEY (`restaurant_id`) REFERENCES `restaurant` (`id`) ON DELETE CASCADE ON UPDATE CASCADE;

--
-- Constraints for table `restaurant_menu_images`
--
ALTER TABLE `restaurant_menu_images`
  ADD CONSTRAINT `rest_menu_image_item_key` FOREIGN KEY (`item_id`) REFERENCES `restaurant_menu_items` (`id`) ON DELETE CASCADE ON UPDATE CASCADE;

--
-- Constraints for table `restaurant_menu_items`
--
ALTER TABLE `restaurant_menu_items`
  ADD CONSTRAINT `rest_menu_items_menu_key` FOREIGN KEY (`menu_id`) REFERENCES `restaurant_menu` (`id`) ON DELETE CASCADE ON UPDATE CASCADE;

--
-- Constraints for table `restaurant_menu_item_rating`
--
ALTER TABLE `restaurant_menu_item_rating`
  ADD CONSTRAINT `item_rate_item_key` FOREIGN KEY (`item_id`) REFERENCES `restaurant_menu_items` (`id`) ON DELETE CASCADE ON UPDATE CASCADE,
  ADD CONSTRAINT `item_rate_user_key` FOREIGN KEY (`user_id`) REFERENCES `users` (`id`) ON DELETE CASCADE ON UPDATE CASCADE;

--
-- Constraints for table `restaurant_mobile_no`
--
ALTER TABLE `restaurant_mobile_no`
  ADD CONSTRAINT `mobile_rest_key` FOREIGN KEY (`restaurant_id`) REFERENCES `restaurant` (`id`) ON DELETE CASCADE ON UPDATE CASCADE;

--
-- Constraints for table `restaurant_page_share`
--
ALTER TABLE `restaurant_page_share`
  ADD CONSTRAINT `page_share_rest_key` FOREIGN KEY (`restaurant_id`) REFERENCES `restaurant` (`id`) ON DELETE CASCADE ON UPDATE CASCADE;

--
-- Constraints for table `restaurant_page_visit`
--
ALTER TABLE `restaurant_page_visit`
  ADD CONSTRAINT `page_vist_rest_key` FOREIGN KEY (`restaurant_id`) REFERENCES `restaurant` (`id`) ON DELETE CASCADE ON UPDATE CASCADE;

--
-- Constraints for table `restaurant_payment_methods`
--
ALTER TABLE `restaurant_payment_methods`
  ADD CONSTRAINT `rest_payment_key` FOREIGN KEY (`payment_method_id`) REFERENCES `payment_method` (`id`) ON DELETE CASCADE ON UPDATE CASCADE,
  ADD CONSTRAINT `rest_payment_rest_key` FOREIGN KEY (`restaurant_id`) REFERENCES `restaurant` (`id`) ON DELETE CASCADE ON UPDATE CASCADE;

--
-- Constraints for table `restaurant_phone_no`
--
ALTER TABLE `restaurant_phone_no`
  ADD CONSTRAINT `phone_rest_key` FOREIGN KEY (`restaurant_id`) REFERENCES `restaurant` (`id`) ON DELETE CASCADE ON UPDATE CASCADE;

--
-- Constraints for table `restaurant_promotional_banner`
--
ALTER TABLE `restaurant_promotional_banner`
  ADD CONSTRAINT `rest_promotion_rest_key` FOREIGN KEY (`restaurant_id`) REFERENCES `restaurant` (`id`) ON DELETE CASCADE ON UPDATE CASCADE;

--
-- Constraints for table `restaurant_selected_tags`
--
ALTER TABLE `restaurant_selected_tags`
  ADD CONSTRAINT `rest_tags_rest_id` FOREIGN KEY (`restaurant_id`) REFERENCES `restaurant` (`id`) ON DELETE CASCADE ON UPDATE CASCADE;

--
-- Constraints for table `restaurant_social_acc`
--
ALTER TABLE `restaurant_social_acc`
  ADD CONSTRAINT `rest_social_key` FOREIGN KEY (`social_acc_id`) REFERENCES `socail_account` (`id`) ON DELETE CASCADE ON UPDATE CASCADE,
  ADD CONSTRAINT `rest_social_rest_key` FOREIGN KEY (`restaurant_id`) REFERENCES `restaurant` (`id`) ON DELETE CASCADE ON UPDATE CASCADE;

--
-- Constraints for table `restaurant_timing`
--
ALTER TABLE `restaurant_timing`
  ADD CONSTRAINT `rest_timing_rest_key` FOREIGN KEY (`restaurant_id`) REFERENCES `restaurant` (`id`) ON DELETE CASCADE ON UPDATE CASCADE;

--
-- Constraints for table `restaurant_user_role`
--
ALTER TABLE `restaurant_user_role`
  ADD CONSTRAINT `rest_role_key` FOREIGN KEY (`role_id`) REFERENCES `groups` (`id`) ON DELETE CASCADE ON UPDATE CASCADE,
  ADD CONSTRAINT `rest_role_rest_key` FOREIGN KEY (`restaurant_id`) REFERENCES `restaurant` (`id`) ON DELETE CASCADE ON UPDATE CASCADE,
  ADD CONSTRAINT `rest_role_user_key` FOREIGN KEY (`user_id`) REFERENCES `users` (`id`) ON DELETE CASCADE ON UPDATE CASCADE;

--
-- Constraints for table `restaurant_website_visit`
--
ALTER TABLE `restaurant_website_visit`
  ADD CONSTRAINT `webiste_vist_rest_key` FOREIGN KEY (`restaurant_id`) REFERENCES `restaurant` (`id`) ON DELETE CASCADE ON UPDATE CASCADE;

/*!40101 SET CHARACTER_SET_CLIENT=@OLD_CHARACTER_SET_CLIENT */;
/*!40101 SET CHARACTER_SET_RESULTS=@OLD_CHARACTER_SET_RESULTS */;
/*!40101 SET COLLATION_CONNECTION=@OLD_COLLATION_CONNECTION */;
